Date,Month,Day,hour,Temp,RH%,Gastrotheca chrysosticta,Oreobates berdemenos,DateTime
2018-09-02,9,245,0,4.553,100.0,0,0,2018-09-02 00:00:00
2018-09-02,9,245,1,4.051,100.0,0,0,2018-09-02 01:00:00
2018-09-02,9,245,2,4.553,100.0,0,0,2018-09-02 02:00:00
2018-09-02,9,245,3,3.55,100.0,0,0,2018-09-02 03:00:00
2018-09-02,9,245,4,3.048,100.0,0,0,2018-09-02 04:00:00
2018-09-02,9,245,5,2.547,100.0,0,0,2018-09-02 05:00:00
2018-09-02,9,245,6,2.547,100.0,0,0,2018-09-02 06:00:00
2018-09-02,9,245,7,2.547,100.0,0,0,2018-09-02 07:00:00
2018-09-02,9,245,8,3.048,100.0,0,0,2018-09-02 08:00:00
2018-09-02,9,245,9,3.048,100.0,0,0,2018-09-02 09:00:00
2018-09-02,9,245,10,4.553,100.0,0,0,2018-09-02 10:00:00
2018-09-02,9,245,11,7.561,100.0,0,0,2018-09-02 11:00:00
2018-09-02,9,245,12,10.067,94.671,0,0,2018-09-02 12:00:00
2018-09-02,9,245,13,12.071,70.843,0,0,2018-09-02 13:00:00
2018-09-02,9,245,14,12.071,68.558,0,0,2018-09-02 14:00:00
2018-09-02,9,245,15,13.073,63.906,0,0,2018-09-02 15:00:00
2018-09-02,9,245,16,13.574,64.493,0,0,2018-09-02 16:00:00
2018-09-02,9,245,17,13.574,60.942,0,0,2018-09-02 17:00:00
2018-09-02,9,245,18,12.572,62.726,0,0,2018-09-02 18:00:00
2018-09-02,9,245,19,11.57,75.332,0,0,2018-09-02 19:00:00
2018-09-02,9,245,20,9.566,82.924,1,0,2018-09-02 20:00:00
2018-09-02,9,245,21,8.564,86.076,0,0,2018-09-02 21:00:00
2018-09-02,9,245,22,7.561,88.655,0,0,2018-09-02 22:00:00
2018-09-02,9,245,23,7.561,86.595,1,0,2018-09-02 23:00:00
2018-09-03,9,246,0,7.06,90.687,0,0,2018-09-03 00:00:00
2018-09-03,9,246,1,7.06,92.194,1,0,2018-09-03 01:00:00
2018-09-03,9,246,2,6.559,93.19,1,0,2018-09-03 02:00:00
2018-09-03,9,246,3,6.057,95.161,0,0,2018-09-03 03:00:00
2018-09-03,9,246,4,6.057,95.65,0,0,2018-09-03 04:00:00
2018-09-03,9,246,5,6.057,94.671,0,0,2018-09-03 05:00:00
2018-09-03,9,246,6,5.556,97.105,0,0,2018-09-03 06:00:00
2018-09-03,9,246,7,5.556,95.65,0,0,2018-09-03 07:00:00
2018-09-03,9,246,8,6.057,95.161,0,0,2018-09-03 08:00:00
2018-09-03,9,246,9,6.057,93.685,0,0,2018-09-03 09:00:00
2018-09-03,9,246,10,8.062,89.165,0,0,2018-09-03 10:00:00
2018-09-03,9,246,11,12.572,72.539,0,0,2018-09-03 11:00:00
2018-09-03,9,246,12,15.076,66.246,0,0,2018-09-03 12:00:00
2018-09-03,9,246,13,19.582,54.888,0,0,2018-09-03 13:00:00
2018-09-03,9,246,14,18.581,47.397,0,0,2018-09-03 14:00:00
2018-09-03,9,246,15,18.581,46.125,0,0,2018-09-03 15:00:00
2018-09-03,9,246,16,19.081,47.397,0,0,2018-09-03 16:00:00
2018-09-03,9,246,17,18.581,49.293,0,0,2018-09-03 17:00:00
2018-09-03,9,246,18,18.581,51.797,0,0,2018-09-03 18:00:00
2018-09-03,9,246,19,16.078,63.316,0,0,2018-09-03 19:00:00
2018-09-03,9,246,20,13.574,70.843,1,0,2018-09-03 20:00:00
2018-09-03,9,246,21,12.572,75.885,2,0,2018-09-03 21:00:00
2018-09-03,9,246,22,11.57,78.627,2,0,2018-09-03 22:00:00
2018-09-03,9,246,23,11.069,78.627,0,0,2018-09-03 23:00:00
2018-09-04,9,247,0,10.067,79.17,0,0,2018-09-04 00:00:00
2018-09-04,9,247,1,9.566,76.437,1,0,2018-09-04 01:00:00
2018-09-04,9,247,2,9.065,82.924,0,0,2018-09-04 02:00:00
2018-09-04,9,247,3,9.065,81.325,0,0,2018-09-04 03:00:00
2018-09-04,9,247,4,8.564,82.924,0,0,2018-09-04 04:00:00
2018-09-04,9,247,5,8.062,85.555,0,0,2018-09-04 05:00:00
2018-09-04,9,247,6,8.062,85.032,0,0,2018-09-04 06:00:00
2018-09-04,9,247,7,8.062,81.86,0,0,2018-09-04 07:00:00
2018-09-04,9,247,8,8.062,82.393,0,0,2018-09-04 08:00:00
2018-09-04,9,247,9,8.564,82.393,0,0,2018-09-04 09:00:00
2018-09-04,9,247,10,10.067,73.662,0,0,2018-09-04 10:00:00
2018-09-04,9,247,11,14.075,62.726,0,0,2018-09-04 11:00:00
2018-09-04,9,247,12,17.079,56.722,0,0,2018-09-04 12:00:00
2018-09-04,9,247,13,19.081,47.397,0,0,2018-09-04 13:00:00
2018-09-04,9,247,14,18.581,45.486,0,0,2018-09-04 14:00:00
2018-09-04,9,247,15,19.081,44.204,0,0,2018-09-04 15:00:00
2018-09-04,9,247,16,19.081,46.762,0,0,2018-09-04 16:00:00
2018-09-04,9,247,17,19.081,46.762,0,0,2018-09-04 17:00:00
2018-09-04,9,247,18,18.581,48.663,0,0,2018-09-04 18:00:00
2018-09-04,9,247,19,16.578,64.493,0,0,2018-09-04 19:00:00
2018-09-04,9,247,20,14.075,65.079,1,0,2018-09-04 20:00:00
2018-09-04,9,247,21,13.574,70.275,1,0,2018-09-04 21:00:00
2018-09-04,9,247,22,13.073,71.976,0,0,2018-09-04 22:00:00
2018-09-04,9,247,23,12.071,74.22,1,0,2018-09-04 23:00:00
2018-09-05,9,248,0,11.57,78.627,0,0,2018-09-05 00:00:00
2018-09-05,9,248,1,11.57,78.082,0,0,2018-09-05 01:00:00
2018-09-05,9,248,2,11.069,78.627,0,0,2018-09-05 02:00:00
2018-09-05,9,248,3,10.568,81.325,0,0,2018-09-05 03:00:00
2018-09-05,9,248,4,10.568,79.711,0,0,2018-09-05 04:00:00
2018-09-05,9,248,5,10.067,82.393,0,0,2018-09-05 05:00:00
2018-09-05,9,248,6,10.067,83.981,1,0,2018-09-05 06:00:00
2018-09-05,9,248,7,9.566,86.076,1,0,2018-09-05 07:00:00
2018-09-05,9,248,8,9.566,87.628,0,0,2018-09-05 08:00:00
2018-09-05,9,248,9,11.069,81.325,0,0,2018-09-05 09:00:00
2018-09-05,9,248,10,12.572,74.22,0,0,2018-09-05 10:00:00
2018-09-05,9,248,11,16.578,63.316,0,0,2018-09-05 11:00:00
2018-09-05,9,248,12,19.081,56.722,0,0,2018-09-05 12:00:00
2018-09-05,9,248,13,22.083,42.267,0,0,2018-09-05 13:00:00
2018-09-05,9,248,14,21.083,39.005,0,0,2018-09-05 14:00:00
2018-09-05,9,248,15,21.583,35.7,0,0,2018-09-05 15:00:00
2018-09-05,9,248,16,21.583,37.027,0,0,2018-09-05 16:00:00
2018-09-05,9,248,17,23.584,36.365,0,0,2018-09-05 17:00:00
2018-09-05,9,248,18,22.583,38.348,0,0,2018-09-05 18:00:00
2018-09-05,9,248,19,20.082,50.548,0,0,2018-09-05 19:00:00
2018-09-05,9,248,20,17.58,53.657,1,0,2018-09-05 20:00:00
2018-09-05,9,248,21,16.578,59.144,0,0,2018-09-05 21:00:00
2018-09-05,9,248,22,15.577,63.316,0,0,2018-09-05 22:00:00
2018-09-05,9,248,23,15.076,63.316,0,0,2018-09-05 23:00:00
2018-09-06,9,249,0,14.576,63.316,0,0,2018-09-06 00:00:00
2018-09-06,9,249,1,14.075,66.246,0,0,2018-09-06 01:00:00
2018-09-06,9,249,2,13.574,69.704,0,0,2018-09-06 02:00:00
2018-09-06,9,249,3,13.073,71.41,0,0,2018-09-06 03:00:00
2018-09-06,9,249,4,13.574,66.826,0,0,2018-09-06 04:00:00
2018-09-06,9,249,5,12.572,70.275,0,0,2018-09-06 05:00:00
2018-09-06,9,249,6,12.071,73.662,0,0,2018-09-06 06:00:00
2018-09-06,9,249,7,12.071,73.662,0,0,2018-09-06 07:00:00
2018-09-06,9,249,8,12.572,68.558,0,0,2018-09-06 08:00:00
2018-09-06,9,249,9,13.073,69.132,0,0,2018-09-06 09:00:00
2018-09-06,9,249,10,15.076,59.745,0,0,2018-09-06 10:00:00
2018-09-06,9,249,11,19.081,49.921,0,0,2018-09-06 11:00:00
2018-09-06,9,249,12,22.083,45.486,0,0,2018-09-06 12:00:00
2018-09-06,9,249,13,25.084,35.7,0,0,2018-09-06 13:00:00
2018-09-06,9,249,14,23.584,37.688,0,0,2018-09-06 14:00:00
2018-09-06,9,249,15,24.084,39.005,0,0,2018-09-06 15:00:00
2018-09-06,9,249,16,23.584,37.688,0,0,2018-09-06 16:00:00
2018-09-06,9,249,17,24.084,36.365,0,0,2018-09-06 17:00:00
2018-09-06,9,249,18,23.084,44.204,0,0,2018-09-06 18:00:00
2018-09-06,9,249,19,21.083,50.548,0,0,2018-09-06 19:00:00
2018-09-06,9,249,20,18.581,57.33,1,0,2018-09-06 20:00:00
2018-09-06,9,249,21,17.58,59.745,1,0,2018-09-06 21:00:00
2018-09-06,9,249,22,17.079,63.906,0,0,2018-09-06 22:00:00
2018-09-06,9,249,23,16.578,60.942,0,0,2018-09-06 23:00:00
2018-09-07,9,250,0,16.078,61.539,0,0,2018-09-07 00:00:00
2018-09-07,9,250,1,15.577,62.133,0,0,2018-09-07 01:00:00
2018-09-07,9,250,2,15.577,63.906,0,0,2018-09-07 02:00:00
2018-09-07,9,250,3,14.576,66.826,0,0,2018-09-07 03:00:00
2018-09-07,9,250,4,14.576,63.906,0,0,2018-09-07 04:00:00
2018-09-07,9,250,5,14.075,64.493,1,0,2018-09-07 05:00:00
2018-09-07,9,250,6,14.075,65.663,0,0,2018-09-07 06:00:00
2018-09-07,9,250,7,13.574,64.493,0,0,2018-09-07 07:00:00
2018-09-07,9,250,8,13.574,63.316,0,0,2018-09-07 08:00:00
2018-09-07,9,250,9,14.576,62.133,0,0,2018-09-07 09:00:00
2018-09-07,9,250,10,16.078,59.745,0,0,2018-09-07 10:00:00
2018-09-07,9,250,11,20.082,53.038,0,0,2018-09-07 11:00:00
2018-09-07,9,250,12,22.583,33.697,0,0,2018-09-07 12:00:00
2018-09-07,9,250,13,26.084,26.221,0,0,2018-09-07 13:00:00
2018-09-07,9,250,14,24.084,28.28,0,0,2018-09-07 14:00:00
2018-09-07,9,250,15,24.584,28.963,0,0,2018-09-07 15:00:00
2018-09-07,9,250,16,24.084,31.002,0,0,2018-09-07 16:00:00
2018-09-07,9,250,17,24.084,33.026,0,0,2018-09-07 17:00:00
2018-09-07,9,250,18,23.084,35.034,0,0,2018-09-07 18:00:00
2018-09-07,9,250,19,20.582,41.618,0,0,2018-09-07 19:00:00
2018-09-07,9,250,20,18.08,41.618,1,0,2018-09-07 20:00:00
2018-09-07,9,250,21,17.58,48.663,1,0,2018-09-07 21:00:00
2018-09-07,9,250,22,16.578,49.921,2,0,2018-09-07 22:00:00
2018-09-07,9,250,23,16.078,57.937,0,0,2018-09-07 23:00:00
2018-09-08,9,251,0,15.577,54.273,0,0,2018-09-08 00:00:00
2018-09-08,9,251,1,15.577,56.113,0,0,2018-09-08 01:00:00
2018-09-08,9,251,2,15.076,55.501,0,0,2018-09-08 02:00:00
2018-09-08,9,251,3,15.076,55.501,0,0,2018-09-08 03:00:00
2018-09-08,9,251,4,14.576,59.144,0,0,2018-09-08 04:00:00
2018-09-08,9,251,5,14.075,58.541,0,0,2018-09-08 05:00:00
2018-09-08,9,251,6,14.075,62.133,0,0,2018-09-08 06:00:00
2018-09-08,9,251,7,14.075,56.722,0,0,2018-09-08 07:00:00
2018-09-08,9,251,8,14.075,57.33,0,0,2018-09-08 08:00:00
2018-09-08,9,251,9,14.576,56.722,0,0,2018-09-08 09:00:00
2018-09-08,9,251,10,17.079,51.173,0,0,2018-09-08 10:00:00
2018-09-08,9,251,11,20.082,41.618,0,0,2018-09-08 11:00:00
2018-09-08,9,251,12,22.083,34.367,0,0,2018-09-08 12:00:00
2018-09-08,9,251,13,23.084,31.002,0,0,2018-09-08 13:00:00
2018-09-08,9,251,14,23.084,33.697,0,0,2018-09-08 14:00:00
2018-09-08,9,251,15,23.584,35.034,0,0,2018-09-08 15:00:00
2018-09-08,9,251,16,23.584,35.034,0,0,2018-09-08 16:00:00
2018-09-08,9,251,17,23.084,37.027,0,0,2018-09-08 17:00:00
2018-09-08,9,251,18,22.583,35.7,0,0,2018-09-08 18:00:00
2018-09-08,9,251,19,20.582,41.618,1,0,2018-09-08 19:00:00
2018-09-08,9,251,20,18.581,45.486,2,0,2018-09-08 20:00:00
2018-09-08,9,251,21,17.58,49.293,2,0,2018-09-08 21:00:00
2018-09-08,9,251,22,16.578,53.657,1,0,2018-09-08 22:00:00
2018-09-08,9,251,23,16.578,55.501,2,0,2018-09-08 23:00:00
2018-09-09,9,252,0,16.078,51.797,0,0,2018-09-09 00:00:00
2018-09-09,9,252,1,15.577,54.273,0,0,2018-09-09 01:00:00
2018-09-09,9,252,2,15.577,54.273,0,0,2018-09-09 02:00:00
2018-09-09,9,252,3,15.577,55.501,0,0,2018-09-09 03:00:00
2018-09-09,9,252,4,15.076,56.113,0,0,2018-09-09 04:00:00
2018-09-09,9,252,5,14.576,59.745,0,0,2018-09-09 05:00:00
2018-09-09,9,252,6,14.576,61.539,0,0,2018-09-09 06:00:00
2018-09-09,9,252,7,14.576,60.345,0,0,2018-09-09 07:00:00
2018-09-09,9,252,8,14.576,60.345,0,0,2018-09-09 08:00:00
2018-09-09,9,252,9,15.577,57.33,0,0,2018-09-09 09:00:00
2018-09-09,9,252,10,17.58,54.888,0,0,2018-09-09 10:00:00
2018-09-09,9,252,11,21.083,40.315,0,0,2018-09-09 11:00:00
2018-09-09,9,252,12,22.083,40.315,0,0,2018-09-09 12:00:00
2018-09-09,9,252,13,23.584,33.026,0,0,2018-09-09 13:00:00
2018-09-09,9,252,14,24.084,31.679,0,0,2018-09-09 14:00:00
2018-09-09,9,252,15,24.584,29.645,0,0,2018-09-09 15:00:00
2018-09-09,9,252,16,24.084,36.365,0,0,2018-09-09 16:00:00
2018-09-09,9,252,17,23.584,39.661,0,0,2018-09-09 17:00:00
2018-09-09,9,252,18,22.583,39.661,0,0,2018-09-09 18:00:00
2018-09-09,9,252,19,21.083,44.846,1,0,2018-09-09 19:00:00
2018-09-09,9,252,20,18.581,49.921,2,0,2018-09-09 20:00:00
2018-09-09,9,252,21,18.08,49.921,3,0,2018-09-09 21:00:00
2018-09-09,9,252,22,17.58,54.273,2,0,2018-09-09 22:00:00
2018-09-09,9,252,23,17.079,57.33,0,0,2018-09-09 23:00:00
2018-09-10,9,253,0,17.079,57.937,0,0,2018-09-10 00:00:00
2018-09-10,9,253,1,17.079,57.937,0,0,2018-09-10 01:00:00
2018-09-10,9,253,2,16.578,57.33,0,0,2018-09-10 02:00:00
2018-09-10,9,253,3,16.078,62.726,0,0,2018-09-10 03:00:00
2018-09-10,9,253,4,15.577,59.144,0,0,2018-09-10 04:00:00
2018-09-10,9,253,5,16.078,56.113,0,0,2018-09-10 05:00:00
2018-09-10,9,253,6,15.076,60.942,0,0,2018-09-10 06:00:00
2018-09-10,9,253,7,15.076,60.345,0,0,2018-09-10 07:00:00
2018-09-10,9,253,8,15.076,62.726,0,0,2018-09-10 08:00:00
2018-09-10,9,253,9,14.576,67.983,0,0,2018-09-10 09:00:00
2018-09-10,9,253,10,15.577,69.132,0,0,2018-09-10 10:00:00
2018-09-10,9,253,11,18.581,53.038,0,0,2018-09-10 11:00:00
2018-09-10,9,253,12,21.083,47.397,0,0,2018-09-10 12:00:00
2018-09-10,9,253,13,22.083,40.967,0,0,2018-09-10 13:00:00
2018-09-10,9,253,14,22.083,42.267,0,0,2018-09-10 14:00:00
2018-09-10,9,253,15,22.083,40.967,0,0,2018-09-10 15:00:00
2018-09-10,9,253,16,22.583,43.56,0,0,2018-09-10 16:00:00
2018-09-10,9,253,17,22.083,47.397,0,0,2018-09-10 17:00:00
2018-09-10,9,253,18,20.582,55.501,0,0,2018-09-10 18:00:00
2018-09-10,9,253,19,19.582,59.144,0,0,2018-09-10 19:00:00
2018-09-10,9,253,20,18.581,62.133,3,0,2018-09-10 20:00:00
2018-09-10,9,253,21,18.08,63.316,3,0,2018-09-10 21:00:00
2018-09-10,9,253,22,18.08,67.405,2,0,2018-09-10 22:00:00
2018-09-10,9,253,23,17.58,69.132,3,0,2018-09-10 23:00:00
2018-09-11,9,254,0,17.079,68.558,2,0,2018-09-11 00:00:00
2018-09-11,9,254,1,16.078,78.082,3,0,2018-09-11 01:00:00
2018-09-11,9,254,2,16.078,72.539,3,0,2018-09-11 02:00:00
2018-09-11,9,254,3,15.076,78.082,3,0,2018-09-11 03:00:00
2018-09-11,9,254,4,14.075,81.325,3,0,2018-09-11 04:00:00
2018-09-11,9,254,5,14.075,84.508,3,0,2018-09-11 05:00:00
2018-09-11,9,254,6,13.574,85.555,2,0,2018-09-11 06:00:00
2018-09-11,9,254,7,13.073,86.595,0,0,2018-09-11 07:00:00
2018-09-11,9,254,8,13.073,88.142,0,0,2018-09-11 08:00:00
2018-09-11,9,254,9,13.574,87.112,0,0,2018-09-11 09:00:00
2018-09-11,9,254,10,15.076,80.251,0,0,2018-09-11 10:00:00
2018-09-11,9,254,11,18.581,71.41,0,0,2018-09-11 11:00:00
2018-09-11,9,254,12,20.082,64.493,0,0,2018-09-11 12:00:00
2018-09-11,9,254,13,21.083,54.273,0,0,2018-09-11 13:00:00
2018-09-11,9,254,14,22.083,48.663,0,0,2018-09-11 14:00:00
2018-09-11,9,254,15,22.583,49.921,0,0,2018-09-11 15:00:00
2018-09-11,9,254,16,22.083,54.273,0,0,2018-09-11 16:00:00
2018-09-11,9,254,17,21.083,57.33,0,0,2018-09-11 17:00:00
2018-09-11,9,254,18,20.582,60.942,0,0,2018-09-11 18:00:00
2018-09-11,9,254,19,19.582,66.246,0,0,2018-09-11 19:00:00
2018-09-11,9,254,20,19.081,65.663,3,0,2018-09-11 20:00:00
2018-09-11,9,254,21,18.581,65.663,3,0,2018-09-11 21:00:00
2018-09-11,9,254,22,17.58,69.132,3,0,2018-09-11 22:00:00
2018-09-11,9,254,23,17.58,70.843,3,0,2018-09-11 23:00:00
2018-09-12,9,255,0,17.079,73.101,2,0,2018-09-12 00:00:00
2018-09-12,9,255,1,16.578,74.777,2,0,2018-09-12 01:00:00
2018-09-12,9,255,2,15.577,78.082,1,0,2018-09-12 02:00:00
2018-09-12,9,255,3,15.076,77.535,1,0,2018-09-12 03:00:00
2018-09-12,9,255,4,15.076,80.251,2,0,2018-09-12 04:00:00
2018-09-12,9,255,5,14.576,80.789,1,0,2018-09-12 05:00:00
2018-09-12,9,255,6,14.576,80.251,0,0,2018-09-12 06:00:00
2018-09-12,9,255,7,14.075,81.86,0,0,2018-09-12 07:00:00
2018-09-12,9,255,8,14.075,82.924,0,0,2018-09-12 08:00:00
2018-09-12,9,255,9,15.076,79.17,0,0,2018-09-12 09:00:00
2018-09-12,9,255,10,16.578,76.437,0,0,2018-09-12 10:00:00
2018-09-12,9,255,11,20.082,62.133,0,0,2018-09-12 11:00:00
2018-09-12,9,255,12,21.583,53.038,0,0,2018-09-12 12:00:00
2018-09-12,9,255,13,23.084,48.663,0,0,2018-09-12 13:00:00
2018-09-12,9,255,14,23.084,48.663,0,0,2018-09-12 14:00:00
2018-09-12,9,255,15,23.584,46.762,0,0,2018-09-12 15:00:00
2018-09-12,9,255,16,23.084,50.548,0,0,2018-09-12 16:00:00
2018-09-12,9,255,17,23.084,48.663,0,0,2018-09-12 17:00:00
2018-09-12,9,255,18,22.083,50.548,0,0,2018-09-12 18:00:00
2018-09-12,9,255,19,19.582,60.942,0,0,2018-09-12 19:00:00
2018-09-12,9,255,20,19.081,62.133,3,0,2018-09-12 20:00:00
2018-09-12,9,255,21,19.081,62.133,3,0,2018-09-12 21:00:00
2018-09-12,9,255,22,18.581,65.663,2,0,2018-09-12 22:00:00
2018-09-12,9,255,23,16.078,89.674,2,0,2018-09-12 23:00:00
2018-09-13,9,256,0,15.076,96.621,3,0,2018-09-13 00:00:00
2018-09-13,9,256,1,14.576,97.105,3,0,2018-09-13 01:00:00
2018-09-13,9,256,2,14.576,98.067,3,0,2018-09-13 02:00:00
2018-09-13,9,256,3,14.576,98.067,3,0,2018-09-13 03:00:00
2018-09-13,9,256,4,14.576,98.545,3,0,2018-09-13 04:00:00
2018-09-13,9,256,5,14.576,97.587,3,0,2018-09-13 05:00:00
2018-09-13,9,256,6,14.576,97.587,3,0,2018-09-13 06:00:00
2018-09-13,9,256,7,14.075,97.105,0,0,2018-09-13 07:00:00
2018-09-13,9,256,8,14.075,97.587,0,0,2018-09-13 08:00:00
2018-09-13,9,256,9,15.076,96.136,0,0,2018-09-13 09:00:00
2018-09-13,9,256,10,15.577,93.685,0,0,2018-09-13 10:00:00
2018-09-13,9,256,11,17.079,91.191,0,0,2018-09-13 11:00:00
2018-09-13,9,256,12,17.079,85.032,0,0,2018-09-13 12:00:00
2018-09-13,9,256,13,17.58,84.508,0,0,2018-09-13 13:00:00
2018-09-13,9,256,14,17.079,82.393,0,0,2018-09-13 14:00:00
2018-09-13,9,256,15,16.578,85.555,0,0,2018-09-13 15:00:00
2018-09-13,9,256,16,16.078,89.674,0,0,2018-09-13 16:00:00
2018-09-13,9,256,17,15.577,88.655,0,0,2018-09-13 17:00:00
2018-09-13,9,256,18,14.576,94.671,0,0,2018-09-13 18:00:00
2018-09-13,9,256,19,14.075,97.587,2,0,2018-09-13 19:00:00
2018-09-13,9,256,20,13.574,99.021,3,0,2018-09-13 20:00:00
2018-09-13,9,256,21,13.574,98.545,3,0,2018-09-13 21:00:00
2018-09-13,9,256,22,13.073,99.97,3,0,2018-09-13 22:00:00
2018-09-13,9,256,23,13.073,99.021,3,0,2018-09-13 23:00:00
2018-09-14,9,257,0,13.073,99.496,3,0,2018-09-14 00:00:00
2018-09-14,9,257,1,13.073,99.496,3,0,2018-09-14 01:00:00
2018-09-14,9,257,2,13.073,99.496,3,0,2018-09-14 02:00:00
2018-09-14,9,257,3,13.073,100.0,3,0,2018-09-14 03:00:00
2018-09-14,9,257,4,13.073,99.97,3,0,2018-09-14 04:00:00
2018-09-14,9,257,5,13.073,100.0,2,0,2018-09-14 05:00:00
2018-09-14,9,257,6,12.572,100.0,2,0,2018-09-14 06:00:00
2018-09-14,9,257,7,12.572,100.0,0,0,2018-09-14 07:00:00
2018-09-14,9,257,8,12.572,100.0,0,0,2018-09-14 08:00:00
2018-09-14,9,257,9,12.572,100.0,0,0,2018-09-14 09:00:00
2018-09-14,9,257,10,11.57,100.0,0,0,2018-09-14 10:00:00
2018-09-14,9,257,11,11.57,100.0,0,0,2018-09-14 11:00:00
2018-09-14,9,257,12,11.57,100.0,0,0,2018-09-14 12:00:00
2018-09-14,9,257,13,11.57,100.0,0,0,2018-09-14 13:00:00
2018-09-14,9,257,14,11.57,100.0,0,0,2018-09-14 14:00:00
2018-09-14,9,257,15,11.57,99.021,0,0,2018-09-14 15:00:00
2018-09-14,9,257,16,11.57,100.0,0,0,2018-09-14 16:00:00
2018-09-14,9,257,17,11.57,100.0,0,0,2018-09-14 17:00:00
2018-09-14,9,257,18,11.57,100.0,0,0,2018-09-14 18:00:00
2018-09-14,9,257,19,11.57,100.0,0,0,2018-09-14 19:00:00
2018-09-14,9,257,20,11.57,100.0,2,0,2018-09-14 20:00:00
2018-09-14,9,257,21,11.57,100.0,3,0,2018-09-14 21:00:00
2018-09-14,9,257,22,11.57,100.0,3,0,2018-09-14 22:00:00
2018-09-14,9,257,23,11.57,100.0,3,0,2018-09-14 23:00:00
2018-09-15,9,258,0,11.57,100.0,3,0,2018-09-15 00:00:00
2018-09-15,9,258,1,11.57,100.0,2,0,2018-09-15 01:00:00
2018-09-15,9,258,2,11.57,100.0,3,0,2018-09-15 02:00:00
2018-09-15,9,258,3,11.57,100.0,1,0,2018-09-15 03:00:00
2018-09-15,9,258,4,11.57,100.0,1,0,2018-09-15 04:00:00
2018-09-15,9,258,5,11.069,100.0,2,0,2018-09-15 05:00:00
2018-09-15,9,258,6,11.069,100.0,0,0,2018-09-15 06:00:00
2018-09-15,9,258,7,11.57,100.0,0,0,2018-09-15 07:00:00
2018-09-15,9,258,8,11.57,100.0,0,0,2018-09-15 08:00:00
2018-09-15,9,258,9,11.57,100.0,0,0,2018-09-15 09:00:00
2018-09-15,9,258,10,12.572,100.0,0,0,2018-09-15 10:00:00
2018-09-15,9,258,11,13.073,100.0,0,0,2018-09-15 11:00:00
2018-09-15,9,258,12,14.576,99.496,0,0,2018-09-15 12:00:00
2018-09-15,9,258,13,16.578,82.924,0,0,2018-09-15 13:00:00
2018-09-15,9,258,14,16.578,85.032,0,0,2018-09-15 14:00:00
2018-09-15,9,258,15,17.079,82.393,0,0,2018-09-15 15:00:00
2018-09-15,9,258,16,17.079,80.251,0,0,2018-09-15 16:00:00
2018-09-15,9,258,17,17.079,81.86,0,0,2018-09-15 17:00:00
2018-09-15,9,258,18,16.578,86.076,0,0,2018-09-15 18:00:00
2018-09-15,9,258,19,15.577,94.179,0,0,2018-09-15 19:00:00
2018-09-15,9,258,20,15.076,95.161,2,0,2018-09-15 20:00:00
2018-09-15,9,258,21,14.576,97.105,1,0,2018-09-15 21:00:00
2018-09-15,9,258,22,14.075,96.621,2,0,2018-09-15 22:00:00
2018-09-15,9,258,23,14.075,97.105,1,0,2018-09-15 23:00:00
2018-09-16,9,259,0,14.075,98.067,1,0,2018-09-16 00:00:00
2018-09-16,9,259,1,14.075,97.587,1,0,2018-09-16 01:00:00
2018-09-16,9,259,2,14.075,98.545,1,0,2018-09-16 02:00:00
2018-09-16,9,259,3,14.075,98.545,1,0,2018-09-16 03:00:00
2018-09-16,9,259,4,13.574,98.067,1,0,2018-09-16 04:00:00
2018-09-16,9,259,5,13.073,98.545,2,0,2018-09-16 05:00:00
2018-09-16,9,259,6,12.572,98.545,1,0,2018-09-16 06:00:00
2018-09-16,9,259,7,12.071,98.545,0,0,2018-09-16 07:00:00
2018-09-16,9,259,8,12.071,99.97,0,0,2018-09-16 08:00:00
2018-09-16,9,259,9,12.572,99.496,0,0,2018-09-16 09:00:00
2018-09-16,9,259,10,14.075,94.179,0,0,2018-09-16 10:00:00
2018-09-16,9,259,11,18.08,78.082,0,0,2018-09-16 11:00:00
2018-09-16,9,259,12,20.082,69.132,0,0,2018-09-16 12:00:00
2018-09-16,9,259,13,20.582,69.704,0,0,2018-09-16 13:00:00
2018-09-16,9,259,14,21.083,63.906,0,0,2018-09-16 14:00:00
2018-09-16,9,259,15,21.583,61.539,0,0,2018-09-16 15:00:00
2018-09-16,9,259,16,20.582,71.41,0,0,2018-09-16 16:00:00
2018-09-16,9,259,17,19.081,79.17,0,0,2018-09-16 17:00:00
2018-09-16,9,259,18,18.08,81.325,0,0,2018-09-16 18:00:00
2018-09-16,9,259,19,17.58,82.393,0,0,2018-09-16 19:00:00
2018-09-16,9,259,20,16.578,87.628,2,0,2018-09-16 20:00:00
2018-09-16,9,259,21,16.078,88.655,1,0,2018-09-16 21:00:00
2018-09-16,9,259,22,15.076,93.685,3,0,2018-09-16 22:00:00
2018-09-16,9,259,23,14.576,94.179,3,0,2018-09-16 23:00:00
2018-09-17,9,260,0,14.075,93.685,3,0,2018-09-17 00:00:00
2018-09-17,9,260,1,14.075,93.19,2,0,2018-09-17 01:00:00
2018-09-17,9,260,2,13.073,97.105,3,0,2018-09-17 02:00:00
2018-09-17,9,260,3,13.073,98.067,3,0,2018-09-17 03:00:00
2018-09-17,9,260,4,13.073,98.067,2,0,2018-09-17 04:00:00
2018-09-17,9,260,5,12.572,99.496,1,0,2018-09-17 05:00:00
2018-09-17,9,260,6,12.572,99.021,0,0,2018-09-17 06:00:00
2018-09-17,9,260,7,12.071,98.545,0,0,2018-09-17 07:00:00
2018-09-17,9,260,8,12.071,98.545,0,0,2018-09-17 08:00:00
2018-09-17,9,260,9,13.073,98.067,0,0,2018-09-17 09:00:00
2018-09-17,9,260,10,12.572,97.105,0,0,2018-09-17 10:00:00
2018-09-17,9,260,11,15.076,75.332,0,0,2018-09-17 11:00:00
2018-09-17,9,260,12,17.079,64.493,0,0,2018-09-17 12:00:00
2018-09-17,9,260,13,19.081,58.541,0,0,2018-09-17 13:00:00
2018-09-17,9,260,14,19.081,57.937,0,0,2018-09-17 14:00:00
2018-09-17,9,260,15,20.582,53.657,0,0,2018-09-17 15:00:00
2018-09-17,9,260,16,21.083,54.273,0,0,2018-09-17 16:00:00
2018-09-17,9,260,17,20.582,59.745,0,0,2018-09-17 17:00:00
2018-09-17,9,260,18,20.082,60.345,0,0,2018-09-17 18:00:00
2018-09-17,9,260,19,18.08,69.132,0,0,2018-09-17 19:00:00
2018-09-17,9,260,20,17.079,74.22,0,0,2018-09-17 20:00:00
2018-09-17,9,260,21,15.577,76.987,0,0,2018-09-17 21:00:00
2018-09-17,9,260,22,15.076,80.251,1,0,2018-09-17 22:00:00
2018-09-17,9,260,23,14.576,85.032,1,0,2018-09-17 23:00:00
2018-09-18,9,261,0,14.075,83.981,0,0,2018-09-18 00:00:00
2018-09-18,9,261,1,13.574,87.112,0,0,2018-09-18 01:00:00
2018-09-18,9,261,2,13.073,89.165,0,0,2018-09-18 02:00:00
2018-09-18,9,261,3,12.572,91.191,0,0,2018-09-18 03:00:00
2018-09-18,9,261,4,12.071,91.693,0,0,2018-09-18 04:00:00
2018-09-18,9,261,5,11.57,92.693,0,0,2018-09-18 05:00:00
2018-09-18,9,261,6,11.57,94.179,0,0,2018-09-18 06:00:00
2018-09-18,9,261,7,11.57,93.685,0,0,2018-09-18 07:00:00
2018-09-18,9,261,8,11.57,94.671,0,0,2018-09-18 08:00:00
2018-09-18,9,261,9,12.071,91.693,0,0,2018-09-18 09:00:00
2018-09-18,9,261,10,14.576,85.555,0,0,2018-09-18 10:00:00
2018-09-18,9,261,11,18.581,70.843,0,0,2018-09-18 11:00:00
2018-09-18,9,261,12,21.583,60.345,0,0,2018-09-18 12:00:00
2018-09-18,9,261,13,23.584,56.722,0,0,2018-09-18 13:00:00
2018-09-18,9,261,14,24.584,48.031,0,0,2018-09-18 14:00:00
2018-09-18,9,261,15,27.584,34.367,0,0,2018-09-18 15:00:00
2018-09-18,9,261,16,25.084,41.618,0,0,2018-09-18 16:00:00
2018-09-18,9,261,17,26.084,42.267,0,0,2018-09-18 17:00:00
2018-09-18,9,261,18,24.584,47.397,0,0,2018-09-18 18:00:00
2018-09-18,9,261,19,22.583,55.501,0,0,2018-09-18 19:00:00
2018-09-18,9,261,20,20.082,65.663,0,0,2018-09-18 20:00:00
2018-09-18,9,261,21,19.081,69.704,0,0,2018-09-18 21:00:00
2018-09-18,9,261,22,18.581,74.22,0,0,2018-09-18 22:00:00
2018-09-18,9,261,23,17.58,76.437,0,0,2018-09-18 23:00:00
2018-09-19,9,262,0,17.079,75.885,0,0,2018-09-19 00:00:00
2018-09-19,9,262,1,16.578,75.885,0,0,2018-09-19 01:00:00
2018-09-19,9,262,2,16.078,78.627,0,0,2018-09-19 02:00:00
2018-09-19,9,262,3,16.078,73.662,0,0,2018-09-19 03:00:00
2018-09-19,9,262,4,15.076,71.976,0,0,2018-09-19 04:00:00
2018-09-19,9,262,5,15.076,73.101,0,0,2018-09-19 05:00:00
2018-09-19,9,262,6,14.576,73.101,0,0,2018-09-19 06:00:00
2018-09-19,9,262,7,14.576,62.726,0,0,2018-09-19 07:00:00
2018-09-19,9,262,8,14.576,57.33,0,0,2018-09-19 08:00:00
2018-09-19,9,262,9,15.577,46.762,0,0,2018-09-19 09:00:00
2018-09-19,9,262,10,18.08,53.038,0,0,2018-09-19 10:00:00
2018-09-19,9,262,11,22.583,42.914,0,0,2018-09-19 11:00:00
2018-09-19,9,262,12,24.584,40.315,0,0,2018-09-19 12:00:00
2018-09-19,9,262,13,27.084,44.204,0,0,2018-09-19 13:00:00
2018-09-19,9,262,14,25.084,48.031,0,0,2018-09-19 14:00:00
2018-09-19,9,262,15,25.584,48.031,0,0,2018-09-19 15:00:00
2018-09-19,9,262,16,25.084,45.486,0,0,2018-09-19 16:00:00
2018-09-19,9,262,17,25.084,46.125,0,0,2018-09-19 17:00:00
2018-09-19,9,262,18,24.584,48.031,0,0,2018-09-19 18:00:00
2018-09-19,9,262,19,22.583,57.937,0,0,2018-09-19 19:00:00
2018-09-19,9,262,20,21.083,65.663,0,0,2018-09-19 20:00:00
2018-09-19,9,262,21,19.582,68.558,2,0,2018-09-19 21:00:00
2018-09-19,9,262,22,18.08,73.662,0,0,2018-09-19 22:00:00
2018-09-19,9,262,23,18.08,75.332,0,0,2018-09-19 23:00:00
2018-09-20,9,263,0,17.58,70.275,0,0,2018-09-20 00:00:00
2018-09-20,9,263,1,17.079,67.983,0,0,2018-09-20 01:00:00
2018-09-20,9,263,2,17.079,70.275,1,0,2018-09-20 02:00:00
2018-09-20,9,263,3,16.578,75.332,0,0,2018-09-20 03:00:00
2018-09-20,9,263,4,16.078,71.41,0,0,2018-09-20 04:00:00
2018-09-20,9,263,5,15.577,75.885,0,0,2018-09-20 05:00:00
2018-09-20,9,263,6,15.076,78.082,0,0,2018-09-20 06:00:00
2018-09-20,9,263,7,15.076,80.251,0,0,2018-09-20 07:00:00
2018-09-20,9,263,8,14.576,81.325,0,0,2018-09-20 08:00:00
2018-09-20,9,263,9,14.576,79.711,0,0,2018-09-20 09:00:00
2018-09-20,9,263,10,15.076,82.393,0,0,2018-09-20 10:00:00
2018-09-20,9,263,11,15.577,77.535,0,0,2018-09-20 11:00:00
2018-09-20,9,263,12,16.578,77.535,0,0,2018-09-20 12:00:00
2018-09-20,9,263,13,17.58,74.777,0,0,2018-09-20 13:00:00
2018-09-20,9,263,14,18.581,71.41,0,0,2018-09-20 14:00:00
2018-09-20,9,263,15,20.582,62.133,0,0,2018-09-20 15:00:00
2018-09-20,9,263,16,20.582,63.906,0,0,2018-09-20 16:00:00
2018-09-20,9,263,17,20.582,62.726,0,0,2018-09-20 17:00:00
2018-09-20,9,263,18,19.081,69.132,0,0,2018-09-20 18:00:00
2018-09-20,9,263,19,18.581,74.777,0,0,2018-09-20 19:00:00
2018-09-20,9,263,20,16.578,79.711,0,0,2018-09-20 20:00:00
2018-09-20,9,263,21,16.078,83.454,1,0,2018-09-20 21:00:00
2018-09-20,9,263,22,15.577,83.981,0,0,2018-09-20 22:00:00
2018-09-20,9,263,23,15.577,86.595,0,0,2018-09-20 23:00:00
2018-09-21,9,264,0,15.076,87.628,0,0,2018-09-21 00:00:00
2018-09-21,9,264,1,14.576,88.655,1,0,2018-09-21 01:00:00
2018-09-21,9,264,2,14.576,89.674,0,0,2018-09-21 02:00:00
2018-09-21,9,264,3,14.075,90.687,0,0,2018-09-21 03:00:00
2018-09-21,9,264,4,13.574,92.194,0,0,2018-09-21 04:00:00
2018-09-21,9,264,5,13.574,92.693,0,0,2018-09-21 05:00:00
2018-09-21,9,264,6,13.574,94.179,0,0,2018-09-21 06:00:00
2018-09-21,9,264,7,13.073,93.685,0,0,2018-09-21 07:00:00
2018-09-21,9,264,8,13.574,93.685,0,0,2018-09-21 08:00:00
2018-09-21,9,264,9,14.075,90.687,0,0,2018-09-21 09:00:00
2018-09-21,9,264,10,16.078,83.981,0,0,2018-09-21 10:00:00
2018-09-21,9,264,11,20.082,74.22,0,0,2018-09-21 11:00:00
2018-09-21,9,264,12,21.583,66.246,0,0,2018-09-21 12:00:00
2018-09-21,9,264,13,23.084,60.942,0,0,2018-09-21 13:00:00
2018-09-21,9,264,14,23.584,59.144,0,0,2018-09-21 14:00:00
2018-09-21,9,264,15,24.584,56.722,0,0,2018-09-21 15:00:00
2018-09-21,9,264,16,24.084,55.501,0,0,2018-09-21 16:00:00
2018-09-21,9,264,17,24.084,59.144,0,0,2018-09-21 17:00:00
2018-09-21,9,264,18,23.584,60.942,0,0,2018-09-21 18:00:00
2018-09-21,9,264,19,22.083,66.826,0,0,2018-09-21 19:00:00
2018-09-21,9,264,20,21.583,69.132,1,0,2018-09-21 20:00:00
2018-09-21,9,264,21,21.083,70.843,1,0,2018-09-21 21:00:00
2018-09-21,9,264,22,20.082,73.662,1,0,2018-09-21 22:00:00
2018-09-21,9,264,23,19.582,76.987,0,0,2018-09-21 23:00:00
2018-09-22,9,265,0,19.081,78.627,0,0,2018-09-22 00:00:00
2018-09-22,9,265,1,18.581,80.789,0,0,2018-09-22 01:00:00
2018-09-22,9,265,2,18.581,81.86,0,0,2018-09-22 02:00:00
2018-09-22,9,265,3,18.08,83.454,0,0,2018-09-22 03:00:00
2018-09-22,9,265,4,18.08,85.032,0,0,2018-09-22 04:00:00
2018-09-22,9,265,5,18.08,84.508,0,0,2018-09-22 05:00:00
2018-09-22,9,265,6,17.58,86.595,0,0,2018-09-22 06:00:00
2018-09-22,9,265,7,17.58,87.628,0,0,2018-09-22 07:00:00
2018-09-22,9,265,8,17.58,88.142,0,0,2018-09-22 08:00:00
2018-09-22,9,265,9,17.58,88.142,0,0,2018-09-22 09:00:00
2018-09-22,9,265,10,20.582,77.535,0,0,2018-09-22 10:00:00
2018-09-22,9,265,11,24.084,64.493,0,0,2018-09-22 11:00:00
2018-09-22,9,265,12,27.084,56.113,0,0,2018-09-22 12:00:00
2018-09-22,9,265,13,28.583,47.397,0,0,2018-09-22 13:00:00
2018-09-22,9,265,14,29.083,46.125,0,0,2018-09-22 14:00:00
2018-09-22,9,265,15,29.583,45.486,0,0,2018-09-22 15:00:00
2018-09-22,9,265,16,26.584,56.722,0,0,2018-09-22 16:00:00
2018-09-22,9,265,17,26.584,59.745,0,0,2018-09-22 17:00:00
2018-09-22,9,265,18,25.584,63.316,0,0,2018-09-22 18:00:00
2018-09-22,9,265,19,25.584,60.345,0,0,2018-09-22 19:00:00
2018-09-22,9,265,20,23.584,66.826,1,0,2018-09-22 20:00:00
2018-09-22,9,265,21,23.084,70.275,2,0,2018-09-22 21:00:00
2018-09-22,9,265,22,22.583,70.275,0,0,2018-09-22 22:00:00
2018-09-22,9,265,23,21.583,73.101,1,0,2018-09-22 23:00:00
2018-09-23,9,266,0,21.583,72.539,0,0,2018-09-23 00:00:00
2018-09-23,9,266,1,21.083,74.22,0,0,2018-09-23 01:00:00
2018-09-23,9,266,2,20.582,75.885,0,0,2018-09-23 02:00:00
2018-09-23,9,266,3,19.582,75.885,0,0,2018-09-23 03:00:00
2018-09-23,9,266,4,19.582,70.843,0,0,2018-09-23 04:00:00
2018-09-23,9,266,5,18.581,69.132,0,0,2018-09-23 05:00:00
2018-09-23,9,266,6,19.081,69.704,0,0,2018-09-23 06:00:00
2018-09-23,9,266,7,19.582,63.906,0,0,2018-09-23 07:00:00
2018-09-23,9,266,8,19.081,65.079,0,0,2018-09-23 08:00:00
2018-09-23,9,266,9,20.082,63.316,0,0,2018-09-23 09:00:00
2018-09-23,9,266,10,22.083,57.937,0,0,2018-09-23 10:00:00
2018-09-23,9,266,11,27.084,43.56,0,0,2018-09-23 11:00:00
2018-09-23,9,266,12,28.583,44.204,0,0,2018-09-23 12:00:00
2018-09-23,9,266,13,29.083,42.267,0,0,2018-09-23 13:00:00
2018-09-23,9,266,14,30.582,39.005,0,0,2018-09-23 14:00:00
2018-09-23,9,266,15,30.082,40.315,0,0,2018-09-23 15:00:00
2018-09-23,9,266,16,28.583,51.173,0,0,2018-09-23 16:00:00
2018-09-23,9,266,17,30.582,43.56,0,0,2018-09-23 17:00:00
2018-09-23,9,266,18,30.082,37.688,0,0,2018-09-23 18:00:00
2018-09-23,9,266,19,26.584,50.548,0,0,2018-09-23 19:00:00
2018-09-23,9,266,20,25.084,56.113,0,0,2018-09-23 20:00:00
2018-09-23,9,266,21,24.084,59.745,0,0,2018-09-23 21:00:00
2018-09-23,9,266,22,23.084,61.539,0,0,2018-09-23 22:00:00
2018-09-23,9,266,23,22.583,65.663,1,0,2018-09-23 23:00:00
2018-09-24,9,267,0,22.083,65.663,0,0,2018-09-24 00:00:00
2018-09-24,9,267,1,21.083,66.246,0,0,2018-09-24 01:00:00
2018-09-24,9,267,2,20.582,63.316,1,0,2018-09-24 02:00:00
2018-09-24,9,267,3,21.083,65.079,1,0,2018-09-24 03:00:00
2018-09-24,9,267,4,20.082,63.316,1,0,2018-09-24 04:00:00
2018-09-24,9,267,5,20.582,69.704,0,0,2018-09-24 05:00:00
2018-09-24,9,267,6,19.582,71.41,1,0,2018-09-24 06:00:00
2018-09-24,9,267,7,19.081,73.662,0,0,2018-09-24 07:00:00
2018-09-24,9,267,8,19.081,73.101,0,0,2018-09-24 08:00:00
2018-09-24,9,267,9,20.582,73.101,0,0,2018-09-24 09:00:00
2018-09-24,9,267,10,20.082,74.22,0,0,2018-09-24 10:00:00
2018-09-24,9,267,11,21.083,72.539,0,0,2018-09-24 11:00:00
2018-09-24,9,267,12,22.083,67.405,0,0,2018-09-24 12:00:00
2018-09-24,9,267,13,23.084,58.541,0,0,2018-09-24 13:00:00
2018-09-24,9,267,14,21.583,69.132,0,0,2018-09-24 14:00:00
2018-09-24,9,267,15,20.582,74.22,0,0,2018-09-24 15:00:00
2018-09-24,9,267,16,20.582,71.41,0,0,2018-09-24 16:00:00
2018-09-24,9,267,17,20.582,74.777,0,0,2018-09-24 17:00:00
2018-09-24,9,267,18,19.582,82.924,0,0,2018-09-24 18:00:00
2018-09-24,9,267,19,18.581,86.595,2,0,2018-09-24 19:00:00
2018-09-24,9,267,20,18.581,86.076,3,0,2018-09-24 20:00:00
2018-09-24,9,267,21,17.58,87.112,3,0,2018-09-24 21:00:00
2018-09-24,9,267,22,17.58,88.655,3,0,2018-09-24 22:00:00
2018-09-24,9,267,23,17.58,87.112,3,0,2018-09-24 23:00:00
2018-09-25,9,268,0,17.079,87.112,3,0,2018-09-25 00:00:00
2018-09-25,9,268,1,16.578,91.191,3,0,2018-09-25 01:00:00
2018-09-25,9,268,2,17.079,90.687,3,0,2018-09-25 02:00:00
2018-09-25,9,268,3,16.578,91.191,3,0,2018-09-25 03:00:00
2018-09-25,9,268,4,16.578,92.194,2,0,2018-09-25 04:00:00
2018-09-25,9,268,5,16.078,93.19,2,0,2018-09-25 05:00:00
2018-09-25,9,268,6,16.078,93.685,2,0,2018-09-25 06:00:00
2018-09-25,9,268,7,16.078,95.161,0,0,2018-09-25 07:00:00
2018-09-25,9,268,8,16.078,95.161,0,0,2018-09-25 08:00:00
2018-09-25,9,268,9,16.578,95.161,0,0,2018-09-25 09:00:00
2018-09-25,9,268,10,17.079,92.194,0,0,2018-09-25 10:00:00
2018-09-25,9,268,11,17.58,91.693,0,0,2018-09-25 11:00:00
2018-09-25,9,268,12,19.582,81.86,0,0,2018-09-25 12:00:00
2018-09-25,9,268,13,19.582,76.437,0,0,2018-09-25 13:00:00
2018-09-25,9,268,14,20.582,75.885,0,0,2018-09-25 14:00:00
2018-09-25,9,268,15,20.582,76.987,0,0,2018-09-25 15:00:00
2018-09-25,9,268,16,19.582,79.711,0,0,2018-09-25 16:00:00
2018-09-25,9,268,17,19.081,82.924,0,0,2018-09-25 17:00:00
2018-09-25,9,268,18,19.081,84.508,0,0,2018-09-25 18:00:00
2018-09-25,9,268,19,18.581,86.076,0,0,2018-09-25 19:00:00
2018-09-25,9,268,20,18.08,88.655,3,0,2018-09-25 20:00:00
2018-09-25,9,268,21,17.58,93.19,3,0,2018-09-25 21:00:00
2018-09-25,9,268,22,17.58,92.194,3,0,2018-09-25 22:00:00
2018-09-25,9,268,23,17.58,92.693,2,0,2018-09-25 23:00:00
2018-09-26,9,269,0,17.58,93.19,3,0,2018-09-26 00:00:00
2018-09-26,9,269,1,17.079,93.685,3,0,2018-09-26 01:00:00
2018-09-26,9,269,2,17.079,94.179,2,0,2018-09-26 02:00:00
2018-09-26,9,269,3,16.578,96.136,3,0,2018-09-26 03:00:00
2018-09-26,9,269,4,16.578,98.067,3,0,2018-09-26 04:00:00
2018-09-26,9,269,5,16.078,99.021,3,0,2018-09-26 05:00:00
2018-09-26,9,269,6,16.078,99.021,3,0,2018-09-26 06:00:00
2018-09-26,9,269,7,16.078,99.496,0,0,2018-09-26 07:00:00
2018-09-26,9,269,8,16.078,99.496,0,0,2018-09-26 08:00:00
2018-09-26,9,269,9,16.578,99.496,0,0,2018-09-26 09:00:00
2018-09-26,9,269,10,17.079,98.545,0,0,2018-09-26 10:00:00
2018-09-26,9,269,11,17.58,96.136,0,0,2018-09-26 11:00:00
2018-09-26,9,269,12,19.582,93.19,0,0,2018-09-26 12:00:00
2018-09-26,9,269,13,22.083,76.987,0,0,2018-09-26 13:00:00
2018-09-26,9,269,14,23.084,71.41,0,0,2018-09-26 14:00:00
2018-09-26,9,269,15,24.084,66.246,0,0,2018-09-26 15:00:00
2018-09-26,9,269,16,23.584,65.663,0,0,2018-09-26 16:00:00
2018-09-26,9,269,17,23.584,69.704,0,0,2018-09-26 17:00:00
2018-09-26,9,269,18,22.083,76.437,0,0,2018-09-26 18:00:00
2018-09-26,9,269,19,21.083,80.251,0,0,2018-09-26 19:00:00
2018-09-26,9,269,20,20.082,82.924,2,0,2018-09-26 20:00:00
2018-09-26,9,269,21,19.081,86.595,3,0,2018-09-26 21:00:00
2018-09-26,9,269,22,19.081,87.112,2,0,2018-09-26 22:00:00
2018-09-26,9,269,23,19.081,88.655,2,0,2018-09-26 23:00:00
2018-09-27,9,270,0,18.581,88.655,1,0,2018-09-27 00:00:00
2018-09-27,9,270,1,18.581,90.182,2,0,2018-09-27 01:00:00
2018-09-27,9,270,2,18.581,90.182,0,0,2018-09-27 02:00:00
2018-09-27,9,270,3,18.581,90.687,0,0,2018-09-27 03:00:00
2018-09-27,9,270,4,18.08,91.191,0,0,2018-09-27 04:00:00
2018-09-27,9,270,5,18.08,92.194,1,0,2018-09-27 05:00:00
2018-09-27,9,270,6,17.58,94.179,0,0,2018-09-27 06:00:00
2018-09-27,9,270,7,17.58,91.693,0,0,2018-09-27 07:00:00
2018-09-27,9,270,8,17.58,94.179,0,0,2018-09-27 08:00:00
2018-09-27,9,270,9,18.581,92.693,0,0,2018-09-27 09:00:00
2018-09-27,9,270,10,18.581,92.693,0,0,2018-09-27 10:00:00
2018-09-27,9,270,11,20.582,85.032,0,0,2018-09-27 11:00:00
2018-09-27,9,270,12,22.583,74.22,0,0,2018-09-27 12:00:00
2018-09-27,9,270,13,23.584,68.558,0,0,2018-09-27 13:00:00
2018-09-27,9,270,14,24.584,63.906,0,0,2018-09-27 14:00:00
2018-09-27,9,270,15,24.584,64.493,0,0,2018-09-27 15:00:00
2018-09-27,9,270,16,24.084,67.983,0,0,2018-09-27 16:00:00
2018-09-27,9,270,17,24.084,68.558,0,0,2018-09-27 17:00:00
2018-09-27,9,270,18,24.084,65.663,0,0,2018-09-27 18:00:00
2018-09-27,9,270,19,22.583,74.777,0,0,2018-09-27 19:00:00
2018-09-27,9,270,20,22.083,75.885,2,0,2018-09-27 20:00:00
2018-09-27,9,270,21,21.583,78.627,1,0,2018-09-27 21:00:00
2018-09-27,9,270,22,21.583,79.711,0,0,2018-09-27 22:00:00
2018-09-27,9,270,23,21.083,82.393,2,0,2018-09-27 23:00:00
2018-09-28,9,271,0,20.582,83.981,0,0,2018-09-28 00:00:00
2018-09-28,9,271,1,20.582,85.032,0,0,2018-09-28 01:00:00
2018-09-28,9,271,2,20.082,87.112,0,0,2018-09-28 02:00:00
2018-09-28,9,271,3,19.582,88.655,0,0,2018-09-28 03:00:00
2018-09-28,9,271,4,19.582,89.674,0,0,2018-09-28 04:00:00
2018-09-28,9,271,5,19.582,90.687,0,0,2018-09-28 05:00:00
2018-09-28,9,271,6,19.582,90.687,0,0,2018-09-28 06:00:00
2018-09-28,9,271,7,19.081,92.194,0,0,2018-09-28 07:00:00
2018-09-28,9,271,8,18.581,93.19,0,0,2018-09-28 08:00:00
2018-09-28,9,271,9,19.081,93.685,0,0,2018-09-28 09:00:00
2018-09-28,9,271,10,21.583,83.454,0,0,2018-09-28 10:00:00
2018-09-28,9,271,11,22.583,80.789,0,0,2018-09-28 11:00:00
2018-09-28,9,271,12,25.084,68.558,0,0,2018-09-28 12:00:00
2018-09-28,9,271,13,26.084,65.079,0,0,2018-09-28 13:00:00
2018-09-28,9,271,14,24.584,67.983,0,0,2018-09-28 14:00:00
2018-09-28,9,271,15,25.084,69.132,0,0,2018-09-28 15:00:00
2018-09-28,9,271,16,24.084,75.885,0,0,2018-09-28 16:00:00
2018-09-28,9,271,17,24.084,77.535,0,0,2018-09-28 17:00:00
2018-09-28,9,271,18,24.084,78.082,0,0,2018-09-28 18:00:00
2018-09-28,9,271,19,23.584,78.627,0,0,2018-09-28 19:00:00
2018-09-28,9,271,20,22.083,81.325,2,0,2018-09-28 20:00:00
2018-09-28,9,271,21,21.083,84.508,2,0,2018-09-28 21:00:00
2018-09-28,9,271,22,20.582,88.655,1,0,2018-09-28 22:00:00
2018-09-28,9,271,23,20.582,89.165,1,0,2018-09-28 23:00:00
2018-09-29,9,272,0,20.082,91.693,1,0,2018-09-29 00:00:00
2018-09-29,9,272,1,20.082,90.687,2,0,2018-09-29 01:00:00
2018-09-29,9,272,2,20.082,91.191,1,0,2018-09-29 02:00:00
2018-09-29,9,272,3,19.582,91.693,0,0,2018-09-29 03:00:00
2018-09-29,9,272,4,19.081,92.194,0,0,2018-09-29 04:00:00
2018-09-29,9,272,5,18.581,93.685,0,0,2018-09-29 05:00:00
2018-09-29,9,272,6,18.08,93.685,0,0,2018-09-29 06:00:00
2018-09-29,9,272,7,17.58,94.671,0,0,2018-09-29 07:00:00
2018-09-29,9,272,8,17.58,95.65,0,0,2018-09-29 08:00:00
2018-09-29,9,272,9,17.58,91.693,0,0,2018-09-29 09:00:00
2018-09-29,9,272,10,20.082,88.142,0,0,2018-09-29 10:00:00
2018-09-29,9,272,11,24.084,74.777,0,0,2018-09-29 11:00:00
2018-09-29,9,272,12,27.084,63.906,0,0,2018-09-29 12:00:00
2018-09-29,9,272,13,30.082,46.125,0,0,2018-09-29 13:00:00
2018-09-29,9,272,14,30.582,33.026,0,0,2018-09-29 14:00:00
2018-09-29,9,272,15,29.583,36.365,0,0,2018-09-29 15:00:00
2018-09-29,9,272,16,28.083,48.663,0,0,2018-09-29 16:00:00
2018-09-29,9,272,17,27.084,57.33,0,0,2018-09-29 17:00:00
2018-09-29,9,272,18,26.084,61.539,1,0,2018-09-29 18:00:00
2018-09-29,9,272,19,25.584,63.316,0,0,2018-09-29 19:00:00
2018-09-29,9,272,20,23.584,58.541,1,0,2018-09-29 20:00:00
2018-09-29,9,272,21,22.583,64.493,0,0,2018-09-29 21:00:00
2018-09-29,9,272,22,21.583,66.246,0,0,2018-09-29 22:00:00
2018-09-29,9,272,23,21.083,69.132,0,0,2018-09-29 23:00:00
2018-09-30,9,273,0,20.582,65.079,1,0,2018-09-30 00:00:00
2018-09-30,9,273,1,20.082,62.726,0,0,2018-09-30 01:00:00
2018-09-30,9,273,2,20.582,66.826,0,0,2018-09-30 02:00:00
2018-09-30,9,273,3,20.082,70.843,0,0,2018-09-30 03:00:00
2018-09-30,9,273,4,19.582,74.22,0,0,2018-09-30 04:00:00
2018-09-30,9,273,5,19.081,75.332,0,0,2018-09-30 05:00:00
2018-09-30,9,273,6,19.081,73.101,0,0,2018-09-30 06:00:00
2018-09-30,9,273,7,18.581,77.535,0,0,2018-09-30 07:00:00
2018-09-30,9,273,8,19.081,75.885,0,0,2018-09-30 08:00:00
2018-09-30,9,273,9,19.081,75.885,0,0,2018-09-30 09:00:00
2018-09-30,9,273,10,21.083,71.41,0,0,2018-09-30 10:00:00
2018-09-30,9,273,11,24.584,64.493,0,0,2018-09-30 11:00:00
2018-09-30,9,273,12,26.584,49.293,0,0,2018-09-30 12:00:00
2018-09-30,9,273,13,27.084,49.921,0,0,2018-09-30 13:00:00
2018-09-30,9,273,14,28.083,48.031,0,0,2018-09-30 14:00:00
2018-09-30,9,273,15,28.583,46.762,0,0,2018-09-30 15:00:00
2018-09-30,9,273,16,28.583,48.663,0,0,2018-09-30 16:00:00
2018-09-30,9,273,17,28.583,49.293,0,0,2018-09-30 17:00:00
2018-09-30,9,273,18,27.084,53.657,0,0,2018-09-30 18:00:00
2018-09-30,9,273,19,25.584,60.345,0,0,2018-09-30 19:00:00
2018-09-30,9,273,20,24.584,62.133,2,0,2018-09-30 20:00:00
2018-09-30,9,273,21,23.584,66.246,1,0,2018-09-30 21:00:00
2018-09-30,9,273,22,22.583,67.983,0,0,2018-09-30 22:00:00
2018-09-30,9,273,23,22.083,74.777,2,0,2018-09-30 23:00:00
2018-10-01,10,274,0,21.083,74.777,0,0,2018-10-01 00:00:00
2018-10-01,10,274,1,20.582,78.082,1,0,2018-10-01 01:00:00
2018-10-01,10,274,2,20.082,81.86,0,0,2018-10-01 02:00:00
2018-10-01,10,274,3,19.582,82.924,0,0,2018-10-01 03:00:00
2018-10-01,10,274,4,19.081,83.981,1,0,2018-10-01 04:00:00
2018-10-01,10,274,5,18.581,85.032,1,0,2018-10-01 05:00:00
2018-10-01,10,274,6,18.581,85.555,0,0,2018-10-01 06:00:00
2018-10-01,10,274,7,17.58,87.112,0,0,2018-10-01 07:00:00
2018-10-01,10,274,8,18.08,88.142,0,0,2018-10-01 08:00:00
2018-10-01,10,274,9,18.581,86.076,0,0,2018-10-01 09:00:00
2018-10-01,10,274,10,21.083,74.777,0,0,2018-10-01 10:00:00
2018-10-01,10,274,11,25.084,60.345,0,0,2018-10-01 11:00:00
2018-10-01,10,274,12,27.084,48.031,0,0,2018-10-01 12:00:00
2018-10-01,10,274,13,27.584,48.663,0,0,2018-10-01 13:00:00
2018-10-01,10,274,14,29.083,47.397,0,0,2018-10-01 14:00:00
2018-10-01,10,274,15,28.583,49.293,0,0,2018-10-01 15:00:00
2018-10-01,10,274,16,28.083,51.173,0,0,2018-10-01 16:00:00
2018-10-01,10,274,17,26.584,55.501,0,0,2018-10-01 17:00:00
2018-10-01,10,274,18,24.084,70.843,0,0,2018-10-01 18:00:00
2018-10-01,10,274,19,22.083,84.508,0,0,2018-10-01 19:00:00
2018-10-01,10,274,20,19.582,91.693,3,0,2018-10-01 20:00:00
2018-10-01,10,274,21,18.08,89.165,3,0,2018-10-01 21:00:00
2018-10-01,10,274,22,16.078,92.693,3,0,2018-10-01 22:00:00
2018-10-01,10,274,23,15.076,93.685,3,0,2018-10-01 23:00:00
2018-10-02,10,275,0,13.574,96.621,3,0,2018-10-02 00:00:00
2018-10-02,10,275,1,13.574,95.65,3,0,2018-10-02 01:00:00
2018-10-02,10,275,2,13.073,96.621,3,0,2018-10-02 02:00:00
2018-10-02,10,275,3,12.071,99.496,3,0,2018-10-02 03:00:00
2018-10-02,10,275,4,11.57,99.97,3,0,2018-10-02 04:00:00
2018-10-02,10,275,5,11.57,99.97,2,0,2018-10-02 05:00:00
2018-10-02,10,275,6,11.069,100.0,2,0,2018-10-02 06:00:00
2018-10-02,10,275,7,11.069,100.0,0,0,2018-10-02 07:00:00
2018-10-02,10,275,8,11.069,100.0,0,0,2018-10-02 08:00:00
2018-10-02,10,275,9,11.069,100.0,0,0,2018-10-02 09:00:00
2018-10-02,10,275,10,11.57,99.97,0,0,2018-10-02 10:00:00
2018-10-02,10,275,11,11.57,100.0,0,0,2018-10-02 11:00:00
2018-10-02,10,275,12,13.073,97.587,0,0,2018-10-02 12:00:00
2018-10-02,10,275,13,14.075,95.65,0,0,2018-10-02 13:00:00
2018-10-02,10,275,14,15.076,88.655,0,0,2018-10-02 14:00:00
2018-10-02,10,275,15,16.078,86.595,0,0,2018-10-02 15:00:00
2018-10-02,10,275,16,16.078,88.655,0,0,2018-10-02 16:00:00
2018-10-02,10,275,17,15.076,92.693,0,0,2018-10-02 17:00:00
2018-10-02,10,275,18,14.075,92.194,0,0,2018-10-02 18:00:00
2018-10-02,10,275,19,13.574,95.161,1,0,2018-10-02 19:00:00
2018-10-02,10,275,20,13.073,97.105,2,0,2018-10-02 20:00:00
2018-10-02,10,275,21,13.073,98.067,2,0,2018-10-02 21:00:00
2018-10-02,10,275,22,13.073,98.545,2,0,2018-10-02 22:00:00
2018-10-02,10,275,23,12.572,99.021,2,0,2018-10-02 23:00:00
2018-10-03,10,276,0,11.069,99.97,2,0,2018-10-03 00:00:00
2018-10-03,10,276,1,10.568,100.0,2,0,2018-10-03 01:00:00
2018-10-03,10,276,2,9.566,99.97,2,0,2018-10-03 02:00:00
2018-10-03,10,276,3,9.566,100.0,2,0,2018-10-03 03:00:00
2018-10-03,10,276,4,9.566,100.0,0,0,2018-10-03 04:00:00
2018-10-03,10,276,5,9.566,100.0,1,0,2018-10-03 05:00:00
2018-10-03,10,276,6,9.566,100.0,0,0,2018-10-03 06:00:00
2018-10-03,10,276,7,9.566,100.0,0,0,2018-10-03 07:00:00
2018-10-03,10,276,8,9.566,100.0,0,0,2018-10-03 08:00:00
2018-10-03,10,276,9,9.566,100.0,0,0,2018-10-03 09:00:00
2018-10-03,10,276,10,10.067,100.0,0,0,2018-10-03 10:00:00
2018-10-03,10,276,11,11.069,100.0,0,0,2018-10-03 11:00:00
2018-10-03,10,276,12,13.073,99.97,0,0,2018-10-03 12:00:00
2018-10-03,10,276,13,14.075,93.685,0,0,2018-10-03 13:00:00
2018-10-03,10,276,14,17.58,79.17,0,0,2018-10-03 14:00:00
2018-10-03,10,276,15,17.079,78.082,0,0,2018-10-03 15:00:00
2018-10-03,10,276,16,17.079,77.535,0,0,2018-10-03 16:00:00
2018-10-03,10,276,17,17.079,76.987,0,0,2018-10-03 17:00:00
2018-10-03,10,276,18,16.078,79.17,0,0,2018-10-03 18:00:00
2018-10-03,10,276,19,15.577,78.082,0,0,2018-10-03 19:00:00
2018-10-03,10,276,20,14.576,83.981,0,0,2018-10-03 20:00:00
2018-10-03,10,276,21,14.075,83.981,0,0,2018-10-03 21:00:00
2018-10-03,10,276,22,14.075,82.924,0,0,2018-10-03 22:00:00
2018-10-03,10,276,23,13.073,79.17,0,0,2018-10-03 23:00:00
2018-10-04,10,277,0,12.572,81.86,0,0,2018-10-04 00:00:00
2018-10-04,10,277,1,12.071,81.325,0,0,2018-10-04 01:00:00
2018-10-04,10,277,2,12.071,82.924,0,0,2018-10-04 02:00:00
2018-10-04,10,277,3,11.57,87.628,0,0,2018-10-04 03:00:00
2018-10-04,10,277,4,11.57,88.655,0,0,2018-10-04 04:00:00
2018-10-04,10,277,5,11.57,90.182,0,0,2018-10-04 05:00:00
2018-10-04,10,277,6,11.57,91.191,0,0,2018-10-04 06:00:00
2018-10-04,10,277,7,11.57,91.191,0,0,2018-10-04 07:00:00
2018-10-04,10,277,8,11.57,92.194,0,0,2018-10-04 08:00:00
2018-10-04,10,277,9,11.57,90.687,0,0,2018-10-04 09:00:00
2018-10-04,10,277,10,12.572,82.393,0,0,2018-10-04 10:00:00
2018-10-04,10,277,11,13.574,80.789,0,0,2018-10-04 11:00:00
2018-10-04,10,277,12,14.576,78.627,0,0,2018-10-04 12:00:00
2018-10-04,10,277,13,15.577,78.082,0,0,2018-10-04 13:00:00
2018-10-04,10,277,14,15.076,77.535,0,0,2018-10-04 14:00:00
2018-10-04,10,277,15,16.078,76.437,0,0,2018-10-04 15:00:00
2018-10-04,10,277,16,15.076,76.987,0,0,2018-10-04 16:00:00
2018-10-04,10,277,17,14.576,78.627,0,0,2018-10-04 17:00:00
2018-10-04,10,277,18,14.075,81.86,0,0,2018-10-04 18:00:00
2018-10-04,10,277,19,14.075,84.508,0,0,2018-10-04 19:00:00
2018-10-04,10,277,20,13.574,85.555,0,0,2018-10-04 20:00:00
2018-10-04,10,277,21,13.574,83.981,0,0,2018-10-04 21:00:00
2018-10-04,10,277,22,13.073,83.454,0,0,2018-10-04 22:00:00
2018-10-04,10,277,23,13.073,85.555,0,0,2018-10-04 23:00:00
2018-10-05,10,278,0,12.572,85.555,0,0,2018-10-05 00:00:00
2018-10-05,10,278,1,11.57,87.628,0,0,2018-10-05 01:00:00
2018-10-05,10,278,2,11.57,87.628,0,0,2018-10-05 02:00:00
2018-10-05,10,278,3,11.57,88.655,0,0,2018-10-05 03:00:00
2018-10-05,10,278,4,11.069,88.655,0,0,2018-10-05 04:00:00
2018-10-05,10,278,5,11.069,86.076,0,0,2018-10-05 05:00:00
2018-10-05,10,278,6,10.067,90.687,0,0,2018-10-05 06:00:00
2018-10-05,10,278,7,10.067,92.693,0,0,2018-10-05 07:00:00
2018-10-05,10,278,8,10.568,92.194,0,0,2018-10-05 08:00:00
2018-10-05,10,278,9,11.57,90.182,0,0,2018-10-05 09:00:00
2018-10-05,10,278,10,12.572,80.789,0,0,2018-10-05 10:00:00
2018-10-05,10,278,11,14.576,63.906,0,0,2018-10-05 11:00:00
2018-10-05,10,278,12,16.078,60.345,0,0,2018-10-05 12:00:00
2018-10-05,10,278,13,17.079,59.745,0,0,2018-10-05 13:00:00
2018-10-05,10,278,14,17.58,58.541,0,0,2018-10-05 14:00:00
2018-10-05,10,278,15,17.58,56.722,0,0,2018-10-05 15:00:00
2018-10-05,10,278,16,17.58,57.937,0,0,2018-10-05 16:00:00
2018-10-05,10,278,17,17.58,58.541,0,0,2018-10-05 17:00:00
2018-10-05,10,278,18,16.578,60.345,0,0,2018-10-05 18:00:00
2018-10-05,10,278,19,15.577,68.558,0,0,2018-10-05 19:00:00
2018-10-05,10,278,20,13.073,89.165,0,0,2018-10-05 20:00:00
2018-10-05,10,278,21,12.071,96.136,3,0,2018-10-05 21:00:00
2018-10-05,10,278,22,11.57,97.587,2,0,2018-10-05 22:00:00
2018-10-05,10,278,23,11.57,97.587,2,0,2018-10-05 23:00:00
2018-10-06,10,279,0,11.57,98.067,1,0,2018-10-06 00:00:00
2018-10-06,10,279,1,11.57,98.067,2,0,2018-10-06 01:00:00
2018-10-06,10,279,2,11.57,98.067,1,0,2018-10-06 02:00:00
2018-10-06,10,279,3,11.57,97.587,1,0,2018-10-06 03:00:00
2018-10-06,10,279,4,11.57,96.621,0,0,2018-10-06 04:00:00
2018-10-06,10,279,5,11.57,94.179,0,0,2018-10-06 05:00:00
2018-10-06,10,279,6,11.57,92.693,0,0,2018-10-06 06:00:00
2018-10-06,10,279,7,11.57,93.685,0,0,2018-10-06 07:00:00
2018-10-06,10,279,8,11.57,93.19,0,0,2018-10-06 08:00:00
2018-10-06,10,279,9,13.073,89.165,0,0,2018-10-06 09:00:00
2018-10-06,10,279,10,14.576,85.555,0,0,2018-10-06 10:00:00
2018-10-06,10,279,11,16.578,70.275,0,0,2018-10-06 11:00:00
2018-10-06,10,279,12,19.582,60.345,0,0,2018-10-06 12:00:00
2018-10-06,10,279,13,20.582,55.501,0,0,2018-10-06 13:00:00
2018-10-06,10,279,14,22.083,53.657,0,0,2018-10-06 14:00:00
2018-10-06,10,279,15,22.083,51.797,0,0,2018-10-06 15:00:00
2018-10-06,10,279,16,21.583,53.038,0,0,2018-10-06 16:00:00
2018-10-06,10,279,17,20.082,58.541,0,0,2018-10-06 17:00:00
2018-10-06,10,279,18,19.081,63.316,0,0,2018-10-06 18:00:00
2018-10-06,10,279,19,18.08,67.405,0,0,2018-10-06 19:00:00
2018-10-06,10,279,20,17.079,69.704,1,0,2018-10-06 20:00:00
2018-10-06,10,279,21,17.079,73.662,0,0,2018-10-06 21:00:00
2018-10-06,10,279,22,14.576,94.179,3,0,2018-10-06 22:00:00
2018-10-06,10,279,23,13.574,96.136,3,0,2018-10-06 23:00:00
2018-10-07,10,280,0,13.574,95.65,2,0,2018-10-07 00:00:00
2018-10-07,10,280,1,13.574,95.161,2,0,2018-10-07 01:00:00
2018-10-07,10,280,2,13.574,94.179,2,0,2018-10-07 02:00:00
2018-10-07,10,280,3,14.075,97.105,2,0,2018-10-07 03:00:00
2018-10-07,10,280,4,14.075,98.067,3,0,2018-10-07 04:00:00
2018-10-07,10,280,5,14.075,99.021,3,0,2018-10-07 05:00:00
2018-10-07,10,280,6,13.574,99.496,2,0,2018-10-07 06:00:00
2018-10-07,10,280,7,13.574,100.0,0,0,2018-10-07 07:00:00
2018-10-07,10,280,8,13.073,99.496,0,0,2018-10-07 08:00:00
2018-10-07,10,280,9,13.574,99.021,0,0,2018-10-07 09:00:00
2018-10-07,10,280,10,15.076,93.19,0,0,2018-10-07 10:00:00
2018-10-07,10,280,11,18.08,81.86,0,0,2018-10-07 11:00:00
2018-10-07,10,280,12,21.083,68.558,0,0,2018-10-07 12:00:00
2018-10-07,10,280,13,22.583,58.541,0,0,2018-10-07 13:00:00
2018-10-07,10,280,14,23.584,53.657,0,0,2018-10-07 14:00:00
2018-10-07,10,280,15,25.084,54.273,0,0,2018-10-07 15:00:00
2018-10-07,10,280,16,22.583,54.888,0,0,2018-10-07 16:00:00
2018-10-07,10,280,17,21.583,74.777,0,0,2018-10-07 17:00:00
2018-10-07,10,280,18,22.583,61.539,0,0,2018-10-07 18:00:00
2018-10-07,10,280,19,20.582,69.704,0,0,2018-10-07 19:00:00
2018-10-07,10,280,20,20.082,70.275,2,0,2018-10-07 20:00:00
2018-10-07,10,280,21,19.582,71.976,2,0,2018-10-07 21:00:00
2018-10-07,10,280,22,18.581,71.976,1,0,2018-10-07 22:00:00
2018-10-07,10,280,23,18.08,75.885,0,0,2018-10-07 23:00:00
2018-10-08,10,281,0,17.58,74.777,0,0,2018-10-08 00:00:00
2018-10-08,10,281,1,17.58,74.777,0,0,2018-10-08 01:00:00
2018-10-08,10,281,2,17.079,78.627,0,0,2018-10-08 02:00:00
2018-10-08,10,281,3,16.578,79.17,0,0,2018-10-08 03:00:00
2018-10-08,10,281,4,15.577,84.508,0,0,2018-10-08 04:00:00
2018-10-08,10,281,5,16.078,85.032,1,0,2018-10-08 05:00:00
2018-10-08,10,281,6,15.076,87.628,0,0,2018-10-08 06:00:00
2018-10-08,10,281,7,15.076,85.032,0,0,2018-10-08 07:00:00
2018-10-08,10,281,8,15.577,85.555,0,0,2018-10-08 08:00:00
2018-10-08,10,281,9,17.079,78.627,0,0,2018-10-08 09:00:00
2018-10-08,10,281,10,19.582,65.079,0,0,2018-10-08 10:00:00
2018-10-08,10,281,11,23.584,53.038,0,0,2018-10-08 11:00:00
2018-10-08,10,281,12,27.084,43.56,0,0,2018-10-08 12:00:00
2018-10-08,10,281,13,28.583,32.353,0,0,2018-10-08 13:00:00
2018-10-08,10,281,14,29.583,36.365,0,0,2018-10-08 14:00:00
2018-10-08,10,281,15,29.583,26.221,0,0,2018-10-08 15:00:00
2018-10-08,10,281,16,29.583,22.754,0,0,2018-10-08 16:00:00
2018-10-08,10,281,17,29.583,24.839,0,0,2018-10-08 17:00:00
2018-10-08,10,281,18,28.583,28.28,0,0,2018-10-08 18:00:00
2018-10-08,10,281,19,27.084,33.026,0,0,2018-10-08 19:00:00
2018-10-08,10,281,20,24.084,42.914,2,0,2018-10-08 20:00:00
2018-10-08,10,281,21,22.583,40.315,0,0,2018-10-08 21:00:00
2018-10-08,10,281,22,21.583,45.486,0,0,2018-10-08 22:00:00
2018-10-08,10,281,23,21.083,46.762,0,0,2018-10-08 23:00:00
2018-10-09,10,282,0,20.582,49.293,0,0,2018-10-09 00:00:00
2018-10-09,10,282,1,20.082,54.273,0,0,2018-10-09 01:00:00
2018-10-09,10,282,2,20.082,53.657,0,0,2018-10-09 02:00:00
2018-10-09,10,282,3,19.582,53.657,0,0,2018-10-09 03:00:00
2018-10-09,10,282,4,19.582,57.937,0,0,2018-10-09 04:00:00
2018-10-09,10,282,5,18.581,64.493,0,0,2018-10-09 05:00:00
2018-10-09,10,282,6,18.581,70.275,0,0,2018-10-09 06:00:00
2018-10-09,10,282,7,18.08,65.663,0,0,2018-10-09 07:00:00
2018-10-09,10,282,8,19.081,66.246,0,0,2018-10-09 08:00:00
2018-10-09,10,282,9,20.082,59.144,0,0,2018-10-09 09:00:00
2018-10-09,10,282,10,22.583,49.921,0,0,2018-10-09 10:00:00
2018-10-09,10,282,11,27.084,40.967,0,0,2018-10-09 11:00:00
2018-10-09,10,282,12,28.583,39.661,0,0,2018-10-09 12:00:00
2018-10-09,10,282,13,29.583,35.034,0,0,2018-10-09 13:00:00
2018-10-09,10,282,14,30.082,31.679,0,0,2018-10-09 14:00:00
2018-10-09,10,282,15,30.582,33.026,0,0,2018-10-09 15:00:00
2018-10-09,10,282,16,27.084,46.125,0,0,2018-10-09 16:00:00
2018-10-09,10,282,17,29.583,39.005,0,0,2018-10-09 17:00:00
2018-10-09,10,282,18,28.583,44.204,0,0,2018-10-09 18:00:00
2018-10-09,10,282,19,25.584,56.722,0,0,2018-10-09 19:00:00
2018-10-09,10,282,20,24.084,62.726,1,0,2018-10-09 20:00:00
2018-10-09,10,282,21,21.583,81.325,2,0,2018-10-09 21:00:00
2018-10-09,10,282,22,19.081,94.671,3,0,2018-10-09 22:00:00
2018-10-09,10,282,23,18.581,96.136,3,0,2018-10-09 23:00:00
2018-10-10,10,283,0,17.58,95.65,3,0,2018-10-10 00:00:00
2018-10-10,10,283,1,17.079,98.545,3,0,2018-10-10 01:00:00
2018-10-10,10,283,2,16.578,96.621,3,0,2018-10-10 02:00:00
2018-10-10,10,283,3,16.078,98.067,3,0,2018-10-10 03:00:00
2018-10-10,10,283,4,15.577,98.545,2,1,2018-10-10 04:00:00
2018-10-10,10,283,5,15.577,98.545,2,0,2018-10-10 05:00:00
2018-10-10,10,283,6,15.577,98.067,1,1,2018-10-10 06:00:00
2018-10-10,10,283,7,15.577,99.021,0,0,2018-10-10 07:00:00
2018-10-10,10,283,8,15.577,99.021,0,0,2018-10-10 08:00:00
2018-10-10,10,283,9,16.078,98.067,0,0,2018-10-10 09:00:00
2018-10-10,10,283,10,16.078,98.545,0,0,2018-10-10 10:00:00
2018-10-10,10,283,11,16.578,97.587,0,0,2018-10-10 11:00:00
2018-10-10,10,283,12,16.078,97.105,0,0,2018-10-10 12:00:00
2018-10-10,10,283,13,16.078,98.545,0,0,2018-10-10 13:00:00
2018-10-10,10,283,14,16.078,97.587,0,0,2018-10-10 14:00:00
2018-10-10,10,283,15,15.577,94.671,0,0,2018-10-10 15:00:00
2018-10-10,10,283,16,15.577,97.587,0,0,2018-10-10 16:00:00
2018-10-10,10,283,17,15.076,96.136,0,0,2018-10-10 17:00:00
2018-10-10,10,283,18,14.576,98.067,0,0,2018-10-10 18:00:00
2018-10-10,10,283,19,14.576,98.545,0,1,2018-10-10 19:00:00
2018-10-10,10,283,20,14.576,99.021,3,1,2018-10-10 20:00:00
2018-10-10,10,283,21,14.576,99.97,3,1,2018-10-10 21:00:00
2018-10-10,10,283,22,14.576,100.0,3,0,2018-10-10 22:00:00
2018-10-10,10,283,23,14.075,100.0,2,1,2018-10-10 23:00:00
2018-10-11,10,284,0,14.075,100.0,2,0,2018-10-11 00:00:00
2018-10-11,10,284,1,14.075,100.0,2,0,2018-10-11 01:00:00
2018-10-11,10,284,2,14.075,100.0,3,1,2018-10-11 02:00:00
2018-10-11,10,284,3,14.075,100.0,2,0,2018-10-11 03:00:00
2018-10-11,10,284,4,14.075,100.0,2,1,2018-10-11 04:00:00
2018-10-11,10,284,5,14.075,100.0,0,0,2018-10-11 05:00:00
2018-10-11,10,284,6,14.075,100.0,0,1,2018-10-11 06:00:00
2018-10-11,10,284,7,14.075,100.0,0,0,2018-10-11 07:00:00
2018-10-11,10,284,8,13.574,100.0,0,0,2018-10-11 08:00:00
2018-10-11,10,284,9,14.075,100.0,0,0,2018-10-11 09:00:00
2018-10-11,10,284,10,14.075,100.0,0,0,2018-10-11 10:00:00
2018-10-11,10,284,11,14.576,100.0,0,0,2018-10-11 11:00:00
2018-10-11,10,284,12,14.576,100.0,0,0,2018-10-11 12:00:00
2018-10-11,10,284,13,14.576,100.0,0,0,2018-10-11 13:00:00
2018-10-11,10,284,14,14.576,100.0,0,0,2018-10-11 14:00:00
2018-10-11,10,284,15,14.576,100.0,0,0,2018-10-11 15:00:00
2018-10-11,10,284,16,14.576,100.0,0,0,2018-10-11 16:00:00
2018-10-11,10,284,17,14.075,100.0,0,0,2018-10-11 17:00:00
2018-10-11,10,284,18,13.574,100.0,0,0,2018-10-11 18:00:00
2018-10-11,10,284,19,13.574,100.0,0,0,2018-10-11 19:00:00
2018-10-11,10,284,20,13.073,100.0,2,0,2018-10-11 20:00:00
2018-10-11,10,284,21,13.073,100.0,2,0,2018-10-11 21:00:00
2018-10-11,10,284,22,13.073,100.0,3,0,2018-10-11 22:00:00
2018-10-11,10,284,23,13.073,100.0,3,0,2018-10-11 23:00:00
2018-10-12,10,285,0,13.073,100.0,2,0,2018-10-12 00:00:00
2018-10-12,10,285,1,12.572,100.0,1,0,2018-10-12 01:00:00
2018-10-12,10,285,2,12.572,100.0,0,0,2018-10-12 02:00:00
2018-10-12,10,285,3,12.572,100.0,1,0,2018-10-12 03:00:00
2018-10-12,10,285,4,12.572,100.0,2,0,2018-10-12 04:00:00
2018-10-12,10,285,5,12.572,100.0,1,0,2018-10-12 05:00:00
2018-10-12,10,285,6,12.071,100.0,0,1,2018-10-12 06:00:00
2018-10-12,10,285,7,12.572,100.0,0,0,2018-10-12 07:00:00
2018-10-12,10,285,8,12.572,100.0,0,0,2018-10-12 08:00:00
2018-10-12,10,285,9,12.572,100.0,0,0,2018-10-12 09:00:00
2018-10-12,10,285,10,13.073,100.0,0,0,2018-10-12 10:00:00
2018-10-12,10,285,11,13.073,100.0,0,0,2018-10-12 11:00:00
2018-10-12,10,285,12,13.574,100.0,0,0,2018-10-12 12:00:00
2018-10-12,10,285,13,13.073,100.0,0,0,2018-10-12 13:00:00
2018-10-12,10,285,14,13.073,100.0,0,0,2018-10-12 14:00:00
2018-10-12,10,285,15,12.572,99.97,0,0,2018-10-12 15:00:00
2018-10-12,10,285,16,12.071,100.0,0,0,2018-10-12 16:00:00
2018-10-12,10,285,17,11.57,100.0,0,0,2018-10-12 17:00:00
2018-10-12,10,285,18,11.069,100.0,0,0,2018-10-12 18:00:00
2018-10-12,10,285,19,10.568,100.0,0,0,2018-10-12 19:00:00
2018-10-12,10,285,20,10.067,100.0,2,0,2018-10-12 20:00:00
2018-10-12,10,285,21,10.568,100.0,2,0,2018-10-12 21:00:00
2018-10-12,10,285,22,10.568,100.0,1,0,2018-10-12 22:00:00
2018-10-12,10,285,23,10.568,100.0,2,0,2018-10-12 23:00:00
2018-10-13,10,286,0,10.568,100.0,2,0,2018-10-13 00:00:00
2018-10-13,10,286,1,10.568,100.0,1,0,2018-10-13 01:00:00
2018-10-13,10,286,2,10.568,100.0,0,0,2018-10-13 02:00:00
2018-10-13,10,286,3,10.568,100.0,0,0,2018-10-13 03:00:00
2018-10-13,10,286,4,10.568,100.0,2,0,2018-10-13 04:00:00
2018-10-13,10,286,5,10.568,100.0,0,0,2018-10-13 05:00:00
2018-10-13,10,286,6,10.568,100.0,1,0,2018-10-13 06:00:00
2018-10-13,10,286,7,10.568,100.0,0,0,2018-10-13 07:00:00
2018-10-13,10,286,8,10.568,100.0,0,0,2018-10-13 08:00:00
2018-10-13,10,286,9,11.57,100.0,0,0,2018-10-13 09:00:00
2018-10-13,10,286,10,11.57,100.0,0,0,2018-10-13 10:00:00
2018-10-13,10,286,11,11.57,100.0,0,0,2018-10-13 11:00:00
2018-10-13,10,286,12,12.071,100.0,0,0,2018-10-13 12:00:00
2018-10-13,10,286,13,12.572,100.0,0,0,2018-10-13 13:00:00
2018-10-13,10,286,14,12.572,100.0,0,0,2018-10-13 14:00:00
2018-10-13,10,286,15,12.572,100.0,0,0,2018-10-13 15:00:00
2018-10-13,10,286,16,13.073,100.0,0,0,2018-10-13 16:00:00
2018-10-13,10,286,17,12.572,100.0,0,0,2018-10-13 17:00:00
2018-10-13,10,286,18,12.071,100.0,0,0,2018-10-13 18:00:00
2018-10-13,10,286,19,11.57,100.0,0,0,2018-10-13 19:00:00
2018-10-13,10,286,20,11.57,100.0,2,0,2018-10-13 20:00:00
2018-10-13,10,286,21,11.57,100.0,2,0,2018-10-13 21:00:00
2018-10-13,10,286,22,11.069,100.0,1,0,2018-10-13 22:00:00
2018-10-13,10,286,23,10.568,100.0,0,0,2018-10-13 23:00:00
2018-10-14,10,287,0,10.568,100.0,0,0,2018-10-14 00:00:00
2018-10-14,10,287,1,10.568,100.0,1,0,2018-10-14 01:00:00
2018-10-14,10,287,2,10.568,100.0,1,0,2018-10-14 02:00:00
2018-10-14,10,287,3,10.568,100.0,0,0,2018-10-14 03:00:00
2018-10-14,10,287,4,10.568,100.0,0,0,2018-10-14 04:00:00
2018-10-14,10,287,5,10.568,100.0,0,0,2018-10-14 05:00:00
2018-10-14,10,287,6,10.568,100.0,0,0,2018-10-14 06:00:00
2018-10-14,10,287,7,10.568,100.0,0,0,2018-10-14 07:00:00
2018-10-14,10,287,8,10.568,100.0,0,0,2018-10-14 08:00:00
2018-10-14,10,287,9,10.568,100.0,0,0,2018-10-14 09:00:00
2018-10-14,10,287,10,11.57,100.0,0,0,2018-10-14 10:00:00
2018-10-14,10,287,11,12.572,100.0,0,0,2018-10-14 11:00:00
2018-10-14,10,287,12,13.574,98.545,0,0,2018-10-14 12:00:00
2018-10-14,10,287,13,14.075,94.179,0,0,2018-10-14 13:00:00
2018-10-14,10,287,14,15.076,89.165,0,0,2018-10-14 14:00:00
2018-10-14,10,287,15,15.076,89.674,0,0,2018-10-14 15:00:00
2018-10-14,10,287,16,15.577,89.165,0,0,2018-10-14 16:00:00
2018-10-14,10,287,17,15.577,88.655,0,0,2018-10-14 17:00:00
2018-10-14,10,287,18,13.073,97.105,0,0,2018-10-14 18:00:00
2018-10-14,10,287,19,12.572,100.0,0,0,2018-10-14 19:00:00
2018-10-14,10,287,20,12.071,100.0,2,0,2018-10-14 20:00:00
2018-10-14,10,287,21,11.57,100.0,2,0,2018-10-14 21:00:00
2018-10-14,10,287,22,11.57,100.0,2,0,2018-10-14 22:00:00
2018-10-14,10,287,23,11.57,100.0,2,0,2018-10-14 23:00:00
2018-10-15,10,288,0,11.57,100.0,2,0,2018-10-15 00:00:00
2018-10-15,10,288,1,11.069,100.0,2,0,2018-10-15 01:00:00
2018-10-15,10,288,2,11.069,100.0,2,0,2018-10-15 02:00:00
2018-10-15,10,288,3,11.069,100.0,2,0,2018-10-15 03:00:00
2018-10-15,10,288,4,11.069,100.0,0,0,2018-10-15 04:00:00
2018-10-15,10,288,5,11.069,100.0,0,0,2018-10-15 05:00:00
2018-10-15,10,288,6,11.069,100.0,0,0,2018-10-15 06:00:00
2018-10-15,10,288,7,10.568,100.0,0,0,2018-10-15 07:00:00
2018-10-15,10,288,8,11.069,100.0,0,0,2018-10-15 08:00:00
2018-10-15,10,288,9,11.57,100.0,0,0,2018-10-15 09:00:00
2018-10-15,10,288,10,13.073,100.0,0,0,2018-10-15 10:00:00
2018-10-15,10,288,11,15.577,100.0,0,0,2018-10-15 11:00:00
2018-10-15,10,288,12,17.58,92.194,0,0,2018-10-15 12:00:00
2018-10-15,10,288,13,18.581,86.595,0,0,2018-10-15 13:00:00
2018-10-15,10,288,14,19.582,64.493,0,0,2018-10-15 14:00:00
2018-10-15,10,288,15,20.082,58.541,0,0,2018-10-15 15:00:00
2018-10-15,10,288,16,20.582,57.33,0,0,2018-10-15 16:00:00
2018-10-15,10,288,17,20.582,62.726,0,0,2018-10-15 17:00:00
2018-10-15,10,288,18,20.082,64.493,0,0,2018-10-15 18:00:00
2018-10-15,10,288,19,18.581,77.535,0,0,2018-10-15 19:00:00
2018-10-15,10,288,20,16.078,86.595,0,0,2018-10-15 20:00:00
2018-10-15,10,288,21,15.076,90.182,0,0,2018-10-15 21:00:00
2018-10-15,10,288,22,14.576,92.194,0,0,2018-10-15 22:00:00
2018-10-15,10,288,23,14.075,94.179,0,0,2018-10-15 23:00:00
2018-10-16,10,289,0,13.574,95.161,0,0,2018-10-16 00:00:00
2018-10-16,10,289,1,13.574,96.621,0,0,2018-10-16 01:00:00
2018-10-16,10,289,2,13.073,96.621,0,0,2018-10-16 02:00:00
2018-10-16,10,289,3,13.073,96.136,1,0,2018-10-16 03:00:00
2018-10-16,10,289,4,12.572,98.545,0,0,2018-10-16 04:00:00
2018-10-16,10,289,5,12.572,99.496,0,0,2018-10-16 05:00:00
2018-10-16,10,289,6,12.071,99.496,0,0,2018-10-16 06:00:00
2018-10-16,10,289,7,12.071,99.021,0,0,2018-10-16 07:00:00
2018-10-16,10,289,8,12.572,99.97,0,0,2018-10-16 08:00:00
2018-10-16,10,289,9,13.574,97.587,0,0,2018-10-16 09:00:00
2018-10-16,10,289,10,16.078,89.674,0,0,2018-10-16 10:00:00
2018-10-16,10,289,11,19.582,78.082,0,0,2018-10-16 11:00:00
2018-10-16,10,289,12,20.582,70.843,0,0,2018-10-16 12:00:00
2018-10-16,10,289,13,21.083,71.41,0,0,2018-10-16 13:00:00
2018-10-16,10,289,14,22.583,64.493,0,0,2018-10-16 14:00:00
2018-10-16,10,289,15,24.084,60.345,0,0,2018-10-16 15:00:00
2018-10-16,10,289,16,24.084,59.745,0,0,2018-10-16 16:00:00
2018-10-16,10,289,17,24.084,59.144,0,0,2018-10-16 17:00:00
2018-10-16,10,289,18,23.084,62.133,0,0,2018-10-16 18:00:00
2018-10-16,10,289,19,21.083,71.41,0,0,2018-10-16 19:00:00
2018-10-16,10,289,20,19.582,80.789,0,0,2018-10-16 20:00:00
2018-10-16,10,289,21,19.081,82.924,0,0,2018-10-16 21:00:00
2018-10-16,10,289,22,18.08,88.142,0,0,2018-10-16 22:00:00
2018-10-16,10,289,23,17.58,89.674,0,0,2018-10-16 23:00:00
2018-10-17,10,290,0,17.079,92.194,0,0,2018-10-17 00:00:00
2018-10-17,10,290,1,16.578,92.194,1,0,2018-10-17 01:00:00
2018-10-17,10,290,2,16.078,93.685,0,0,2018-10-17 02:00:00
2018-10-17,10,290,3,15.577,95.161,1,0,2018-10-17 03:00:00
2018-10-17,10,290,4,15.577,95.65,0,0,2018-10-17 04:00:00
2018-10-17,10,290,5,15.577,96.136,0,0,2018-10-17 05:00:00
2018-10-17,10,290,6,15.076,95.65,0,0,2018-10-17 06:00:00
2018-10-17,10,290,7,15.076,96.136,0,0,2018-10-17 07:00:00
2018-10-17,10,290,8,16.078,94.671,0,0,2018-10-17 08:00:00
2018-10-17,10,290,9,17.079,92.693,0,0,2018-10-17 09:00:00
2018-10-17,10,290,10,20.082,84.508,0,0,2018-10-17 10:00:00
2018-10-17,10,290,11,23.084,69.704,0,0,2018-10-17 11:00:00
2018-10-17,10,290,12,25.584,61.539,0,0,2018-10-17 12:00:00
2018-10-17,10,290,13,27.584,44.846,0,0,2018-10-17 13:00:00
2018-10-17,10,290,14,28.083,49.921,0,0,2018-10-17 14:00:00
2018-10-17,10,290,15,29.083,47.397,0,0,2018-10-17 15:00:00
2018-10-17,10,290,16,28.083,48.663,0,0,2018-10-17 16:00:00
2018-10-17,10,290,17,28.083,53.038,0,0,2018-10-17 17:00:00
2018-10-17,10,290,18,27.584,49.293,0,0,2018-10-17 18:00:00
2018-10-17,10,290,19,26.584,51.797,0,0,2018-10-17 19:00:00
2018-10-17,10,290,20,23.084,67.983,0,1,2018-10-17 20:00:00
2018-10-17,10,290,21,22.583,70.275,0,0,2018-10-17 21:00:00
2018-10-17,10,290,22,22.083,71.41,0,0,2018-10-17 22:00:00
2018-10-17,10,290,23,21.583,70.843,0,0,2018-10-17 23:00:00
2018-10-18,10,291,0,21.583,71.976,0,0,2018-10-18 00:00:00
2018-10-18,10,291,1,21.083,71.976,1,0,2018-10-18 01:00:00
2018-10-18,10,291,2,21.083,75.332,0,0,2018-10-18 02:00:00
2018-10-18,10,291,3,21.083,73.662,0,0,2018-10-18 03:00:00
2018-10-18,10,291,4,20.082,77.535,0,0,2018-10-18 04:00:00
2018-10-18,10,291,5,19.582,77.535,0,0,2018-10-18 05:00:00
2018-10-18,10,291,6,20.082,76.987,0,0,2018-10-18 06:00:00
2018-10-18,10,291,7,20.082,78.082,0,0,2018-10-18 07:00:00
2018-10-18,10,291,8,20.582,78.627,0,0,2018-10-18 08:00:00
2018-10-18,10,291,9,21.083,78.627,0,0,2018-10-18 09:00:00
2018-10-18,10,291,10,23.584,70.275,0,0,2018-10-18 10:00:00
2018-10-18,10,291,11,26.084,60.345,0,0,2018-10-18 11:00:00
2018-10-18,10,291,12,28.083,51.797,0,0,2018-10-18 12:00:00
2018-10-18,10,291,13,29.083,49.921,0,0,2018-10-18 13:00:00
2018-10-18,10,291,14,28.583,49.921,0,0,2018-10-18 14:00:00
2018-10-18,10,291,15,26.084,61.539,0,0,2018-10-18 15:00:00
2018-10-18,10,291,16,28.083,53.657,0,0,2018-10-18 16:00:00
2018-10-18,10,291,17,28.583,51.173,0,0,2018-10-18 17:00:00
2018-10-18,10,291,18,26.584,63.316,0,0,2018-10-18 18:00:00
2018-10-18,10,291,19,25.084,67.405,0,0,2018-10-18 19:00:00
2018-10-18,10,291,20,24.084,67.983,0,1,2018-10-18 20:00:00
2018-10-18,10,291,21,23.584,70.843,0,1,2018-10-18 21:00:00
2018-10-18,10,291,22,23.584,70.843,0,0,2018-10-18 22:00:00
2018-10-18,10,291,23,22.083,80.789,0,0,2018-10-18 23:00:00
2018-10-19,10,292,1,20.082,82.393,0,0,2018-10-19 01:00:00
2018-10-19,10,292,2,21.583,76.987,1,1,2018-10-19 02:00:00
2018-10-19,10,292,3,19.582,88.655,1,0,2018-10-19 03:00:00
2018-10-19,10,292,4,18.08,97.105,3,0,2018-10-19 04:00:00
2018-10-19,10,292,5,18.08,99.021,3,0,2018-10-19 05:00:00
2018-10-19,10,292,6,17.58,99.021,2,1,2018-10-19 06:00:00
2018-10-19,10,292,7,17.58,99.97,0,2,2018-10-19 07:00:00
2018-10-19,10,292,8,17.079,100.0,0,2,2018-10-19 08:00:00
2018-10-19,10,292,9,16.578,100.0,0,2,2018-10-19 09:00:00
2018-10-19,10,292,10,15.577,100.0,0,1,2018-10-19 10:00:00
2018-10-19,10,292,11,15.577,100.0,0,1,2018-10-19 11:00:00
2018-10-19,10,292,12,15.577,100.0,0,2,2018-10-19 12:00:00
2018-10-19,10,292,13,16.078,100.0,0,2,2018-10-19 13:00:00
2018-10-19,10,292,14,17.079,100.0,0,2,2018-10-19 14:00:00
2018-10-19,10,292,15,17.58,100.0,0,2,2018-10-19 15:00:00
2018-10-19,10,292,16,18.08,100.0,0,2,2018-10-19 16:00:00
2018-10-19,10,292,17,18.581,99.021,0,1,2018-10-19 17:00:00
2018-10-19,10,292,18,18.08,99.97,0,2,2018-10-19 18:00:00
2018-10-19,10,292,19,18.08,99.97,0,3,2018-10-19 19:00:00
2018-10-19,10,292,20,16.578,100.0,2,2,2018-10-19 20:00:00
2018-10-19,10,292,21,16.578,100.0,3,2,2018-10-19 21:00:00
2018-10-19,10,292,22,16.078,100.0,3,2,2018-10-19 22:00:00
2018-10-19,10,292,23,16.078,100.0,2,3,2018-10-19 23:00:00
2018-10-20,10,293,0,16.078,100.0,2,3,2018-10-20 00:00:00
2018-10-20,10,293,1,15.577,100.0,0,3,2018-10-20 01:00:00
2018-10-20,10,293,2,15.076,100.0,0,3,2018-10-20 02:00:00
2018-10-20,10,293,3,15.076,100.0,0,3,2018-10-20 03:00:00
2018-10-20,10,293,4,15.076,100.0,0,3,2018-10-20 04:00:00
2018-10-20,10,293,5,15.076,100.0,0,3,2018-10-20 05:00:00
2018-10-20,10,293,6,15.076,100.0,0,3,2018-10-20 06:00:00
2018-10-20,10,293,7,15.076,100.0,0,0,2018-10-20 07:00:00
2018-10-20,10,293,8,15.577,100.0,0,0,2018-10-20 08:00:00
2018-10-20,10,293,9,15.577,100.0,0,0,2018-10-20 09:00:00
2018-10-20,10,293,10,17.079,100.0,0,0,2018-10-20 10:00:00
2018-10-20,10,293,11,18.581,96.136,0,0,2018-10-20 11:00:00
2018-10-20,10,293,12,20.082,88.142,0,0,2018-10-20 12:00:00
2018-10-20,10,293,13,19.081,94.671,0,0,2018-10-20 13:00:00
2018-10-20,10,293,14,19.582,94.671,0,0,2018-10-20 14:00:00
2018-10-20,10,293,15,19.081,92.194,0,0,2018-10-20 15:00:00
2018-10-20,10,293,16,19.582,91.693,0,1,2018-10-20 16:00:00
2018-10-20,10,293,17,19.582,90.182,0,0,2018-10-20 17:00:00
2018-10-20,10,293,18,19.081,95.65,0,0,2018-10-20 18:00:00
2018-10-20,10,293,19,18.581,96.621,0,2,2018-10-20 19:00:00
2018-10-20,10,293,20,17.58,97.587,2,3,2018-10-20 20:00:00
2018-10-20,10,293,21,17.58,99.97,1,3,2018-10-20 21:00:00
2018-10-20,10,293,22,17.58,99.97,0,3,2018-10-20 22:00:00
2018-10-20,10,293,23,17.079,99.496,0,3,2018-10-20 23:00:00
2018-10-21,10,294,0,17.079,99.97,0,3,2018-10-21 00:00:00
2018-10-21,10,294,1,17.079,99.97,1,3,2018-10-21 01:00:00
2018-10-21,10,294,2,17.079,100.0,1,2,2018-10-21 02:00:00
2018-10-21,10,294,3,17.079,100.0,1,2,2018-10-21 03:00:00
2018-10-21,10,294,4,16.578,100.0,0,2,2018-10-21 04:00:00
2018-10-21,10,294,5,16.578,100.0,0,1,2018-10-21 05:00:00
2018-10-21,10,294,6,16.578,100.0,0,2,2018-10-21 06:00:00
2018-10-21,10,294,7,16.578,100.0,0,2,2018-10-21 07:00:00
2018-10-21,10,294,8,17.079,100.0,0,2,2018-10-21 08:00:00
2018-10-21,10,294,9,17.58,100.0,0,0,2018-10-21 09:00:00
2018-10-21,10,294,10,17.58,100.0,0,1,2018-10-21 10:00:00
2018-10-21,10,294,11,18.08,100.0,0,0,2018-10-21 11:00:00
2018-10-21,10,294,12,19.582,99.97,0,0,2018-10-21 12:00:00
2018-10-21,10,294,13,19.582,98.067,0,0,2018-10-21 13:00:00
2018-10-21,10,294,14,20.082,99.496,0,0,2018-10-21 14:00:00
2018-10-21,10,294,15,20.082,97.587,0,0,2018-10-21 15:00:00
2018-10-21,10,294,16,20.082,99.496,0,2,2018-10-21 16:00:00
2018-10-21,10,294,17,19.081,99.97,0,0,2018-10-21 17:00:00
2018-10-21,10,294,18,18.581,100.0,0,0,2018-10-21 18:00:00
2018-10-21,10,294,19,18.581,100.0,0,2,2018-10-21 19:00:00
2018-10-21,10,294,20,18.581,100.0,2,2,2018-10-21 20:00:00
2018-10-21,10,294,21,18.08,100.0,0,3,2018-10-21 21:00:00
2018-10-21,10,294,22,18.08,100.0,0,3,2018-10-21 22:00:00
2018-10-21,10,294,23,18.08,100.0,0,3,2018-10-21 23:00:00
2018-10-22,10,295,0,18.08,99.97,0,3,2018-10-22 00:00:00
2018-10-22,10,295,1,18.08,100.0,0,3,2018-10-22 01:00:00
2018-10-22,10,295,2,18.08,100.0,0,2,2018-10-22 02:00:00
2018-10-22,10,295,3,18.08,100.0,0,3,2018-10-22 03:00:00
2018-10-22,10,295,4,18.08,100.0,0,3,2018-10-22 04:00:00
2018-10-22,10,295,5,18.08,100.0,0,2,2018-10-22 05:00:00
2018-10-22,10,295,6,17.58,100.0,0,2,2018-10-22 06:00:00
2018-10-22,10,295,7,17.58,100.0,0,0,2018-10-22 07:00:00
2018-10-22,10,295,8,18.08,100.0,0,0,2018-10-22 08:00:00
2018-10-22,10,295,9,18.581,100.0,0,0,2018-10-22 09:00:00
2018-10-22,10,295,10,19.081,100.0,0,0,2018-10-22 10:00:00
2018-10-22,10,295,11,20.082,100.0,0,0,2018-10-22 11:00:00
2018-10-22,10,295,12,20.582,99.021,0,0,2018-10-22 12:00:00
2018-10-22,10,295,13,21.083,97.587,0,0,2018-10-22 13:00:00
2018-10-22,10,295,14,21.583,97.105,0,0,2018-10-22 14:00:00
2018-10-22,10,295,15,22.083,93.19,0,0,2018-10-22 15:00:00
2018-10-22,10,295,16,22.083,92.693,0,0,2018-10-22 16:00:00
2018-10-22,10,295,17,21.583,96.621,0,0,2018-10-22 17:00:00
2018-10-22,10,295,18,21.083,98.545,0,0,2018-10-22 18:00:00
2018-10-22,10,295,19,20.582,98.545,0,3,2018-10-22 19:00:00
2018-10-22,10,295,20,20.082,100.0,2,1,2018-10-22 20:00:00
2018-10-22,10,295,21,19.582,100.0,2,0,2018-10-22 21:00:00
2018-10-22,10,295,22,19.582,100.0,2,0,2018-10-22 22:00:00
2018-10-22,10,295,23,18.581,100.0,2,1,2018-10-22 23:00:00
2018-10-23,10,296,0,18.08,100.0,1,1,2018-10-23 00:00:00
2018-10-23,10,296,1,18.08,100.0,0,0,2018-10-23 01:00:00
2018-10-23,10,296,2,17.079,100.0,0,1,2018-10-23 02:00:00
2018-10-23,10,296,3,16.578,100.0,0,1,2018-10-23 03:00:00
2018-10-23,10,296,4,16.578,100.0,0,2,2018-10-23 04:00:00
2018-10-23,10,296,5,16.078,100.0,0,2,2018-10-23 05:00:00
2018-10-23,10,296,6,16.578,100.0,0,2,2018-10-23 06:00:00
2018-10-23,10,296,7,16.578,100.0,0,1,2018-10-23 07:00:00
2018-10-23,10,296,8,16.578,100.0,0,2,2018-10-23 08:00:00
2018-10-23,10,296,9,16.578,100.0,0,0,2018-10-23 09:00:00
2018-10-23,10,296,10,16.578,100.0,0,0,2018-10-23 10:00:00
2018-10-23,10,296,11,16.078,100.0,0,2,2018-10-23 11:00:00
2018-10-23,10,296,12,16.078,100.0,0,0,2018-10-23 12:00:00
2018-10-23,10,296,13,15.577,100.0,0,0,2018-10-23 13:00:00
2018-10-23,10,296,14,16.078,100.0,0,1,2018-10-23 14:00:00
2018-10-23,10,296,15,16.078,100.0,0,2,2018-10-23 15:00:00
2018-10-23,10,296,16,15.577,100.0,0,2,2018-10-23 16:00:00
2018-10-23,10,296,17,15.577,100.0,0,2,2018-10-23 17:00:00
2018-10-23,10,296,18,15.577,100.0,0,1,2018-10-23 18:00:00
2018-10-23,10,296,19,15.076,100.0,0,2,2018-10-23 19:00:00
2018-10-23,10,296,20,15.076,100.0,1,2,2018-10-23 20:00:00
2018-10-23,10,296,21,15.076,100.0,0,2,2018-10-23 21:00:00
2018-10-23,10,296,22,14.576,100.0,0,2,2018-10-23 22:00:00
2018-10-23,10,296,23,14.075,100.0,0,2,2018-10-23 23:00:00
2018-10-24,10,297,0,14.576,100.0,0,2,2018-10-24 00:00:00
2018-10-24,10,297,1,14.075,100.0,0,2,2018-10-24 01:00:00
2018-10-24,10,297,2,14.075,100.0,0,2,2018-10-24 02:00:00
2018-10-24,10,297,3,14.075,100.0,0,2,2018-10-24 03:00:00
2018-10-24,10,297,4,13.574,100.0,0,0,2018-10-24 04:00:00
2018-10-24,10,297,5,13.574,100.0,0,2,2018-10-24 05:00:00
2018-10-24,10,297,6,13.574,100.0,0,1,2018-10-24 06:00:00
2018-10-24,10,297,7,14.075,100.0,0,0,2018-10-24 07:00:00
2018-10-24,10,297,8,14.075,100.0,0,0,2018-10-24 08:00:00
2018-10-24,10,297,9,14.576,100.0,0,1,2018-10-24 09:00:00
2018-10-24,10,297,10,15.577,100.0,0,0,2018-10-24 10:00:00
2018-10-24,10,297,11,15.577,100.0,0,0,2018-10-24 11:00:00
2018-10-24,10,297,12,16.578,100.0,0,0,2018-10-24 12:00:00
2018-10-24,10,297,13,17.079,99.97,0,0,2018-10-24 13:00:00
2018-10-24,10,297,14,18.08,96.621,0,0,2018-10-24 14:00:00
2018-10-24,10,297,15,17.58,99.97,0,0,2018-10-24 15:00:00
2018-10-24,10,297,16,18.08,99.97,0,0,2018-10-24 16:00:00
2018-10-24,10,297,17,17.58,99.496,0,0,2018-10-24 17:00:00
2018-10-24,10,297,18,17.58,100.0,0,1,2018-10-24 18:00:00
2018-10-24,10,297,19,16.578,100.0,0,0,2018-10-24 19:00:00
2018-10-24,10,297,20,16.578,100.0,2,2,2018-10-24 20:00:00
2018-10-24,10,297,21,16.078,100.0,0,2,2018-10-24 21:00:00
2018-10-24,10,297,22,16.078,100.0,1,1,2018-10-24 22:00:00
2018-10-24,10,297,23,16.078,100.0,2,1,2018-10-24 23:00:00
2018-10-25,10,298,0,16.078,100.0,0,2,2018-10-25 00:00:00
2018-10-25,10,298,1,16.078,100.0,0,0,2018-10-25 01:00:00
2018-10-25,10,298,2,16.078,100.0,2,1,2018-10-25 02:00:00
2018-10-25,10,298,3,16.078,100.0,0,1,2018-10-25 03:00:00
2018-10-25,10,298,4,16.078,100.0,0,0,2018-10-25 04:00:00
2018-10-25,10,298,5,16.078,100.0,0,1,2018-10-25 05:00:00
2018-10-25,10,298,6,16.078,100.0,0,1,2018-10-25 06:00:00
2018-10-25,10,298,7,15.577,100.0,0,0,2018-10-25 07:00:00
2018-10-25,10,298,8,16.078,100.0,0,0,2018-10-25 08:00:00
2018-10-25,10,298,9,16.078,100.0,0,0,2018-10-25 09:00:00
2018-10-25,10,298,10,16.578,100.0,0,0,2018-10-25 10:00:00
2018-10-25,10,298,11,17.079,100.0,0,1,2018-10-25 11:00:00
2018-10-25,10,298,12,17.58,100.0,0,0,2018-10-25 12:00:00
2018-10-25,10,298,13,17.079,100.0,0,0,2018-10-25 13:00:00
2018-10-25,10,298,14,17.58,100.0,0,0,2018-10-25 14:00:00
2018-10-25,10,298,15,18.08,100.0,0,0,2018-10-25 15:00:00
2018-10-25,10,298,16,17.079,98.545,0,0,2018-10-25 16:00:00
2018-10-25,10,298,17,17.079,100.0,0,0,2018-10-25 17:00:00
2018-10-25,10,298,18,17.079,100.0,0,0,2018-10-25 18:00:00
2018-10-25,10,298,19,16.578,100.0,0,1,2018-10-25 19:00:00
2018-10-25,10,298,20,16.578,100.0,0,1,2018-10-25 20:00:00
2018-10-25,10,298,21,16.578,100.0,2,0,2018-10-25 21:00:00
2018-10-25,10,298,22,16.578,100.0,0,0,2018-10-25 22:00:00
2018-10-25,10,298,23,16.078,100.0,1,1,2018-10-25 23:00:00
2018-10-26,10,299,0,16.078,100.0,0,1,2018-10-26 00:00:00
2018-10-26,10,299,1,16.078,100.0,0,1,2018-10-26 01:00:00
2018-10-26,10,299,2,16.078,100.0,0,1,2018-10-26 02:00:00
2018-10-26,10,299,3,16.078,100.0,0,2,2018-10-26 03:00:00
2018-10-26,10,299,4,16.078,100.0,0,2,2018-10-26 04:00:00
2018-10-26,10,299,5,16.078,100.0,0,1,2018-10-26 05:00:00
2018-10-26,10,299,6,15.577,100.0,0,2,2018-10-26 06:00:00
2018-10-26,10,299,7,15.577,100.0,0,0,2018-10-26 07:00:00
2018-10-26,10,299,8,15.577,100.0,0,0,2018-10-26 08:00:00
2018-10-26,10,299,9,16.078,100.0,0,0,2018-10-26 09:00:00
2018-10-26,10,299,10,16.078,100.0,0,0,2018-10-26 10:00:00
2018-10-26,10,299,11,17.079,100.0,0,0,2018-10-26 11:00:00
2018-10-26,10,299,12,17.079,100.0,0,0,2018-10-26 12:00:00
2018-10-26,10,299,13,18.08,99.021,0,0,2018-10-26 13:00:00
2018-10-26,10,299,14,19.081,95.65,0,0,2018-10-26 14:00:00
2018-10-26,10,299,15,19.081,92.693,0,0,2018-10-26 15:00:00
2018-10-26,10,299,16,19.081,93.685,0,0,2018-10-26 16:00:00
2018-10-26,10,299,17,19.081,93.19,0,0,2018-10-26 17:00:00
2018-10-26,10,299,18,18.581,94.671,0,0,2018-10-26 18:00:00
2018-10-26,10,299,19,18.08,99.021,0,0,2018-10-26 19:00:00
2018-10-26,10,299,20,17.58,99.97,0,2,2018-10-26 20:00:00
2018-10-26,10,299,21,17.079,100.0,0,2,2018-10-26 21:00:00
2018-10-26,10,299,22,17.079,100.0,0,2,2018-10-26 22:00:00
2018-10-26,10,299,23,17.079,100.0,0,2,2018-10-26 23:00:00
2018-10-27,10,300,0,15.577,100.0,2,0,2018-10-27 00:00:00
2018-10-27,10,300,1,14.576,100.0,1,2,2018-10-27 01:00:00
2018-10-27,10,300,2,14.075,100.0,1,1,2018-10-27 02:00:00
2018-10-27,10,300,3,14.075,100.0,0,2,2018-10-27 03:00:00
2018-10-27,10,300,4,14.075,100.0,0,2,2018-10-27 04:00:00
2018-10-27,10,300,5,14.075,100.0,0,1,2018-10-27 05:00:00
2018-10-27,10,300,6,14.075,100.0,0,0,2018-10-27 06:00:00
2018-10-27,10,300,7,14.075,100.0,0,0,2018-10-27 07:00:00
2018-10-27,10,300,8,14.576,100.0,0,0,2018-10-27 08:00:00
2018-10-27,10,300,9,13.574,100.0,0,0,2018-10-27 09:00:00
2018-10-27,10,300,10,13.574,100.0,0,0,2018-10-27 10:00:00
2018-10-27,10,300,11,13.574,100.0,0,0,2018-10-27 11:00:00
2018-10-27,10,300,12,14.576,100.0,0,0,2018-10-27 12:00:00
2018-10-27,10,300,13,14.576,100.0,0,0,2018-10-27 13:00:00
2018-10-27,10,300,14,14.576,100.0,0,0,2018-10-27 14:00:00
2018-10-27,10,300,15,15.577,100.0,0,0,2018-10-27 15:00:00
2018-10-27,10,300,16,15.076,100.0,0,0,2018-10-27 16:00:00
2018-10-27,10,300,17,15.076,100.0,0,1,2018-10-27 17:00:00
2018-10-27,10,300,18,15.076,100.0,0,0,2018-10-27 18:00:00
2018-10-27,10,300,19,14.576,100.0,0,0,2018-10-27 19:00:00
2018-10-27,10,300,20,14.576,100.0,0,1,2018-10-27 20:00:00
2018-10-27,10,300,21,14.576,100.0,2,1,2018-10-27 21:00:00
2018-10-27,10,300,22,14.576,100.0,0,0,2018-10-27 22:00:00
2018-10-27,10,300,23,14.576,100.0,0,0,2018-10-27 23:00:00
2018-10-28,10,301,0,14.576,100.0,0,2,2018-10-28 00:00:00
2018-10-28,10,301,1,14.576,100.0,1,0,2018-10-28 01:00:00
2018-10-28,10,301,2,14.576,100.0,0,0,2018-10-28 02:00:00
2018-10-28,10,301,3,14.576,100.0,0,1,2018-10-28 03:00:00
2018-10-28,10,301,4,14.576,100.0,0,0,2018-10-28 04:00:00
2018-10-28,10,301,5,14.576,100.0,0,0,2018-10-28 05:00:00
2018-10-28,10,301,6,14.576,100.0,0,1,2018-10-28 06:00:00
2018-10-28,10,301,7,14.576,100.0,0,0,2018-10-28 07:00:00
2018-10-28,10,301,8,14.576,100.0,0,0,2018-10-28 08:00:00
2018-10-28,10,301,9,15.076,100.0,0,0,2018-10-28 09:00:00
2018-10-28,10,301,10,15.577,100.0,0,0,2018-10-28 10:00:00
2018-10-28,10,301,11,16.578,100.0,0,0,2018-10-28 11:00:00
2018-10-28,10,301,12,16.578,100.0,0,0,2018-10-28 12:00:00
2018-10-28,10,301,13,17.079,99.496,0,0,2018-10-28 13:00:00
2018-10-28,10,301,14,17.58,99.97,0,0,2018-10-28 14:00:00
2018-10-28,10,301,15,17.58,99.496,0,0,2018-10-28 15:00:00
2018-10-28,10,301,16,17.079,99.496,0,0,2018-10-28 16:00:00
2018-10-28,10,301,17,16.578,100.0,0,0,2018-10-28 17:00:00
2018-10-28,10,301,18,16.078,100.0,0,1,2018-10-28 18:00:00
2018-10-28,10,301,19,16.078,100.0,0,0,2018-10-28 19:00:00
2018-10-28,10,301,20,16.078,100.0,0,0,2018-10-28 20:00:00
2018-10-28,10,301,21,15.577,100.0,1,2,2018-10-28 21:00:00
2018-10-28,10,301,22,15.577,100.0,1,0,2018-10-28 22:00:00
2018-10-28,10,301,23,15.577,100.0,0,0,2018-10-28 23:00:00
2018-10-29,10,302,0,15.577,100.0,0,1,2018-10-29 00:00:00
2018-10-29,10,302,1,15.577,100.0,0,1,2018-10-29 01:00:00
2018-10-29,10,302,2,15.076,100.0,0,2,2018-10-29 02:00:00
2018-10-29,10,302,3,15.076,100.0,0,0,2018-10-29 03:00:00
2018-10-29,10,302,4,15.076,100.0,0,0,2018-10-29 04:00:00
2018-10-29,10,302,5,15.076,100.0,0,0,2018-10-29 05:00:00
2018-10-29,10,302,6,15.076,100.0,0,0,2018-10-29 06:00:00
2018-10-29,10,302,7,15.577,100.0,0,0,2018-10-29 07:00:00
2018-10-29,10,302,8,15.577,100.0,0,0,2018-10-29 08:00:00
2018-10-29,10,302,9,16.078,100.0,0,0,2018-10-29 09:00:00
2018-10-29,10,302,10,16.578,100.0,0,0,2018-10-29 10:00:00
2018-10-29,10,302,11,17.58,100.0,0,0,2018-10-29 11:00:00
2018-10-29,10,302,12,18.581,99.97,0,0,2018-10-29 12:00:00
2018-10-29,10,302,13,18.581,97.587,0,0,2018-10-29 13:00:00
2018-10-29,10,302,14,18.581,96.621,0,0,2018-10-29 14:00:00
2018-10-29,10,302,15,18.581,93.19,0,0,2018-10-29 15:00:00
2018-10-29,10,302,16,19.081,95.161,0,0,2018-10-29 16:00:00
2018-10-29,10,302,17,19.081,97.105,0,0,2018-10-29 17:00:00
2018-10-29,10,302,18,18.581,99.496,0,0,2018-10-29 18:00:00
2018-10-29,10,302,19,17.58,100.0,0,0,2018-10-29 19:00:00
2018-10-29,10,302,20,17.58,100.0,0,0,2018-10-29 20:00:00
2018-10-29,10,302,21,17.079,100.0,1,0,2018-10-29 21:00:00
2018-10-29,10,302,22,17.079,100.0,1,1,2018-10-29 22:00:00
2018-10-29,10,302,23,17.079,100.0,2,0,2018-10-29 23:00:00
2018-10-30,10,303,0,17.079,100.0,2,0,2018-10-30 00:00:00
2018-10-30,10,303,1,17.079,100.0,0,0,2018-10-30 01:00:00
2018-10-30,10,303,2,16.578,100.0,0,1,2018-10-30 02:00:00
2018-10-30,10,303,3,16.578,100.0,0,0,2018-10-30 03:00:00
2018-10-30,10,303,4,16.578,100.0,0,0,2018-10-30 04:00:00
2018-10-30,10,303,5,16.578,100.0,0,0,2018-10-30 05:00:00
2018-10-30,10,303,6,16.578,100.0,0,2,2018-10-30 06:00:00
2018-10-30,10,303,7,16.578,100.0,0,0,2018-10-30 07:00:00
2018-10-30,10,303,8,16.578,100.0,0,0,2018-10-30 08:00:00
2018-10-30,10,303,9,17.58,100.0,0,0,2018-10-30 09:00:00
2018-10-30,10,303,10,17.58,100.0,0,0,2018-10-30 10:00:00
2018-10-30,10,303,11,19.081,100.0,0,0,2018-10-30 11:00:00
2018-10-30,10,303,12,21.583,93.685,0,0,2018-10-30 12:00:00
2018-10-30,10,303,13,23.084,86.595,0,0,2018-10-30 13:00:00
2018-10-30,10,303,14,24.584,82.393,0,0,2018-10-30 14:00:00
2018-10-30,10,303,15,24.584,83.454,0,0,2018-10-30 15:00:00
2018-10-30,10,303,16,25.084,80.789,0,0,2018-10-30 16:00:00
2018-10-30,10,303,17,24.584,81.325,0,0,2018-10-30 17:00:00
2018-10-30,10,303,18,23.084,91.191,0,0,2018-10-30 18:00:00
2018-10-30,10,303,19,22.083,93.685,0,0,2018-10-30 19:00:00
2018-10-30,10,303,20,21.083,96.136,0,1,2018-10-30 20:00:00
2018-10-30,10,303,21,21.083,97.105,1,1,2018-10-30 21:00:00
2018-10-30,10,303,22,20.582,97.105,0,2,2018-10-30 22:00:00
2018-10-30,10,303,23,20.082,98.067,0,2,2018-10-30 23:00:00
2018-10-31,10,304,0,20.582,98.545,0,0,2018-10-31 00:00:00
2018-10-31,10,304,1,20.082,99.021,0,0,2018-10-31 01:00:00
2018-10-31,10,304,2,19.582,99.021,0,0,2018-10-31 02:00:00
2018-10-31,10,304,3,19.081,100.0,0,1,2018-10-31 03:00:00
2018-10-31,10,304,4,19.081,99.97,0,1,2018-10-31 04:00:00
2018-10-31,10,304,5,18.581,99.97,0,0,2018-10-31 05:00:00
2018-10-31,10,304,6,18.08,99.496,0,0,2018-10-31 06:00:00
2018-10-31,10,304,7,18.08,99.496,0,0,2018-10-31 07:00:00
2018-10-31,10,304,8,18.08,99.97,0,0,2018-10-31 08:00:00
2018-10-31,10,304,9,19.081,96.136,0,0,2018-10-31 09:00:00
2018-10-31,10,304,10,20.582,92.693,0,0,2018-10-31 10:00:00
2018-10-31,10,304,11,22.083,87.628,0,0,2018-10-31 11:00:00
2018-10-31,10,304,12,22.083,86.595,0,0,2018-10-31 12:00:00
2018-10-31,10,304,13,22.083,89.674,0,0,2018-10-31 13:00:00
2018-10-31,10,304,14,21.083,90.687,0,0,2018-10-31 14:00:00
2018-10-31,10,304,15,20.082,97.587,0,0,2018-10-31 15:00:00
2018-10-31,10,304,16,19.081,100.0,0,0,2018-10-31 16:00:00
2018-10-31,10,304,17,18.581,99.97,0,0,2018-10-31 17:00:00
2018-10-31,10,304,18,18.08,100.0,0,1,2018-10-31 18:00:00
2018-10-31,10,304,19,17.58,100.0,0,1,2018-10-31 19:00:00
2018-10-31,10,304,20,17.58,100.0,1,1,2018-10-31 20:00:00
2018-10-31,10,304,21,17.58,100.0,2,1,2018-10-31 21:00:00
2018-10-31,10,304,22,17.079,100.0,1,1,2018-10-31 22:00:00
2018-10-31,10,304,23,16.578,100.0,0,2,2018-10-31 23:00:00
2018-11-01,11,305,0,15.577,100.0,1,0,2018-11-01 00:00:00
2018-11-01,11,305,1,15.577,100.0,0,0,2018-11-01 01:00:00
2018-11-01,11,305,2,15.076,100.0,0,2,2018-11-01 02:00:00
2018-11-01,11,305,3,14.576,100.0,0,1,2018-11-01 03:00:00
2018-11-01,11,305,4,14.075,100.0,0,0,2018-11-01 04:00:00
2018-11-01,11,305,5,14.075,100.0,0,2,2018-11-01 05:00:00
2018-11-01,11,305,6,13.574,100.0,0,2,2018-11-01 06:00:00
2018-11-01,11,305,7,14.075,100.0,0,0,2018-11-01 07:00:00
2018-11-01,11,305,8,14.576,100.0,0,0,2018-11-01 08:00:00
2018-11-01,11,305,9,14.576,100.0,0,0,2018-11-01 09:00:00
2018-11-01,11,305,10,15.076,100.0,0,0,2018-11-01 10:00:00
2018-11-01,11,305,11,15.076,100.0,0,0,2018-11-01 11:00:00
2018-11-01,11,305,12,15.577,100.0,0,0,2018-11-01 12:00:00
2018-11-01,11,305,13,15.076,100.0,0,0,2018-11-01 13:00:00
2018-11-01,11,305,14,15.577,100.0,0,0,2018-11-01 14:00:00
2018-11-01,11,305,15,15.577,100.0,0,0,2018-11-01 15:00:00
2018-11-01,11,305,16,15.577,100.0,0,0,2018-11-01 16:00:00
2018-11-01,11,305,17,15.577,100.0,0,0,2018-11-01 17:00:00
2018-11-01,11,305,18,15.076,100.0,0,0,2018-11-01 18:00:00
2018-11-01,11,305,19,15.076,100.0,0,1,2018-11-01 19:00:00
2018-11-01,11,305,20,14.576,100.0,0,1,2018-11-01 20:00:00
2018-11-01,11,305,21,14.075,100.0,0,0,2018-11-01 21:00:00
2018-11-01,11,305,22,14.075,100.0,0,0,2018-11-01 22:00:00
2018-11-01,11,305,23,14.075,100.0,0,0,2018-11-01 23:00:00
2018-11-02,11,306,0,14.075,100.0,0,1,2018-11-02 00:00:00
2018-11-02,11,306,1,14.075,100.0,0,0,2018-11-02 01:00:00
2018-11-02,11,306,2,14.075,100.0,0,1,2018-11-02 02:00:00
2018-11-02,11,306,3,14.075,100.0,0,0,2018-11-02 03:00:00
2018-11-02,11,306,4,14.576,100.0,0,0,2018-11-02 04:00:00
2018-11-02,11,306,5,14.576,100.0,0,0,2018-11-02 05:00:00
2018-11-02,11,306,6,14.576,100.0,0,0,2018-11-02 06:00:00
2018-11-02,11,306,7,14.576,100.0,0,0,2018-11-02 07:00:00
2018-11-02,11,306,8,14.576,100.0,0,0,2018-11-02 08:00:00
2018-11-02,11,306,9,15.577,100.0,0,0,2018-11-02 09:00:00
2018-11-02,11,306,10,16.078,100.0,0,0,2018-11-02 10:00:00
2018-11-02,11,306,11,17.58,98.545,0,0,2018-11-02 11:00:00
2018-11-02,11,306,12,18.08,98.545,0,0,2018-11-02 12:00:00
2018-11-02,11,306,13,18.08,98.545,0,0,2018-11-02 13:00:00
2018-11-02,11,306,14,18.08,96.136,0,0,2018-11-02 14:00:00
2018-11-02,11,306,15,19.081,98.067,0,0,2018-11-02 15:00:00
2018-11-02,11,306,16,18.581,99.496,0,0,2018-11-02 16:00:00
2018-11-02,11,306,17,19.081,94.671,0,0,2018-11-02 17:00:00
2018-11-02,11,306,18,18.581,96.136,0,0,2018-11-02 18:00:00
2018-11-02,11,306,19,18.08,99.97,0,0,2018-11-02 19:00:00
2018-11-02,11,306,20,17.58,100.0,0,2,2018-11-02 20:00:00
2018-11-02,11,306,21,17.079,100.0,1,1,2018-11-02 21:00:00
2018-11-02,11,306,22,17.079,100.0,0,0,2018-11-02 22:00:00
2018-11-02,11,306,23,17.079,100.0,0,1,2018-11-02 23:00:00
2018-11-03,11,307,0,17.079,100.0,0,0,2018-11-03 00:00:00
2018-11-03,11,307,1,17.079,100.0,0,1,2018-11-03 01:00:00
2018-11-03,11,307,2,17.079,100.0,0,0,2018-11-03 02:00:00
2018-11-03,11,307,3,16.078,100.0,0,0,2018-11-03 03:00:00
2018-11-03,11,307,4,16.078,100.0,0,0,2018-11-03 04:00:00
2018-11-03,11,307,5,16.078,100.0,0,0,2018-11-03 05:00:00
2018-11-03,11,307,6,16.578,100.0,0,0,2018-11-03 06:00:00
2018-11-03,11,307,7,16.078,100.0,0,0,2018-11-03 07:00:00
2018-11-03,11,307,8,16.578,100.0,0,0,2018-11-03 08:00:00
2018-11-03,11,307,9,18.08,100.0,0,0,2018-11-03 09:00:00
2018-11-03,11,307,10,19.081,100.0,0,0,2018-11-03 10:00:00
2018-11-03,11,307,11,20.082,94.671,0,0,2018-11-03 11:00:00
2018-11-03,11,307,12,22.083,81.325,0,0,2018-11-03 12:00:00
2018-11-03,11,307,13,23.084,76.987,0,0,2018-11-03 13:00:00
2018-11-03,11,307,14,23.084,79.17,0,0,2018-11-03 14:00:00
2018-11-03,11,307,15,23.084,80.789,0,0,2018-11-03 15:00:00
2018-11-03,11,307,16,23.084,81.325,0,0,2018-11-03 16:00:00
2018-11-03,11,307,17,22.583,82.393,0,0,2018-11-03 17:00:00
2018-11-03,11,307,18,23.084,79.17,0,0,2018-11-03 18:00:00
2018-11-03,11,307,19,21.583,91.693,0,0,2018-11-03 19:00:00
2018-11-03,11,307,20,20.582,93.685,0,2,2018-11-03 20:00:00
2018-11-03,11,307,21,20.082,95.161,0,0,2018-11-03 21:00:00
2018-11-03,11,307,22,19.582,96.621,0,0,2018-11-03 22:00:00
2018-11-03,11,307,23,19.582,97.105,0,0,2018-11-03 23:00:00
2018-11-04,11,308,0,19.582,98.545,0,0,2018-11-04 00:00:00
2018-11-04,11,308,1,19.582,98.545,0,1,2018-11-04 01:00:00
2018-11-04,11,308,2,19.081,99.496,0,0,2018-11-04 02:00:00
2018-11-04,11,308,3,19.081,98.545,0,0,2018-11-04 03:00:00
2018-11-04,11,308,4,19.081,99.021,0,0,2018-11-04 04:00:00
2018-11-04,11,308,5,19.081,99.021,0,1,2018-11-04 05:00:00
2018-11-04,11,308,6,19.081,99.496,0,1,2018-11-04 06:00:00
2018-11-04,11,308,7,18.581,100.0,0,0,2018-11-04 07:00:00
2018-11-04,11,308,8,18.08,100.0,0,0,2018-11-04 08:00:00
2018-11-04,11,308,9,18.08,100.0,0,0,2018-11-04 09:00:00
2018-11-04,11,308,10,18.581,100.0,0,0,2018-11-04 10:00:00
2018-11-04,11,308,11,18.581,100.0,0,0,2018-11-04 11:00:00
2018-11-04,11,308,12,18.581,100.0,0,0,2018-11-04 12:00:00
2018-11-04,11,308,13,18.581,100.0,0,0,2018-11-04 13:00:00
2018-11-04,11,308,14,18.581,100.0,0,0,2018-11-04 14:00:00
2018-11-04,11,308,15,19.081,100.0,0,0,2018-11-04 15:00:00
2018-11-04,11,308,16,20.082,100.0,0,0,2018-11-04 16:00:00
2018-11-04,11,308,17,20.082,100.0,0,0,2018-11-04 17:00:00
2018-11-04,11,308,18,19.081,99.97,0,2,2018-11-04 18:00:00
2018-11-04,11,308,19,18.08,100.0,0,2,2018-11-04 19:00:00
2018-11-04,11,308,20,18.08,100.0,2,2,2018-11-04 20:00:00
2018-11-04,11,308,21,18.08,100.0,2,0,2018-11-04 21:00:00
2018-11-04,11,308,22,18.08,100.0,0,0,2018-11-04 22:00:00
2018-11-04,11,308,23,17.079,100.0,0,2,2018-11-04 23:00:00
2018-11-05,11,309,0,17.079,100.0,0,2,2018-11-05 00:00:00
2018-11-05,11,309,1,17.079,100.0,0,2,2018-11-05 01:00:00
2018-11-05,11,309,2,16.578,100.0,1,0,2018-11-05 02:00:00
2018-11-05,11,309,3,16.578,100.0,0,0,2018-11-05 03:00:00
2018-11-05,11,309,4,16.578,100.0,1,0,2018-11-05 04:00:00
2018-11-05,11,309,5,16.578,100.0,0,0,2018-11-05 05:00:00
2018-11-05,11,309,6,16.578,100.0,0,0,2018-11-05 06:00:00
2018-11-05,11,309,7,16.578,100.0,0,0,2018-11-05 07:00:00
2018-11-05,11,309,8,16.578,100.0,0,0,2018-11-05 08:00:00
2018-11-05,11,309,9,16.578,100.0,0,0,2018-11-05 09:00:00
2018-11-05,11,309,10,18.08,100.0,0,0,2018-11-05 10:00:00
2018-11-05,11,309,11,19.081,99.97,0,0,2018-11-05 11:00:00
2018-11-05,11,309,12,21.083,90.687,0,0,2018-11-05 12:00:00
2018-11-05,11,309,13,22.083,82.924,0,0,2018-11-05 13:00:00
2018-11-05,11,309,14,23.084,73.662,0,0,2018-11-05 14:00:00
2018-11-05,11,309,15,23.084,74.777,0,0,2018-11-05 15:00:00
2018-11-05,11,309,16,22.083,83.981,0,0,2018-11-05 16:00:00
2018-11-05,11,309,17,21.583,88.142,0,0,2018-11-05 17:00:00
2018-11-05,11,309,18,20.582,94.671,0,0,2018-11-05 18:00:00
2018-11-05,11,309,19,20.582,94.179,0,1,2018-11-05 19:00:00
2018-11-05,11,309,20,20.082,97.105,0,2,2018-11-05 20:00:00
2018-11-05,11,309,21,19.582,97.587,0,0,2018-11-05 21:00:00
2018-11-05,11,309,22,19.582,98.067,0,1,2018-11-05 22:00:00
2018-11-05,11,309,23,19.582,99.496,0,0,2018-11-05 23:00:00
2018-11-06,11,310,0,19.081,99.97,0,0,2018-11-06 00:00:00
2018-11-06,11,310,1,19.081,99.97,0,2,2018-11-06 01:00:00
2018-11-06,11,310,2,19.081,100.0,1,2,2018-11-06 02:00:00
2018-11-06,11,310,3,19.081,100.0,0,0,2018-11-06 03:00:00
2018-11-06,11,310,4,18.581,100.0,0,0,2018-11-06 04:00:00
2018-11-06,11,310,5,17.58,99.496,1,0,2018-11-06 05:00:00
2018-11-06,11,310,6,17.079,99.496,0,0,2018-11-06 06:00:00
2018-11-06,11,310,7,16.578,100.0,0,0,2018-11-06 07:00:00
2018-11-06,11,310,8,17.079,100.0,0,0,2018-11-06 08:00:00
2018-11-06,11,310,9,18.08,97.105,0,0,2018-11-06 09:00:00
2018-11-06,11,310,10,18.581,96.136,0,0,2018-11-06 10:00:00
2018-11-06,11,310,11,17.58,100.0,0,0,2018-11-06 11:00:00
2018-11-06,11,310,12,17.58,100.0,0,0,2018-11-06 12:00:00
2018-11-06,11,310,13,17.079,100.0,0,0,2018-11-06 13:00:00
2018-11-06,11,310,14,16.578,100.0,0,0,2018-11-06 14:00:00
2018-11-06,11,310,15,16.578,100.0,0,0,2018-11-06 15:00:00
2018-11-06,11,310,16,16.578,100.0,0,0,2018-11-06 16:00:00
2018-11-06,11,310,17,16.078,100.0,0,0,2018-11-06 17:00:00
2018-11-06,11,310,18,15.577,100.0,0,0,2018-11-06 18:00:00
2018-11-06,11,310,19,15.076,100.0,0,0,2018-11-06 19:00:00
2018-11-06,11,310,20,15.076,100.0,2,0,2018-11-06 20:00:00
2018-11-06,11,310,21,15.076,100.0,2,0,2018-11-06 21:00:00
2018-11-06,11,310,22,15.076,100.0,2,0,2018-11-06 22:00:00
2018-11-06,11,310,23,15.076,100.0,2,0,2018-11-06 23:00:00
2018-11-07,11,311,0,15.076,100.0,1,0,2018-11-07 00:00:00
2018-11-07,11,311,1,15.076,100.0,2,0,2018-11-07 01:00:00
2018-11-07,11,311,2,15.076,100.0,0,0,2018-11-07 02:00:00
2018-11-07,11,311,3,15.076,100.0,0,0,2018-11-07 03:00:00
2018-11-07,11,311,4,14.576,100.0,0,1,2018-11-07 04:00:00
2018-11-07,11,311,5,14.576,100.0,0,1,2018-11-07 05:00:00
2018-11-07,11,311,6,14.576,100.0,0,0,2018-11-07 06:00:00
2018-11-07,11,311,7,14.075,100.0,0,0,2018-11-07 07:00:00
2018-11-07,11,311,8,14.075,100.0,0,0,2018-11-07 08:00:00
2018-11-07,11,311,9,14.576,100.0,0,0,2018-11-07 09:00:00
2018-11-07,11,311,10,15.076,100.0,0,0,2018-11-07 10:00:00
2018-11-07,11,311,11,15.076,100.0,0,0,2018-11-07 11:00:00
2018-11-07,11,311,12,15.076,100.0,0,0,2018-11-07 12:00:00
2018-11-07,11,311,13,15.076,100.0,0,0,2018-11-07 13:00:00
2018-11-07,11,311,14,15.577,100.0,0,0,2018-11-07 14:00:00
2018-11-07,11,311,15,16.078,100.0,0,0,2018-11-07 15:00:00
2018-11-07,11,311,16,15.076,100.0,0,0,2018-11-07 16:00:00
2018-11-07,11,311,17,15.076,100.0,0,0,2018-11-07 17:00:00
2018-11-07,11,311,18,15.076,100.0,0,0,2018-11-07 18:00:00
2018-11-07,11,311,19,15.076,100.0,0,1,2018-11-07 19:00:00
2018-11-07,11,311,20,14.576,100.0,0,0,2018-11-07 20:00:00
2018-11-07,11,311,21,14.576,100.0,0,0,2018-11-07 21:00:00
2018-11-07,11,311,22,14.576,100.0,1,0,2018-11-07 22:00:00
2018-11-07,11,311,23,14.576,100.0,0,0,2018-11-07 23:00:00
2018-11-08,11,312,0,14.075,100.0,0,0,2018-11-08 00:00:00
2018-11-08,11,312,1,14.075,100.0,0,0,2018-11-08 01:00:00
2018-11-08,11,312,2,14.075,100.0,0,0,2018-11-08 02:00:00
2018-11-08,11,312,3,14.075,100.0,0,0,2018-11-08 03:00:00
2018-11-08,11,312,4,14.075,100.0,0,0,2018-11-08 04:00:00
2018-11-08,11,312,5,14.075,100.0,0,0,2018-11-08 05:00:00
2018-11-08,11,312,6,14.075,100.0,0,1,2018-11-08 06:00:00
2018-11-08,11,312,7,14.075,100.0,0,0,2018-11-08 07:00:00
2018-11-08,11,312,8,14.576,100.0,0,0,2018-11-08 08:00:00
2018-11-08,11,312,9,15.577,100.0,0,0,2018-11-08 09:00:00
2018-11-08,11,312,10,16.078,100.0,0,0,2018-11-08 10:00:00
2018-11-08,11,312,11,17.079,100.0,0,0,2018-11-08 11:00:00
2018-11-08,11,312,12,18.08,95.161,0,0,2018-11-08 12:00:00
2018-11-08,11,312,13,18.581,95.161,0,0,2018-11-08 13:00:00
2018-11-08,11,312,14,18.581,93.19,0,0,2018-11-08 14:00:00
2018-11-08,11,312,15,17.58,99.021,0,0,2018-11-08 15:00:00
2018-11-08,11,312,16,17.58,98.067,0,0,2018-11-08 16:00:00
2018-11-08,11,312,17,17.58,98.545,0,0,2018-11-08 17:00:00
2018-11-08,11,312,18,17.58,99.97,0,0,2018-11-08 18:00:00
2018-11-08,11,312,19,17.079,99.496,0,0,2018-11-08 19:00:00
2018-11-08,11,312,20,17.079,100.0,0,1,2018-11-08 20:00:00
2018-11-08,11,312,21,17.079,100.0,0,0,2018-11-08 21:00:00
2018-11-08,11,312,22,16.578,100.0,0,0,2018-11-08 22:00:00
2018-11-08,11,312,23,16.578,100.0,0,0,2018-11-08 23:00:00
2018-11-09,11,313,0,16.578,100.0,0,0,2018-11-09 00:00:00
2018-11-09,11,313,1,16.578,100.0,0,0,2018-11-09 01:00:00
2018-11-09,11,313,2,16.578,100.0,0,0,2018-11-09 02:00:00
2018-11-09,11,313,3,16.578,100.0,0,0,2018-11-09 03:00:00
2018-11-09,11,313,4,16.578,100.0,0,0,2018-11-09 04:00:00
2018-11-09,11,313,5,16.078,100.0,0,0,2018-11-09 05:00:00
2018-11-09,11,313,6,16.078,100.0,0,0,2018-11-09 06:00:00
2018-11-09,11,313,7,16.078,100.0,0,0,2018-11-09 07:00:00
2018-11-09,11,313,8,16.078,100.0,0,0,2018-11-09 08:00:00
2018-11-09,11,313,9,16.078,100.0,0,0,2018-11-09 09:00:00
2018-11-09,11,313,10,19.081,96.136,0,0,2018-11-09 10:00:00
2018-11-09,11,313,11,19.081,94.671,0,0,2018-11-09 11:00:00
2018-11-09,11,313,12,20.582,88.142,0,0,2018-11-09 12:00:00
2018-11-09,11,313,13,21.083,83.454,0,0,2018-11-09 13:00:00
2018-11-09,11,313,14,20.582,88.655,0,0,2018-11-09 14:00:00
2018-11-09,11,313,15,20.082,92.693,0,0,2018-11-09 15:00:00
2018-11-09,11,313,16,19.582,95.65,0,0,2018-11-09 16:00:00
2018-11-09,11,313,17,19.081,98.067,0,0,2018-11-09 17:00:00
2018-11-09,11,313,18,19.081,99.496,0,0,2018-11-09 18:00:00
2018-11-09,11,313,19,18.581,99.97,0,0,2018-11-09 19:00:00
2018-11-09,11,313,20,18.08,100.0,0,0,2018-11-09 20:00:00
2018-11-09,11,313,21,18.08,100.0,1,0,2018-11-09 21:00:00
2018-11-09,11,313,22,18.08,100.0,2,0,2018-11-09 22:00:00
2018-11-09,11,313,23,17.58,100.0,0,0,2018-11-09 23:00:00
2018-11-10,11,314,0,17.58,100.0,0,0,2018-11-10 00:00:00
2018-11-10,11,314,1,17.079,100.0,0,0,2018-11-10 01:00:00
2018-11-10,11,314,2,17.079,100.0,0,0,2018-11-10 02:00:00
2018-11-10,11,314,3,17.079,100.0,0,0,2018-11-10 03:00:00
2018-11-10,11,314,4,16.578,100.0,0,1,2018-11-10 04:00:00
2018-11-10,11,314,5,16.078,100.0,0,0,2018-11-10 05:00:00
2018-11-10,11,314,6,16.078,100.0,0,0,2018-11-10 06:00:00
2018-11-10,11,314,7,16.078,100.0,0,0,2018-11-10 07:00:00
2018-11-10,11,314,8,16.578,100.0,0,0,2018-11-10 08:00:00
2018-11-10,11,314,9,17.079,100.0,0,0,2018-11-10 09:00:00
2018-11-10,11,314,10,18.581,99.021,0,0,2018-11-10 10:00:00
2018-11-10,11,314,11,21.083,94.179,0,0,2018-11-10 11:00:00
2018-11-10,11,314,12,23.584,79.711,0,0,2018-11-10 12:00:00
2018-11-10,11,314,13,25.084,77.535,0,0,2018-11-10 13:00:00
2018-11-10,11,314,14,25.084,76.987,0,0,2018-11-10 14:00:00
2018-11-10,11,314,15,23.584,83.981,0,0,2018-11-10 15:00:00
2018-11-10,11,314,16,22.583,89.674,0,0,2018-11-10 16:00:00
2018-11-10,11,314,17,23.084,85.555,0,0,2018-11-10 17:00:00
2018-11-10,11,314,18,22.583,91.191,0,0,2018-11-10 18:00:00
2018-11-10,11,314,19,22.083,94.179,0,0,2018-11-10 19:00:00
2018-11-10,11,314,20,21.583,94.671,0,1,2018-11-10 20:00:00
2018-11-10,11,314,21,21.583,94.671,0,0,2018-11-10 21:00:00
2018-11-10,11,314,22,21.083,94.179,0,0,2018-11-10 22:00:00
2018-11-10,11,314,23,20.582,98.067,0,0,2018-11-10 23:00:00
2018-11-11,11,315,0,20.082,96.621,0,1,2018-11-11 00:00:00
2018-11-11,11,315,1,20.082,98.545,0,0,2018-11-11 01:00:00
2018-11-11,11,315,2,19.582,98.067,1,1,2018-11-11 02:00:00
2018-11-11,11,315,3,19.081,99.496,0,0,2018-11-11 03:00:00
2018-11-11,11,315,4,18.581,99.97,0,0,2018-11-11 04:00:00
2018-11-11,11,315,5,18.581,100.0,0,0,2018-11-11 05:00:00
2018-11-11,11,315,6,18.08,99.496,0,0,2018-11-11 06:00:00
2018-11-11,11,315,7,18.08,100.0,0,0,2018-11-11 07:00:00
2018-11-11,11,315,8,18.581,100.0,0,0,2018-11-11 08:00:00
2018-11-11,11,315,9,19.582,99.021,0,0,2018-11-11 09:00:00
2018-11-11,11,315,10,21.083,94.671,0,0,2018-11-11 10:00:00
2018-11-11,11,315,11,23.584,87.628,0,0,2018-11-11 11:00:00
2018-11-11,11,315,12,25.584,77.535,0,0,2018-11-11 12:00:00
2018-11-11,11,315,13,26.584,76.987,0,0,2018-11-11 13:00:00
2018-11-11,11,315,14,26.084,76.437,0,0,2018-11-11 14:00:00
2018-11-11,11,315,15,25.084,85.032,0,0,2018-11-11 15:00:00
2018-11-11,11,315,16,24.584,85.032,0,0,2018-11-11 16:00:00
2018-11-11,11,315,17,23.584,90.687,0,0,2018-11-11 17:00:00
2018-11-11,11,315,18,23.084,91.693,0,0,2018-11-11 18:00:00
2018-11-11,11,315,19,23.084,93.685,0,0,2018-11-11 19:00:00
2018-11-11,11,315,20,22.583,95.161,0,1,2018-11-11 20:00:00
2018-11-11,11,315,21,22.083,97.105,0,0,2018-11-11 21:00:00
2018-11-11,11,315,22,22.083,96.136,0,0,2018-11-11 22:00:00
2018-11-11,11,315,23,21.583,98.067,0,0,2018-11-11 23:00:00
2018-11-12,11,316,0,21.083,97.105,0,1,2018-11-12 00:00:00
2018-11-12,11,316,1,21.083,97.105,1,0,2018-11-12 01:00:00
2018-11-12,11,316,2,20.582,97.587,0,0,2018-11-12 02:00:00
2018-11-12,11,316,3,20.082,99.021,0,0,2018-11-12 03:00:00
2018-11-12,11,316,4,20.082,98.545,0,0,2018-11-12 04:00:00
2018-11-12,11,316,5,19.582,99.496,0,0,2018-11-12 05:00:00
2018-11-12,11,316,6,19.582,99.496,0,0,2018-11-12 06:00:00
2018-11-12,11,316,7,19.582,99.97,0,0,2018-11-12 07:00:00
2018-11-12,11,316,8,19.582,99.496,0,0,2018-11-12 08:00:00
2018-11-12,11,316,9,20.082,98.067,0,0,2018-11-12 09:00:00
2018-11-12,11,316,10,22.083,93.685,0,0,2018-11-12 10:00:00
2018-11-12,11,316,11,24.584,84.508,0,0,2018-11-12 11:00:00
2018-11-12,11,316,12,25.084,84.508,0,0,2018-11-12 12:00:00
2018-11-12,11,316,13,25.584,83.981,0,0,2018-11-12 13:00:00
2018-11-12,11,316,14,26.084,79.17,0,0,2018-11-12 14:00:00
2018-11-12,11,316,15,25.084,89.165,0,0,2018-11-12 15:00:00
2018-11-12,11,316,16,23.084,94.179,0,0,2018-11-12 16:00:00
2018-11-12,11,316,17,21.583,100.0,0,0,2018-11-12 17:00:00
2018-11-12,11,316,18,22.083,99.97,0,0,2018-11-12 18:00:00
2018-11-12,11,316,19,20.082,99.021,0,0,2018-11-12 19:00:00
2018-11-12,11,316,20,20.082,100.0,1,1,2018-11-12 20:00:00
2018-11-12,11,316,21,19.582,100.0,2,1,2018-11-12 21:00:00
2018-11-12,11,316,22,19.582,100.0,1,2,2018-11-12 22:00:00
2018-11-12,11,316,23,19.582,100.0,1,2,2018-11-12 23:00:00
2018-11-13,11,317,0,19.081,100.0,0,1,2018-11-13 00:00:00
2018-11-13,11,317,1,19.081,100.0,0,2,2018-11-13 01:00:00
2018-11-13,11,317,2,18.581,100.0,0,0,2018-11-13 02:00:00
2018-11-13,11,317,3,18.08,100.0,1,1,2018-11-13 03:00:00
2018-11-13,11,317,4,18.08,100.0,0,0,2018-11-13 04:00:00
2018-11-13,11,317,5,18.08,100.0,0,2,2018-11-13 05:00:00
2018-11-13,11,317,6,18.08,100.0,1,2,2018-11-13 06:00:00
2018-11-13,11,317,7,18.08,100.0,0,0,2018-11-13 07:00:00
2018-11-13,11,317,8,18.08,100.0,0,0,2018-11-13 08:00:00
2018-11-13,11,317,9,18.08,100.0,0,0,2018-11-13 09:00:00
2018-11-13,11,317,10,17.58,100.0,0,0,2018-11-13 10:00:00
2018-11-13,11,317,11,17.58,100.0,0,0,2018-11-13 11:00:00
2018-11-13,11,317,12,17.58,100.0,0,0,2018-11-13 12:00:00
2018-11-13,11,317,13,17.079,100.0,0,0,2018-11-13 13:00:00
2018-11-13,11,317,14,16.578,99.021,0,0,2018-11-13 14:00:00
2018-11-13,11,317,15,16.578,100.0,0,0,2018-11-13 15:00:00
2018-11-13,11,317,16,16.078,100.0,0,0,2018-11-13 16:00:00
2018-11-13,11,317,17,15.577,100.0,0,0,2018-11-13 17:00:00
2018-11-13,11,317,18,15.577,100.0,0,0,2018-11-13 18:00:00
2018-11-13,11,317,19,15.076,100.0,0,0,2018-11-13 19:00:00
2018-11-13,11,317,20,15.577,100.0,0,2,2018-11-13 20:00:00
2018-11-13,11,317,21,15.577,100.0,1,1,2018-11-13 21:00:00
2018-11-13,11,317,22,15.577,100.0,0,0,2018-11-13 22:00:00
2018-11-13,11,317,23,15.577,100.0,0,0,2018-11-13 23:00:00
2018-11-14,11,318,0,15.076,100.0,0,0,2018-11-14 00:00:00
2018-11-14,11,318,1,14.576,100.0,2,0,2018-11-14 01:00:00
2018-11-14,11,318,2,14.576,100.0,0,0,2018-11-14 02:00:00
2018-11-14,11,318,3,14.576,100.0,0,2,2018-11-14 03:00:00
2018-11-14,11,318,4,13.574,100.0,1,0,2018-11-14 04:00:00
2018-11-14,11,318,5,13.073,100.0,0,0,2018-11-14 05:00:00
2018-11-14,11,318,6,13.073,100.0,0,2,2018-11-14 06:00:00
2018-11-14,11,318,7,13.073,100.0,0,0,2018-11-14 07:00:00
2018-11-14,11,318,8,13.073,100.0,0,0,2018-11-14 08:00:00
2018-11-14,11,318,9,13.073,100.0,0,0,2018-11-14 09:00:00
2018-11-14,11,318,10,12.572,100.0,0,0,2018-11-14 10:00:00
2018-11-14,11,318,11,12.071,100.0,0,0,2018-11-14 11:00:00
2018-11-14,11,318,12,12.572,100.0,0,0,2018-11-14 12:00:00
2018-11-14,11,318,13,13.073,99.496,0,0,2018-11-14 13:00:00
2018-11-14,11,318,14,20.082,93.19,0,0,2018-11-14 14:00:00
2018-11-14,11,318,15,14.038,89.57,0,0,2018-11-14 15:00:00
2018-11-14,11,318,16,13.75,92.48,0,0,2018-11-14 16:00:00
2018-11-14,11,318,17,14.134,95.32,0,0,2018-11-14 17:00:00
2018-11-14,11,318,18,13.269,96.35,0,0,2018-11-14 18:00:00
2018-11-14,11,318,19,12.98,97.55,0,0,2018-11-14 19:00:00
2018-11-14,11,318,20,12.594,98.86,0,0,2018-11-14 20:00:00
2018-11-14,11,318,21,12.594,98.86,0,0,2018-11-14 21:00:00
2018-11-14,11,318,22,12.401,98.84,0,0,2018-11-14 22:00:00
2018-11-14,11,318,23,12.497,100.0,0,0,2018-11-14 23:00:00
2018-11-15,11,319,0,12.497,100.0,0,0,2018-11-15 00:00:00
2018-11-15,11,319,1,12.594,100.0,0,0,2018-11-15 01:00:00
2018-11-15,11,319,2,12.594,100.0,0,0,2018-11-15 02:00:00
2018-11-15,11,319,3,12.594,100.0,0,0,2018-11-15 03:00:00
2018-11-15,11,319,4,12.69,100.0,0,0,2018-11-15 04:00:00
2018-11-15,11,319,5,12.497,100.0,0,0,2018-11-15 05:00:00
2018-11-15,11,319,6,12.401,100.0,0,0,2018-11-15 06:00:00
2018-11-15,11,319,7,12.207,100.0,0,0,2018-11-15 07:00:00
2018-11-15,11,319,8,12.69,100.0,0,0,2018-11-15 08:00:00
2018-11-15,11,319,9,13.269,100.0,0,0,2018-11-15 09:00:00
2018-11-15,11,319,10,14.9,100.0,0,0,2018-11-15 10:00:00
2018-11-15,11,319,11,17.475,97.96,0,0,2018-11-15 11:00:00
2018-11-15,11,319,12,19.377,91.16,0,0,2018-11-15 12:00:00
2018-11-15,11,319,13,20.043,81.19,0,0,2018-11-15 13:00:00
2018-11-15,11,319,14,20.519,77.09,0,0,2018-11-15 14:00:00
2018-11-15,11,319,15,21.569,72.79,0,0,2018-11-15 15:00:00
2018-11-15,11,319,16,21.569,73.52,0,0,2018-11-15 16:00:00
2018-11-15,11,319,17,20.043,79.29,0,0,2018-11-15 17:00:00
2018-11-15,11,319,18,19.662,78.74,0,0,2018-11-15 18:00:00
2018-11-15,11,319,19,18.996,84.76,0,0,2018-11-15 19:00:00
2018-11-15,11,319,20,18.14,88.41,0,1,2018-11-15 20:00:00
2018-11-15,11,319,21,17.76,91.1,0,0,2018-11-15 21:00:00
2018-11-15,11,319,22,17.475,91.86,0,1,2018-11-15 22:00:00
2018-11-15,11,319,23,17.475,92.69,0,0,2018-11-15 23:00:00
2018-11-16,11,320,0,17.284,93.57,0,0,2018-11-16 00:00:00
2018-11-16,11,320,1,17.189,94.52,0,0,2018-11-16 01:00:00
2018-11-16,11,320,2,17.094,94.51,0,0,2018-11-16 02:00:00
2018-11-16,11,320,3,17.094,95.55,0,0,2018-11-16 03:00:00
2018-11-16,11,320,4,16.903,95.53,0,0,2018-11-16 04:00:00
2018-11-16,11,320,5,16.808,95.53,0,0,2018-11-16 05:00:00
2018-11-16,11,320,6,16.713,96.65,0,0,2018-11-16 06:00:00
2018-11-16,11,320,7,16.618,96.64,0,0,2018-11-16 07:00:00
2018-11-16,11,320,8,16.808,96.66,0,0,2018-11-16 08:00:00
2018-11-16,11,320,9,17.284,97.95,0,0,2018-11-16 09:00:00
2018-11-16,11,320,10,18.616,96.81,0,0,2018-11-16 10:00:00
2018-11-16,11,320,11,18.996,90.41,0,0,2018-11-16 11:00:00
2018-11-16,11,320,12,20.615,82.62,0,0,2018-11-16 12:00:00
2018-11-16,11,320,13,21.473,78.32,0,0,2018-11-16 13:00:00
2018-11-16,11,320,14,22.429,74.83,0,0,2018-11-16 14:00:00
2018-11-16,11,320,15,23.004,75.2,0,0,2018-11-16 15:00:00
2018-11-16,11,320,16,23.1,76.6,0,0,2018-11-16 16:00:00
2018-11-16,11,320,17,21.091,82.22,0,0,2018-11-16 17:00:00
2018-11-16,11,320,18,20.71,86.19,0,0,2018-11-16 18:00:00
2018-11-16,11,320,19,20.138,89.74,0,0,2018-11-16 19:00:00
2018-11-16,11,320,20,19.853,89.74,0,1,2018-11-16 20:00:00
2018-11-16,11,320,21,19.472,91.96,0,1,2018-11-16 21:00:00
2018-11-16,11,320,22,19.092,93.68,2,0,2018-11-16 22:00:00
2018-11-16,11,320,23,18.996,94.64,0,1,2018-11-16 23:00:00
2018-11-17,11,321,0,18.996,95.69,0,1,2018-11-17 00:00:00
2018-11-17,11,321,1,18.521,95.66,0,0,2018-11-17 01:00:00
2018-11-17,11,321,2,18.14,96.77,0,0,2018-11-17 02:00:00
2018-11-17,11,321,3,17.855,98.0,0,0,2018-11-17 03:00:00
2018-11-17,11,321,4,17.95,98.01,0,0,2018-11-17 04:00:00
2018-11-17,11,321,5,17.475,97.96,0,0,2018-11-17 05:00:00
2018-11-17,11,321,6,17.189,99.32,0,0,2018-11-17 06:00:00
2018-11-17,11,321,7,17.189,99.32,0,0,2018-11-17 07:00:00
2018-11-17,11,321,8,17.379,99.34,0,0,2018-11-17 08:00:00
2018-11-17,11,321,9,17.76,99.38,0,0,2018-11-17 09:00:00
2018-11-17,11,321,10,19.187,99.52,0,0,2018-11-17 10:00:00
2018-11-17,11,321,11,20.901,98.28,0,0,2018-11-17 11:00:00
2018-11-17,11,321,12,23.196,89.83,0,0,2018-11-17 12:00:00
2018-11-17,11,321,13,23.869,84.21,0,0,2018-11-17 13:00:00
2018-11-17,11,321,14,24.158,83.75,0,0,2018-11-17 14:00:00
2018-11-17,11,321,15,24.545,81.32,0,0,2018-11-17 15:00:00
2018-11-17,11,321,16,24.545,79.6,0,0,2018-11-17 16:00:00
2018-11-17,11,321,17,24.158,84.67,0,0,2018-11-17 17:00:00
2018-11-17,11,321,18,23.292,87.29,0,0,2018-11-17 18:00:00
2018-11-17,11,321,19,23.677,84.21,0,0,2018-11-17 19:00:00
2018-11-17,11,321,20,22.142,89.8,0,2,2018-11-17 20:00:00
2018-11-17,11,321,21,21.473,92.91,0,2,2018-11-17 21:00:00
2018-11-17,11,321,22,21.378,94.81,0,0,2018-11-17 22:00:00
2018-11-17,11,321,23,20.996,95.85,0,1,2018-11-17 23:00:00
2018-11-18,11,322,0,20.615,98.25,0,1,2018-11-18 00:00:00
2018-11-18,11,322,1,20.424,95.8,0,0,2018-11-18 01:00:00
2018-11-18,11,322,2,20.424,94.74,0,1,2018-11-18 02:00:00
2018-11-18,11,322,3,20.234,93.75,0,0,2018-11-18 03:00:00
2018-11-18,11,322,4,20.043,93.74,0,0,2018-11-18 04:00:00
2018-11-18,11,322,5,19.853,94.7,0,0,2018-11-18 05:00:00
2018-11-18,11,322,6,19.948,94.71,0,0,2018-11-18 06:00:00
2018-11-18,11,322,7,18.996,95.69,0,0,2018-11-18 07:00:00
2018-11-18,11,322,8,17.76,99.38,0,0,2018-11-18 08:00:00
2018-11-18,11,322,9,16.713,100.0,0,1,2018-11-18 09:00:00
2018-11-18,11,322,10,15.569,100.0,0,0,2018-11-18 10:00:00
2018-11-18,11,322,11,13.75,100.0,0,1,2018-11-18 11:00:00
2018-11-18,11,322,12,13.75,100.0,0,1,2018-11-18 12:00:00
2018-11-18,11,322,13,13.942,100.0,0,0,2018-11-18 13:00:00
2018-11-18,11,322,14,13.558,100.0,0,0,2018-11-18 14:00:00
2018-11-18,11,322,15,12.787,100.0,0,1,2018-11-18 15:00:00
2018-11-18,11,322,16,12.401,100.0,0,0,2018-11-18 16:00:00
2018-11-18,11,322,17,12.69,100.0,0,0,2018-11-18 17:00:00
2018-11-18,11,322,18,12.594,100.0,0,0,2018-11-18 18:00:00
2018-11-18,11,322,19,12.787,100.0,0,2,2018-11-18 19:00:00
2018-11-18,11,322,20,12.787,100.0,0,2,2018-11-18 20:00:00
2018-11-18,11,322,21,12.98,100.0,1,1,2018-11-18 21:00:00
2018-11-18,11,322,22,12.98,100.0,0,0,2018-11-18 22:00:00
2018-11-18,11,322,23,12.883,100.0,1,0,2018-11-18 23:00:00
2018-11-19,11,323,0,13.076,100.0,0,0,2018-11-19 00:00:00
2018-11-19,11,323,1,13.173,100.0,0,0,2018-11-19 01:00:00
2018-11-19,11,323,2,13.076,100.0,0,0,2018-11-19 02:00:00
2018-11-19,11,323,3,12.98,100.0,0,0,2018-11-19 03:00:00
2018-11-19,11,323,4,13.076,100.0,1,0,2018-11-19 04:00:00
2018-11-19,11,323,5,13.173,100.0,0,0,2018-11-19 05:00:00
2018-11-19,11,323,6,13.269,100.0,0,0,2018-11-19 06:00:00
2018-11-19,11,323,7,13.365,100.0,0,0,2018-11-19 07:00:00
2018-11-19,11,323,8,13.75,100.0,0,0,2018-11-19 08:00:00
2018-11-19,11,323,9,14.325,100.0,0,0,2018-11-19 09:00:00
2018-11-19,11,323,10,14.9,100.0,0,0,2018-11-19 10:00:00
2018-11-19,11,323,11,15.76,100.0,0,0,2018-11-19 11:00:00
2018-11-19,11,323,12,16.237,100.0,0,0,2018-11-19 12:00:00
2018-11-19,11,323,13,16.523,100.0,0,0,2018-11-19 13:00:00
2018-11-19,11,323,14,16.046,100.0,0,0,2018-11-19 14:00:00
2018-11-19,11,323,15,15.569,100.0,0,1,2018-11-19 15:00:00
2018-11-19,11,323,16,15.187,100.0,0,0,2018-11-19 16:00:00
2018-11-19,11,323,17,15.187,100.0,0,0,2018-11-19 17:00:00
2018-11-19,11,323,18,14.996,100.0,0,0,2018-11-19 18:00:00
2018-11-19,11,323,19,14.9,100.0,0,1,2018-11-19 19:00:00
2018-11-19,11,323,20,14.804,100.0,0,2,2018-11-19 20:00:00
2018-11-19,11,323,21,14.804,100.0,1,0,2018-11-19 21:00:00
2018-11-19,11,323,22,14.709,100.0,0,0,2018-11-19 22:00:00
2018-11-19,11,323,23,14.804,100.0,0,1,2018-11-19 23:00:00
2018-11-20,11,324,0,14.804,100.0,0,0,2018-11-20 00:00:00
2018-11-20,11,324,1,14.804,100.0,0,0,2018-11-20 01:00:00
2018-11-20,11,324,2,14.804,100.0,1,0,2018-11-20 02:00:00
2018-11-20,11,324,3,14.804,100.0,0,0,2018-11-20 03:00:00
2018-11-20,11,324,4,14.9,100.0,0,0,2018-11-20 04:00:00
2018-11-20,11,324,5,14.804,100.0,0,0,2018-11-20 05:00:00
2018-11-20,11,324,6,14.9,100.0,0,1,2018-11-20 06:00:00
2018-11-20,11,324,7,14.996,100.0,0,0,2018-11-20 07:00:00
2018-11-20,11,324,8,15.282,100.0,0,0,2018-11-20 08:00:00
2018-11-20,11,324,9,15.664,100.0,0,0,2018-11-20 09:00:00
2018-11-20,11,324,10,16.237,100.0,0,0,2018-11-20 10:00:00
2018-11-20,11,324,11,16.523,100.0,0,0,2018-11-20 11:00:00
2018-11-20,11,324,12,17.094,100.0,0,0,2018-11-20 12:00:00
2018-11-20,11,324,13,17.665,100.0,0,0,2018-11-20 13:00:00
2018-11-20,11,324,14,18.14,100.0,0,0,2018-11-20 14:00:00
2018-11-20,11,324,15,18.711,100.0,0,0,2018-11-20 15:00:00
2018-11-20,11,324,16,18.331,100.0,0,0,2018-11-20 16:00:00
2018-11-20,11,324,17,18.14,100.0,0,0,2018-11-20 17:00:00
2018-11-20,11,324,18,17.76,100.0,0,0,2018-11-20 18:00:00
2018-11-20,11,324,19,17.475,100.0,0,0,2018-11-20 19:00:00
2018-11-20,11,324,20,17.379,100.0,0,1,2018-11-20 20:00:00
2018-11-20,11,324,21,17.094,100.0,0,2,2018-11-20 21:00:00
2018-11-20,11,324,22,16.999,100.0,0,1,2018-11-20 22:00:00
2018-11-20,11,324,23,16.999,100.0,0,1,2018-11-20 23:00:00
2018-11-21,11,325,0,16.999,100.0,0,2,2018-11-21 00:00:00
2018-11-21,11,325,1,16.999,100.0,0,0,2018-11-21 01:00:00
2018-11-21,11,325,2,16.999,100.0,0,1,2018-11-21 02:00:00
2018-11-21,11,325,3,16.903,100.0,0,0,2018-11-21 03:00:00
2018-11-21,11,325,4,16.903,100.0,0,0,2018-11-21 04:00:00
2018-11-21,11,325,5,16.903,100.0,0,0,2018-11-21 05:00:00
2018-11-21,11,325,6,16.903,100.0,0,1,2018-11-21 06:00:00
2018-11-21,11,325,7,16.808,100.0,0,0,2018-11-21 07:00:00
2018-11-21,11,325,8,16.713,100.0,0,0,2018-11-21 08:00:00
2018-11-21,11,325,9,17.379,100.0,0,0,2018-11-21 09:00:00
2018-11-21,11,325,10,18.14,100.0,0,0,2018-11-21 10:00:00
2018-11-21,11,325,11,19.092,100.0,0,0,2018-11-21 11:00:00
2018-11-21,11,325,12,19.092,100.0,0,0,2018-11-21 12:00:00
2018-11-21,11,325,13,19.282,100.0,0,0,2018-11-21 13:00:00
2018-11-21,11,325,14,19.472,100.0,0,0,2018-11-21 14:00:00
2018-11-21,11,325,15,19.472,100.0,0,0,2018-11-21 15:00:00
2018-11-21,11,325,16,19.282,100.0,0,0,2018-11-21 16:00:00
2018-11-21,11,325,17,18.426,100.0,0,0,2018-11-21 17:00:00
2018-11-21,11,325,18,18.236,100.0,0,0,2018-11-21 18:00:00
2018-11-21,11,325,19,17.95,100.0,1,1,2018-11-21 19:00:00
2018-11-21,11,325,20,17.855,100.0,1,0,2018-11-21 20:00:00
2018-11-21,11,325,21,17.76,100.0,0,1,2018-11-21 21:00:00
2018-11-21,11,325,22,17.57,100.0,0,1,2018-11-21 22:00:00
2018-11-21,11,325,23,17.379,100.0,0,1,2018-11-21 23:00:00
2018-11-22,11,326,0,17.57,100.0,0,1,2018-11-22 00:00:00
2018-11-22,11,326,1,16.999,100.0,0,1,2018-11-22 01:00:00
2018-11-22,11,326,2,16.999,100.0,0,1,2018-11-22 02:00:00
2018-11-22,11,326,3,17.189,100.0,0,0,2018-11-22 03:00:00
2018-11-22,11,326,4,17.094,100.0,0,0,2018-11-22 04:00:00
2018-11-22,11,326,5,17.189,100.0,0,0,2018-11-22 05:00:00
2018-11-22,11,326,6,17.094,100.0,0,0,2018-11-22 06:00:00
2018-11-22,11,326,7,16.999,100.0,0,0,2018-11-22 07:00:00
2018-11-22,11,326,8,17.094,100.0,0,0,2018-11-22 08:00:00
2018-11-22,11,326,9,17.475,100.0,0,0,2018-11-22 09:00:00
2018-11-22,11,326,10,18.616,100.0,0,0,2018-11-22 10:00:00
2018-11-22,11,326,11,19.187,100.0,0,0,2018-11-22 11:00:00
2018-11-22,11,326,12,21.282,100.0,0,0,2018-11-22 12:00:00
2018-11-22,11,326,13,22.142,100.0,0,0,2018-11-22 13:00:00
2018-11-22,11,326,14,23.1,100.0,0,0,2018-11-22 14:00:00
2018-11-22,11,326,15,23.581,96.05,0,0,2018-11-22 15:00:00
2018-11-22,11,326,16,22.908,91.31,0,0,2018-11-22 16:00:00
2018-11-22,11,326,17,26.585,83.68,0,0,2018-11-22 17:00:00
2018-11-22,11,326,18,25.61,78.59,0,0,2018-11-22 18:00:00
2018-11-22,11,326,19,23.581,86.18,0,2,2018-11-22 19:00:00
2018-11-22,11,326,20,21.76,93.84,0,2,2018-11-22 20:00:00
2018-11-22,11,326,21,20.901,97.0,1,0,2018-11-22 21:00:00
2018-11-22,11,326,22,20.615,98.25,0,2,2018-11-22 22:00:00
2018-11-22,11,326,23,19.377,98.14,0,0,2018-11-22 23:00:00
2018-11-23,11,327,0,16.903,97.91,2,0,2018-11-23 00:00:00
2018-11-23,11,327,1,16.903,99.29,0,0,2018-11-23 01:00:00
2018-11-23,11,327,2,16.141,100.0,0,2,2018-11-23 02:00:00
2018-11-23,11,327,3,15.951,100.0,0,0,2018-11-23 03:00:00
2018-11-23,11,327,4,15.855,100.0,0,2,2018-11-23 04:00:00
2018-11-23,11,327,5,14.804,100.0,1,0,2018-11-23 05:00:00
2018-11-23,11,327,6,14.325,100.0,0,0,2018-11-23 06:00:00
2018-11-23,11,327,7,14.325,100.0,0,0,2018-11-23 07:00:00
2018-11-23,11,327,8,14.804,100.0,0,0,2018-11-23 08:00:00
2018-11-23,11,327,9,15.855,100.0,0,0,2018-11-23 09:00:00
2018-11-23,11,327,10,17.189,100.0,0,0,2018-11-23 10:00:00
2018-11-23,11,327,11,18.331,100.0,0,0,2018-11-23 11:00:00
2018-11-23,11,327,12,18.426,100.0,0,0,2018-11-23 12:00:00
2018-11-23,11,327,13,18.996,100.0,0,0,2018-11-23 13:00:00
2018-11-23,11,327,14,19.282,100.0,0,0,2018-11-23 14:00:00
2018-11-23,11,327,15,19.377,99.54,0,0,2018-11-23 15:00:00
2018-11-23,11,327,16,19.662,94.69,0,0,2018-11-23 16:00:00
2018-11-23,11,327,17,20.234,89.08,0,0,2018-11-23 17:00:00
2018-11-23,11,327,18,18.14,90.38,0,0,2018-11-23 18:00:00
2018-11-23,11,327,19,17.475,94.54,0,1,2018-11-23 19:00:00
2018-11-23,11,327,20,16.903,96.67,0,0,2018-11-23 20:00:00
2018-11-23,11,327,21,16.713,97.89,0,0,2018-11-23 21:00:00
2018-11-23,11,327,22,16.427,99.25,0,0,2018-11-23 22:00:00
2018-11-23,11,327,23,16.332,100.0,0,0,2018-11-23 23:00:00
2018-11-24,11,328,0,16.332,100.0,0,1,2018-11-24 00:00:00
2018-11-24,11,328,1,16.237,100.0,0,0,2018-11-24 01:00:00
2018-11-24,11,328,2,16.237,100.0,0,0,2018-11-24 02:00:00
2018-11-24,11,328,3,15.951,100.0,0,0,2018-11-24 03:00:00
2018-11-24,11,328,4,15.76,100.0,0,0,2018-11-24 04:00:00
2018-11-24,11,328,5,15.664,100.0,0,0,2018-11-24 05:00:00
2018-11-24,11,328,6,15.378,100.0,0,0,2018-11-24 06:00:00
2018-11-24,11,328,7,15.378,100.0,0,0,2018-11-24 07:00:00
2018-11-24,11,328,8,15.569,100.0,0,0,2018-11-24 08:00:00
2018-11-24,11,328,9,15.951,100.0,0,0,2018-11-24 09:00:00
2018-11-24,11,328,10,16.237,100.0,0,0,2018-11-24 10:00:00
2018-11-24,11,328,11,16.237,100.0,0,0,2018-11-24 11:00:00
2018-11-24,11,328,12,16.618,100.0,0,0,2018-11-24 12:00:00
2018-11-24,11,328,13,16.999,100.0,0,0,2018-11-24 13:00:00
2018-11-24,11,328,14,17.57,99.36,0,0,2018-11-24 14:00:00
2018-11-24,11,328,15,17.665,96.73,0,0,2018-11-24 15:00:00
2018-11-24,11,328,16,16.903,97.91,0,0,2018-11-24 16:00:00
2018-11-24,11,328,17,16.618,99.27,0,0,2018-11-24 17:00:00
2018-11-24,11,328,18,16.427,100.0,0,0,2018-11-24 18:00:00
2018-11-24,11,328,19,16.237,100.0,0,0,2018-11-24 19:00:00
2018-11-24,11,328,20,16.046,100.0,0,2,2018-11-24 20:00:00
2018-11-24,11,328,21,15.951,100.0,0,0,2018-11-24 21:00:00
2018-11-24,11,328,22,15.855,100.0,0,0,2018-11-24 22:00:00
2018-11-24,11,328,23,15.76,100.0,0,1,2018-11-24 23:00:00
2018-11-25,11,329,0,15.855,100.0,0,0,2018-11-25 00:00:00
2018-11-25,11,329,1,15.569,100.0,0,0,2018-11-25 01:00:00
2018-11-25,11,329,2,15.473,100.0,0,1,2018-11-25 02:00:00
2018-11-25,11,329,3,15.473,100.0,0,2,2018-11-25 03:00:00
2018-11-25,11,329,4,15.378,100.0,0,0,2018-11-25 04:00:00
2018-11-25,11,329,5,15.378,100.0,0,0,2018-11-25 05:00:00
2018-11-25,11,329,6,15.378,100.0,0,0,2018-11-25 06:00:00
2018-11-25,11,329,7,15.378,100.0,0,0,2018-11-25 07:00:00
2018-11-25,11,329,8,15.378,100.0,0,0,2018-11-25 08:00:00
2018-11-25,11,329,9,15.569,100.0,0,1,2018-11-25 09:00:00
2018-11-25,11,329,10,15.855,100.0,0,0,2018-11-25 10:00:00
2018-11-25,11,329,11,16.046,100.0,0,0,2018-11-25 11:00:00
2018-11-25,11,329,12,16.332,100.0,0,0,2018-11-25 12:00:00
2018-11-25,11,329,13,16.237,100.0,0,0,2018-11-25 13:00:00
2018-11-25,11,329,14,15.855,100.0,0,0,2018-11-25 14:00:00
2018-11-25,11,329,15,15.664,100.0,0,0,2018-11-25 15:00:00
2018-11-25,11,329,16,15.76,100.0,0,0,2018-11-25 16:00:00
2018-11-25,11,329,17,15.855,100.0,0,1,2018-11-25 17:00:00
2018-11-25,11,329,18,15.664,100.0,0,0,2018-11-25 18:00:00
2018-11-25,11,329,19,15.76,100.0,0,2,2018-11-25 19:00:00
2018-11-25,11,329,20,15.76,100.0,0,1,2018-11-25 20:00:00
2018-11-25,11,329,21,15.76,100.0,0,1,2018-11-25 21:00:00
2018-11-25,11,329,22,15.76,100.0,0,0,2018-11-25 22:00:00
2018-11-25,11,329,23,15.855,100.0,0,0,2018-11-25 23:00:00
2018-11-26,11,330,0,15.855,100.0,0,0,2018-11-26 00:00:00
2018-11-26,11,330,1,15.855,100.0,0,1,2018-11-26 01:00:00
2018-11-26,11,330,2,15.76,100.0,0,2,2018-11-26 02:00:00
2018-11-26,11,330,3,15.76,100.0,0,0,2018-11-26 03:00:00
2018-11-26,11,330,4,15.76,100.0,0,1,2018-11-26 04:00:00
2018-11-26,11,330,5,15.76,100.0,0,1,2018-11-26 05:00:00
2018-11-26,11,330,6,15.76,100.0,0,1,2018-11-26 06:00:00
2018-11-26,11,330,7,15.855,100.0,0,0,2018-11-26 07:00:00
2018-11-26,11,330,8,15.951,100.0,0,0,2018-11-26 08:00:00
2018-11-26,11,330,9,16.046,100.0,0,0,2018-11-26 09:00:00
2018-11-26,11,330,10,16.618,100.0,0,0,2018-11-26 10:00:00
2018-11-26,11,330,11,17.094,100.0,0,0,2018-11-26 11:00:00
2018-11-26,11,330,12,17.665,100.0,0,0,2018-11-26 12:00:00
2018-11-26,11,330,13,17.95,100.0,0,0,2018-11-26 13:00:00
2018-11-26,11,330,14,17.76,100.0,0,0,2018-11-26 14:00:00
2018-11-26,11,330,15,17.475,100.0,0,0,2018-11-26 15:00:00
2018-11-26,11,330,16,17.57,100.0,0,1,2018-11-26 16:00:00
2018-11-26,11,330,17,17.475,100.0,0,0,2018-11-26 17:00:00
2018-11-26,11,330,18,17.284,100.0,0,0,2018-11-26 18:00:00
2018-11-26,11,330,19,17.189,100.0,0,2,2018-11-26 19:00:00
2018-11-26,11,330,20,16.808,100.0,0,1,2018-11-26 20:00:00
2018-11-26,11,330,21,16.618,100.0,0,0,2018-11-26 21:00:00
2018-11-26,11,330,22,16.618,100.0,0,2,2018-11-26 22:00:00
2018-11-26,11,330,23,16.523,100.0,0,1,2018-11-26 23:00:00
2018-11-27,11,331,0,16.427,100.0,0,0,2018-11-27 00:00:00
2018-11-27,11,331,1,16.332,100.0,0,0,2018-11-27 01:00:00
2018-11-27,11,331,2,16.427,100.0,0,0,2018-11-27 02:00:00
2018-11-27,11,331,3,16.427,100.0,0,0,2018-11-27 03:00:00
2018-11-27,11,331,4,16.332,100.0,0,0,2018-11-27 04:00:00
2018-11-27,11,331,5,16.237,100.0,0,0,2018-11-27 05:00:00
2018-11-27,11,331,6,16.141,100.0,0,0,2018-11-27 06:00:00
2018-11-27,11,331,7,16.237,100.0,0,0,2018-11-27 07:00:00
2018-11-27,11,331,8,16.523,100.0,0,0,2018-11-27 08:00:00
2018-11-27,11,331,9,16.903,100.0,0,0,2018-11-27 09:00:00
2018-11-27,11,331,10,17.189,100.0,0,0,2018-11-27 10:00:00
2018-11-27,11,331,11,17.665,100.0,0,0,2018-11-27 11:00:00
2018-11-27,11,331,12,18.806,100.0,0,0,2018-11-27 12:00:00
2018-11-27,11,331,13,18.616,100.0,0,0,2018-11-27 13:00:00
2018-11-27,11,331,14,18.806,100.0,0,0,2018-11-27 14:00:00
2018-11-27,11,331,15,18.616,100.0,0,0,2018-11-27 15:00:00
2018-11-27,11,331,16,18.711,100.0,0,0,2018-11-27 16:00:00
2018-11-27,11,331,17,18.711,100.0,0,0,2018-11-27 17:00:00
2018-11-27,11,331,18,18.426,100.0,0,0,2018-11-27 18:00:00
2018-11-27,11,331,19,17.95,100.0,0,2,2018-11-27 19:00:00
2018-11-27,11,331,20,17.665,100.0,0,2,2018-11-27 20:00:00
2018-11-27,11,331,21,17.665,100.0,0,0,2018-11-27 21:00:00
2018-11-27,11,331,22,17.76,100.0,0,0,2018-11-27 22:00:00
2018-11-27,11,331,23,17.665,100.0,0,0,2018-11-27 23:00:00
2018-11-28,11,332,0,17.665,100.0,0,0,2018-11-28 00:00:00
2018-11-28,11,332,1,17.57,100.0,0,0,2018-11-28 01:00:00
2018-11-28,11,332,2,17.475,100.0,0,0,2018-11-28 02:00:00
2018-11-28,11,332,3,17.094,100.0,0,0,2018-11-28 03:00:00
2018-11-28,11,332,4,17.189,100.0,0,0,2018-11-28 04:00:00
2018-11-28,11,332,5,16.808,100.0,0,0,2018-11-28 05:00:00
2018-11-28,11,332,6,16.618,100.0,0,1,2018-11-28 06:00:00
2018-11-28,11,332,7,16.427,100.0,0,0,2018-11-28 07:00:00
2018-11-28,11,332,8,16.046,100.0,0,0,2018-11-28 08:00:00
2018-11-28,11,332,9,15.855,100.0,0,0,2018-11-28 09:00:00
2018-11-28,11,332,10,16.046,100.0,0,0,2018-11-28 10:00:00
2018-11-28,11,332,11,16.332,100.0,0,0,2018-11-28 11:00:00
2018-11-28,11,332,12,16.903,100.0,0,0,2018-11-28 12:00:00
2018-11-28,11,332,13,17.284,100.0,0,0,2018-11-28 13:00:00
2018-11-28,11,332,14,17.475,100.0,0,0,2018-11-28 14:00:00
2018-11-28,11,332,15,16.999,100.0,0,0,2018-11-28 15:00:00
2018-11-28,11,332,16,16.713,100.0,0,0,2018-11-28 16:00:00
2018-11-28,11,332,17,16.237,100.0,0,0,2018-11-28 17:00:00
2018-11-28,11,332,18,16.046,100.0,0,0,2018-11-28 18:00:00
2018-11-28,11,332,19,15.76,100.0,0,0,2018-11-28 19:00:00
2018-11-28,11,332,20,15.855,100.0,0,0,2018-11-28 20:00:00
2018-11-28,11,332,21,15.76,100.0,0,0,2018-11-28 21:00:00
2018-11-28,11,332,22,15.664,100.0,0,0,2018-11-28 22:00:00
2018-11-28,11,332,23,15.664,100.0,0,0,2018-11-28 23:00:00
2018-11-29,11,333,0,15.664,100.0,0,0,2018-11-29 00:00:00
2018-11-29,11,333,1,15.664,100.0,0,0,2018-11-29 01:00:00
2018-11-29,11,333,2,15.569,100.0,0,0,2018-11-29 02:00:00
2018-11-29,11,333,3,15.378,100.0,0,0,2018-11-29 03:00:00
2018-11-29,11,333,4,15.378,100.0,0,0,2018-11-29 04:00:00
2018-11-29,11,333,5,15.378,100.0,0,0,2018-11-29 05:00:00
2018-11-29,11,333,6,15.187,100.0,0,2,2018-11-29 06:00:00
2018-11-29,11,333,7,14.996,100.0,0,0,2018-11-29 07:00:00
2018-11-29,11,333,8,15.282,100.0,0,0,2018-11-29 08:00:00
2018-11-29,11,333,9,15.76,100.0,0,0,2018-11-29 09:00:00
2018-11-29,11,333,10,16.141,100.0,0,1,2018-11-29 10:00:00
2018-11-29,11,333,11,16.427,100.0,0,0,2018-11-29 11:00:00
2018-11-29,11,333,12,17.379,100.0,0,0,2018-11-29 12:00:00
2018-11-29,11,333,13,17.665,100.0,0,0,2018-11-29 13:00:00
2018-11-29,11,333,14,17.855,100.0,0,0,2018-11-29 14:00:00
2018-11-29,11,333,15,17.57,100.0,0,0,2018-11-29 15:00:00
2018-11-29,11,333,16,17.475,100.0,0,0,2018-11-29 16:00:00
2018-11-29,11,333,17,16.808,100.0,0,0,2018-11-29 17:00:00
2018-11-29,11,333,18,16.713,100.0,0,0,2018-11-29 18:00:00
2018-11-29,11,333,19,16.523,100.0,0,0,2018-11-29 19:00:00
2018-11-29,11,333,20,16.237,100.0,0,2,2018-11-29 20:00:00
2018-11-29,11,333,21,16.046,100.0,0,0,2018-11-29 21:00:00
2018-11-29,11,333,22,16.046,100.0,0,0,2018-11-29 22:00:00
2018-11-29,11,333,23,15.855,100.0,0,0,2018-11-29 23:00:00
2018-11-30,11,334,0,15.76,100.0,0,0,2018-11-30 00:00:00
2018-11-30,11,334,1,15.855,100.0,0,0,2018-11-30 01:00:00
2018-11-30,11,334,2,15.664,100.0,0,0,2018-11-30 02:00:00
2018-11-30,11,334,3,15.76,100.0,0,0,2018-11-30 03:00:00
2018-11-30,11,334,4,15.569,100.0,0,0,2018-11-30 04:00:00
2018-11-30,11,334,5,15.569,100.0,0,0,2018-11-30 05:00:00
2018-11-30,11,334,6,15.473,100.0,0,1,2018-11-30 06:00:00
2018-11-30,11,334,7,15.091,100.0,0,0,2018-11-30 07:00:00
2018-11-30,11,334,8,15.378,100.0,0,0,2018-11-30 08:00:00
2018-11-30,11,334,9,15.76,100.0,0,0,2018-11-30 09:00:00
2018-11-30,11,334,10,16.618,100.0,0,0,2018-11-30 10:00:00
2018-11-30,11,334,11,17.094,100.0,0,0,2018-11-30 11:00:00
2018-11-30,11,334,12,17.475,100.0,0,0,2018-11-30 12:00:00
2018-11-30,11,334,13,18.045,100.0,0,0,2018-11-30 13:00:00
2018-11-30,11,334,14,18.521,100.0,0,0,2018-11-30 14:00:00
2018-11-30,11,334,15,18.521,100.0,0,0,2018-11-30 15:00:00
2018-11-30,11,334,16,17.57,100.0,0,0,2018-11-30 16:00:00
2018-11-30,11,334,17,17.665,100.0,0,0,2018-11-30 17:00:00
2018-11-30,11,334,18,17.284,100.0,0,0,2018-11-30 18:00:00
2018-11-30,11,334,19,17.189,100.0,0,0,2018-11-30 19:00:00
2018-11-30,11,334,20,16.999,100.0,0,0,2018-11-30 20:00:00
2018-11-30,11,334,21,16.808,100.0,0,0,2018-11-30 21:00:00
2018-11-30,11,334,22,16.618,100.0,0,0,2018-11-30 22:00:00
2018-11-30,11,334,23,16.523,100.0,0,0,2018-11-30 23:00:00
2018-12-01,12,335,0,16.523,100.0,0,1,2018-12-01 00:00:00
2018-12-01,12,335,1,16.427,100.0,0,0,2018-12-01 01:00:00
2018-12-01,12,335,2,16.237,100.0,0,0,2018-12-01 02:00:00
2018-12-01,12,335,3,16.046,100.0,0,0,2018-12-01 03:00:00
2018-12-01,12,335,4,15.855,100.0,0,0,2018-12-01 04:00:00
2018-12-01,12,335,5,15.76,100.0,0,0,2018-12-01 05:00:00
2018-12-01,12,335,6,15.76,100.0,0,0,2018-12-01 06:00:00
2018-12-01,12,335,7,15.664,100.0,0,0,2018-12-01 07:00:00
2018-12-01,12,335,8,15.855,100.0,0,0,2018-12-01 08:00:00
2018-12-01,12,335,9,16.141,100.0,0,0,2018-12-01 09:00:00
2018-12-01,12,335,10,17.094,100.0,0,0,2018-12-01 10:00:00
2018-12-01,12,335,11,17.665,100.0,0,0,2018-12-01 11:00:00
2018-12-01,12,335,12,18.426,100.0,0,0,2018-12-01 12:00:00
2018-12-01,12,335,13,18.616,100.0,0,0,2018-12-01 13:00:00
2018-12-01,12,335,14,18.14,100.0,0,0,2018-12-01 14:00:00
2018-12-01,12,335,15,19.472,100.0,0,0,2018-12-01 15:00:00
2018-12-01,12,335,16,18.711,100.0,0,0,2018-12-01 16:00:00
2018-12-01,12,335,17,15.569,100.0,0,0,2018-12-01 17:00:00
2018-12-01,12,335,18,14.996,100.0,0,0,2018-12-01 18:00:00
2018-12-01,12,335,19,14.23,100.0,0,0,2018-12-01 19:00:00
2018-12-01,12,335,20,13.654,100.0,0,1,2018-12-01 20:00:00
2018-12-01,12,335,21,13.654,100.0,0,0,2018-12-01 21:00:00
2018-12-01,12,335,22,13.654,100.0,0,0,2018-12-01 22:00:00
2018-12-01,12,335,23,13.558,100.0,0,0,2018-12-01 23:00:00
2018-12-02,12,336,0,13.654,100.0,0,0,2018-12-02 00:00:00
2018-12-02,12,336,1,13.75,100.0,0,0,2018-12-02 01:00:00
2018-12-02,12,336,2,13.846,100.0,0,0,2018-12-02 02:00:00
2018-12-02,12,336,3,13.75,100.0,0,0,2018-12-02 03:00:00
2018-12-02,12,336,4,13.654,100.0,0,0,2018-12-02 04:00:00
2018-12-02,12,336,5,13.75,100.0,0,0,2018-12-02 05:00:00
2018-12-02,12,336,6,13.846,100.0,0,1,2018-12-02 06:00:00
2018-12-02,12,336,7,13.365,100.0,0,0,2018-12-02 07:00:00
2018-12-02,12,336,8,13.173,100.0,0,0,2018-12-02 08:00:00
2018-12-02,12,336,9,13.365,100.0,0,0,2018-12-02 09:00:00
2018-12-02,12,336,10,13.461,100.0,0,0,2018-12-02 10:00:00
2018-12-02,12,336,11,14.134,100.0,0,0,2018-12-02 11:00:00
2018-12-02,12,336,12,14.325,100.0,0,0,2018-12-02 12:00:00
2018-12-02,12,336,13,14.134,100.0,0,0,2018-12-02 13:00:00
2018-12-02,12,336,14,13.846,100.0,0,0,2018-12-02 14:00:00
2018-12-02,12,336,15,13.365,100.0,0,0,2018-12-02 15:00:00
2018-12-02,12,336,16,13.076,100.0,0,0,2018-12-02 16:00:00
2018-12-02,12,336,17,13.076,100.0,0,0,2018-12-02 17:00:00
2018-12-02,12,336,18,12.594,100.0,0,0,2018-12-02 18:00:00
2018-12-02,12,336,19,12.69,100.0,0,0,2018-12-02 19:00:00
2018-12-02,12,336,20,12.497,100.0,0,0,2018-12-02 20:00:00
2018-12-02,12,336,21,12.69,100.0,0,0,2018-12-02 21:00:00
2018-12-02,12,336,22,12.594,100.0,0,0,2018-12-02 22:00:00
2018-12-02,12,336,23,12.304,100.0,0,0,2018-12-02 23:00:00
2018-12-03,12,337,0,12.497,100.0,0,0,2018-12-03 00:00:00
2018-12-03,12,337,1,12.497,100.0,0,0,2018-12-03 01:00:00
2018-12-03,12,337,2,12.401,100.0,0,0,2018-12-03 02:00:00
2018-12-03,12,337,3,12.594,100.0,0,0,2018-12-03 03:00:00
2018-12-03,12,337,4,12.594,100.0,0,0,2018-12-03 04:00:00
2018-12-03,12,337,5,12.401,100.0,0,0,2018-12-03 05:00:00
2018-12-03,12,337,6,12.594,100.0,0,0,2018-12-03 06:00:00
2018-12-03,12,337,7,12.594,100.0,0,0,2018-12-03 07:00:00
2018-12-03,12,337,8,12.401,100.0,0,0,2018-12-03 08:00:00
2018-12-03,12,337,9,12.304,100.0,0,0,2018-12-03 09:00:00
2018-12-03,12,337,10,12.401,100.0,0,0,2018-12-03 10:00:00
2018-12-03,12,337,11,12.69,100.0,0,0,2018-12-03 11:00:00
2018-12-03,12,337,12,12.207,100.0,0,0,2018-12-03 12:00:00
2018-12-03,12,337,13,12.497,100.0,0,0,2018-12-03 13:00:00
2018-12-03,12,337,14,12.883,100.0,0,0,2018-12-03 14:00:00
2018-12-03,12,337,15,13.461,100.0,0,0,2018-12-03 15:00:00
2018-12-03,12,337,16,14.23,100.0,0,0,2018-12-03 16:00:00
2018-12-03,12,337,17,16.523,100.0,0,0,2018-12-03 17:00:00
2018-12-03,12,337,18,15.091,100.0,0,0,2018-12-03 18:00:00
2018-12-03,12,337,19,14.613,100.0,0,0,2018-12-03 19:00:00
2018-12-03,12,337,20,14.038,100.0,0,0,2018-12-03 20:00:00
2018-12-03,12,337,21,13.654,100.0,0,0,2018-12-03 21:00:00
2018-12-03,12,337,22,13.558,100.0,0,0,2018-12-03 22:00:00
2018-12-03,12,337,23,13.461,100.0,0,0,2018-12-03 23:00:00
2018-12-04,12,338,0,13.269,100.0,0,0,2018-12-04 00:00:00
2018-12-04,12,338,1,13.365,100.0,0,0,2018-12-04 01:00:00
2018-12-04,12,338,2,13.269,100.0,0,0,2018-12-04 02:00:00
2018-12-04,12,338,3,13.173,100.0,0,0,2018-12-04 03:00:00
2018-12-04,12,338,4,13.269,100.0,0,0,2018-12-04 04:00:00
2018-12-04,12,338,5,13.269,100.0,0,0,2018-12-04 05:00:00
2018-12-04,12,338,6,13.173,100.0,0,0,2018-12-04 06:00:00
2018-12-04,12,338,7,13.076,100.0,0,0,2018-12-04 07:00:00
2018-12-04,12,338,8,13.365,100.0,0,0,2018-12-04 08:00:00
2018-12-04,12,338,9,13.654,100.0,0,0,2018-12-04 09:00:00
2018-12-04,12,338,10,14.038,100.0,0,0,2018-12-04 10:00:00
2018-12-04,12,338,11,14.709,100.0,0,0,2018-12-04 11:00:00
2018-12-04,12,338,12,15.473,100.0,0,0,2018-12-04 12:00:00
2018-12-04,12,338,13,16.237,100.0,0,0,2018-12-04 13:00:00
2018-12-04,12,338,14,16.903,100.0,0,0,2018-12-04 14:00:00
2018-12-04,12,338,15,17.379,100.0,0,0,2018-12-04 15:00:00
2018-12-04,12,338,16,18.331,100.0,0,0,2018-12-04 16:00:00
2018-12-04,12,338,17,18.236,100.0,0,0,2018-12-04 17:00:00
2018-12-04,12,338,18,18.426,96.79,0,0,2018-12-04 18:00:00
2018-12-04,12,338,19,17.855,96.75,0,0,2018-12-04 19:00:00
2018-12-04,12,338,20,16.427,97.87,0,0,2018-12-04 20:00:00
2018-12-04,12,338,21,15.473,99.15,0,0,2018-12-04 21:00:00
2018-12-04,12,338,22,15.187,100.0,0,0,2018-12-04 22:00:00
2018-12-04,12,338,23,14.9,100.0,0,0,2018-12-04 23:00:00
2018-12-05,12,339,0,14.709,100.0,0,0,2018-12-05 00:00:00
2018-12-05,12,339,1,14.421,100.0,0,0,2018-12-05 01:00:00
2018-12-05,12,339,2,14.421,100.0,0,0,2018-12-05 02:00:00
2018-12-05,12,339,3,14.325,100.0,0,0,2018-12-05 03:00:00
2018-12-05,12,339,4,14.325,100.0,0,0,2018-12-05 04:00:00
2018-12-05,12,339,5,14.134,100.0,0,0,2018-12-05 05:00:00
2018-12-05,12,339,6,14.038,100.0,0,0,2018-12-05 06:00:00
2018-12-05,12,339,7,13.942,100.0,0,0,2018-12-05 07:00:00
2018-12-05,12,339,8,13.654,100.0,0,0,2018-12-05 08:00:00
2018-12-05,12,339,9,14.613,100.0,0,0,2018-12-05 09:00:00
2018-12-05,12,339,10,15.855,100.0,0,0,2018-12-05 10:00:00
2018-12-05,12,339,11,16.808,100.0,0,0,2018-12-05 11:00:00
2018-12-05,12,339,12,17.855,100.0,0,0,2018-12-05 12:00:00
2018-12-05,12,339,13,18.616,95.67,0,0,2018-12-05 13:00:00
2018-12-05,12,339,14,19.472,83.88,0,0,2018-12-05 14:00:00
2018-12-05,12,339,15,20.329,81.18,0,0,2018-12-05 15:00:00
2018-12-05,12,339,16,18.996,83.07,0,0,2018-12-05 16:00:00
2018-12-05,12,339,17,18.901,86.72,0,0,2018-12-05 17:00:00
2018-12-05,12,339,18,19.758,83.87,0,0,2018-12-05 18:00:00
2018-12-05,12,339,19,17.855,92.71,0,0,2018-12-05 19:00:00
2018-12-05,12,339,20,17.094,96.68,0,0,2018-12-05 20:00:00
2018-12-05,12,339,21,16.808,97.9,0,0,2018-12-05 21:00:00
2018-12-05,12,339,22,16.713,99.28,0,0,2018-12-05 22:00:00
2018-12-05,12,339,23,16.523,99.26,0,0,2018-12-05 23:00:00
2018-12-06,12,340,0,16.427,100.0,0,0,2018-12-06 00:00:00
2018-12-06,12,340,1,16.427,100.0,0,1,2018-12-06 01:00:00
2018-12-06,12,340,2,16.237,100.0,0,0,2018-12-06 02:00:00
2018-12-06,12,340,3,16.237,100.0,0,0,2018-12-06 03:00:00
2018-12-06,12,340,4,16.141,100.0,0,0,2018-12-06 04:00:00
2018-12-06,12,340,5,15.951,100.0,0,0,2018-12-06 05:00:00
2018-12-06,12,340,6,16.046,100.0,0,0,2018-12-06 06:00:00
2018-12-06,12,340,7,16.046,100.0,0,0,2018-12-06 07:00:00
2018-12-06,12,340,8,16.046,100.0,0,0,2018-12-06 08:00:00
2018-12-06,12,340,9,16.237,100.0,0,0,2018-12-06 09:00:00
2018-12-06,12,340,10,15.76,100.0,0,0,2018-12-06 10:00:00
2018-12-06,12,340,11,15.282,100.0,0,0,2018-12-06 11:00:00
2018-12-06,12,340,12,15.282,100.0,0,0,2018-12-06 12:00:00
2018-12-06,12,340,13,15.187,100.0,0,0,2018-12-06 13:00:00
2018-12-06,12,340,14,15.187,100.0,0,0,2018-12-06 14:00:00
2018-12-06,12,340,15,15.569,100.0,0,0,2018-12-06 15:00:00
2018-12-06,12,340,16,14.996,100.0,0,0,2018-12-06 16:00:00
2018-12-06,12,340,17,14.038,100.0,0,0,2018-12-06 17:00:00
2018-12-06,12,340,18,13.558,100.0,0,0,2018-12-06 18:00:00
2018-12-06,12,340,19,13.173,100.0,0,1,2018-12-06 19:00:00
2018-12-06,12,340,20,12.787,100.0,0,1,2018-12-06 20:00:00
2018-12-06,12,340,21,12.401,100.0,0,0,2018-12-06 21:00:00
2018-12-06,12,340,22,12.207,100.0,0,0,2018-12-06 22:00:00
2018-12-06,12,340,23,12.207,100.0,0,0,2018-12-06 23:00:00
2018-12-07,12,341,0,12.207,100.0,0,0,2018-12-07 00:00:00
2018-12-07,12,341,1,12.11,100.0,0,0,2018-12-07 01:00:00
2018-12-07,12,341,2,12.304,100.0,0,0,2018-12-07 02:00:00
2018-12-07,12,341,3,11.916,100.0,0,0,2018-12-07 03:00:00
2018-12-07,12,341,4,11.528,100.0,0,0,2018-12-07 04:00:00
2018-12-07,12,341,5,11.431,100.0,0,0,2018-12-07 05:00:00
2018-12-07,12,341,6,11.334,100.0,0,0,2018-12-07 06:00:00
2018-12-07,12,341,7,11.431,100.0,0,0,2018-12-07 07:00:00
2018-12-07,12,341,8,11.528,100.0,0,0,2018-12-07 08:00:00
2018-12-07,12,341,9,11.528,100.0,0,0,2018-12-07 09:00:00
2018-12-07,12,341,10,12.11,100.0,0,0,2018-12-07 10:00:00
2018-12-07,12,341,11,12.401,100.0,0,0,2018-12-07 11:00:00
2018-12-07,12,341,12,13.461,100.0,0,0,2018-12-07 12:00:00
2018-12-07,12,341,13,14.23,100.0,0,0,2018-12-07 13:00:00
2018-12-07,12,341,14,14.23,100.0,0,0,2018-12-07 14:00:00
2018-12-07,12,341,15,14.613,100.0,0,0,2018-12-07 15:00:00
2018-12-07,12,341,16,14.421,100.0,0,0,2018-12-07 16:00:00
2018-12-07,12,341,17,14.038,100.0,0,0,2018-12-07 17:00:00
2018-12-07,12,341,18,13.75,100.0,0,0,2018-12-07 18:00:00
2018-12-07,12,341,19,13.269,100.0,0,0,2018-12-07 19:00:00
2018-12-07,12,341,20,13.173,100.0,0,0,2018-12-07 20:00:00
2018-12-07,12,341,21,13.173,100.0,0,0,2018-12-07 21:00:00
2018-12-07,12,341,22,12.98,100.0,0,0,2018-12-07 22:00:00
2018-12-07,12,341,23,12.69,100.0,0,0,2018-12-07 23:00:00
2018-12-08,12,342,0,12.594,100.0,0,0,2018-12-08 00:00:00
2018-12-08,12,342,1,12.497,100.0,0,0,2018-12-08 01:00:00
2018-12-08,12,342,2,12.497,100.0,0,0,2018-12-08 02:00:00
2018-12-08,12,342,3,12.304,100.0,0,0,2018-12-08 03:00:00
2018-12-08,12,342,4,12.401,100.0,0,0,2018-12-08 04:00:00
2018-12-08,12,342,5,12.401,100.0,0,0,2018-12-08 05:00:00
2018-12-08,12,342,6,12.401,100.0,0,0,2018-12-08 06:00:00
2018-12-08,12,342,7,12.013,100.0,0,0,2018-12-08 07:00:00
2018-12-08,12,342,8,12.497,100.0,0,0,2018-12-08 08:00:00
2018-12-08,12,342,9,12.883,100.0,0,0,2018-12-08 09:00:00
2018-12-08,12,342,10,14.23,100.0,0,0,2018-12-08 10:00:00
2018-12-08,12,342,11,15.282,100.0,0,0,2018-12-08 11:00:00
2018-12-08,12,342,12,16.237,100.0,0,0,2018-12-08 12:00:00
2018-12-08,12,342,13,17.094,100.0,0,0,2018-12-08 13:00:00
2018-12-08,12,342,14,16.999,100.0,0,0,2018-12-08 14:00:00
2018-12-08,12,342,15,16.618,100.0,0,0,2018-12-08 15:00:00
2018-12-08,12,342,16,16.427,100.0,0,0,2018-12-08 16:00:00
2018-12-08,12,342,17,16.237,100.0,0,0,2018-12-08 17:00:00
2018-12-08,12,342,18,16.141,100.0,0,0,2018-12-08 18:00:00
2018-12-08,12,342,19,15.951,100.0,0,0,2018-12-08 19:00:00
2018-12-08,12,342,20,15.855,100.0,0,1,2018-12-08 20:00:00
2018-12-08,12,342,21,15.855,100.0,0,0,2018-12-08 21:00:00
2018-12-08,12,342,22,15.76,100.0,0,0,2018-12-08 22:00:00
2018-12-08,12,342,23,15.664,100.0,0,0,2018-12-08 23:00:00
2018-12-09,12,343,0,15.569,100.0,0,0,2018-12-09 00:00:00
2018-12-09,12,343,1,15.569,100.0,0,0,2018-12-09 01:00:00
2018-12-09,12,343,2,15.378,100.0,0,0,2018-12-09 02:00:00
2018-12-09,12,343,3,15.378,100.0,0,0,2018-12-09 03:00:00
2018-12-09,12,343,4,15.378,100.0,0,0,2018-12-09 04:00:00
2018-12-09,12,343,5,15.282,100.0,0,0,2018-12-09 05:00:00
2018-12-09,12,343,6,15.282,100.0,0,0,2018-12-09 06:00:00
2018-12-09,12,343,7,15.378,100.0,0,0,2018-12-09 07:00:00
2018-12-09,12,343,8,15.76,100.0,0,0,2018-12-09 08:00:00
2018-12-09,12,343,9,16.332,100.0,0,0,2018-12-09 09:00:00
2018-12-09,12,343,10,16.903,100.0,0,0,2018-12-09 10:00:00
2018-12-09,12,343,11,17.57,100.0,0,0,2018-12-09 11:00:00
2018-12-09,12,343,12,18.331,100.0,0,0,2018-12-09 12:00:00
2018-12-09,12,343,13,18.996,100.0,0,0,2018-12-09 13:00:00
2018-12-09,12,343,14,20.71,98.26,0,0,2018-12-09 14:00:00
2018-12-09,12,343,15,21.664,91.26,0,0,2018-12-09 15:00:00
2018-12-09,12,343,16,21.187,87.85,0,0,2018-12-09 16:00:00
2018-12-09,12,343,17,19.377,93.7,0,0,2018-12-09 17:00:00
2018-12-09,12,343,18,18.806,96.83,0,0,2018-12-09 18:00:00
2018-12-09,12,343,19,18.616,98.07,0,0,2018-12-09 19:00:00
2018-12-09,12,343,20,18.331,99.43,0,0,2018-12-09 20:00:00
2018-12-09,12,343,21,18.14,99.42,0,1,2018-12-09 21:00:00
2018-12-09,12,343,22,17.284,99.33,0,1,2018-12-09 22:00:00
2018-12-09,12,343,23,17.284,100.0,0,1,2018-12-09 23:00:00
2018-12-10,12,344,0,17.284,100.0,0,0,2018-12-10 00:00:00
2018-12-10,12,344,1,16.999,100.0,0,0,2018-12-10 01:00:00
2018-12-10,12,344,2,16.618,100.0,0,0,2018-12-10 02:00:00
2018-12-10,12,344,3,16.427,100.0,0,0,2018-12-10 03:00:00
2018-12-10,12,344,4,16.237,100.0,0,0,2018-12-10 04:00:00
2018-12-10,12,344,5,16.523,100.0,0,0,2018-12-10 05:00:00
2018-12-10,12,344,6,16.332,100.0,0,0,2018-12-10 06:00:00
2018-12-10,12,344,7,15.855,100.0,0,0,2018-12-10 07:00:00
2018-12-10,12,344,8,15.951,100.0,0,0,2018-12-10 08:00:00
2018-12-10,12,344,9,16.427,100.0,0,0,2018-12-10 09:00:00
2018-12-10,12,344,10,18.045,100.0,0,0,2018-12-10 10:00:00
2018-12-10,12,344,11,20.138,99.61,0,0,2018-12-10 11:00:00
2018-12-10,12,344,12,21.569,87.86,0,0,2018-12-10 12:00:00
2018-12-10,12,344,13,22.812,83.36,0,0,2018-12-10 13:00:00
2018-12-10,12,344,14,23.966,79.96,0,0,2018-12-10 14:00:00
2018-12-10,12,344,15,21.76,86.72,0,0,2018-12-10 15:00:00
2018-12-10,12,344,16,21.282,90.49,0,0,2018-12-10 16:00:00
2018-12-10,12,344,17,25.028,84.65,0,0,2018-12-10 17:00:00
2018-12-10,12,344,18,21.664,84.71,0,0,2018-12-10 18:00:00
2018-12-10,12,344,19,20.615,90.46,0,0,2018-12-10 19:00:00
2018-12-10,12,344,20,19.948,93.73,0,0,2018-12-10 20:00:00
2018-12-10,12,344,21,19.758,94.7,0,0,2018-12-10 21:00:00
2018-12-10,12,344,22,19.662,95.75,0,0,2018-12-10 22:00:00
2018-12-10,12,344,23,19.567,96.89,0,0,2018-12-10 23:00:00
2018-12-11,12,345,0,19.472,96.88,0,0,2018-12-11 00:00:00
2018-12-11,12,345,1,19.282,98.13,0,0,2018-12-11 01:00:00
2018-12-11,12,345,2,18.806,98.09,0,0,2018-12-11 02:00:00
2018-12-11,12,345,3,18.331,99.43,0,0,2018-12-11 03:00:00
2018-12-11,12,345,4,18.045,99.41,0,0,2018-12-11 04:00:00
2018-12-11,12,345,5,17.665,99.37,0,0,2018-12-11 05:00:00
2018-12-11,12,345,6,17.284,99.33,0,0,2018-12-11 06:00:00
2018-12-11,12,345,7,17.284,100.0,0,0,2018-12-11 07:00:00
2018-12-11,12,345,8,17.379,100.0,0,0,2018-12-11 08:00:00
2018-12-11,12,345,9,18.426,100.0,0,0,2018-12-11 09:00:00
2018-12-11,12,345,10,19.948,100.0,0,0,2018-12-11 10:00:00
2018-12-11,12,345,11,21.855,98.36,0,0,2018-12-11 11:00:00
2018-12-11,12,345,12,23.581,89.84,0,0,2018-12-11 12:00:00
2018-12-11,12,345,13,24.641,85.65,0,0,2018-12-11 13:00:00
2018-12-11,12,345,14,25.319,82.85,0,0,2018-12-11 14:00:00
2018-12-11,12,345,15,25.513,81.27,0,0,2018-12-11 15:00:00
2018-12-11,12,345,16,25.513,82.84,0,0,2018-12-11 16:00:00
2018-12-11,12,345,17,27.665,72.57,0,0,2018-12-11 17:00:00
2018-12-11,12,345,18,25.222,81.28,0,0,2018-12-11 18:00:00
2018-12-11,12,345,19,24.158,86.72,0,0,2018-12-11 19:00:00
2018-12-11,12,345,20,23.196,90.55,0,0,2018-12-11 20:00:00
2018-12-11,12,345,21,22.525,93.89,0,0,2018-12-11 21:00:00
2018-12-11,12,345,22,22.046,95.93,0,1,2018-12-11 22:00:00
2018-12-11,12,345,23,21.664,97.07,0,2,2018-12-11 23:00:00
2018-12-12,12,346,0,21.569,98.34,0,0,2018-12-12 00:00:00
2018-12-12,12,346,1,21.378,98.32,0,1,2018-12-12 01:00:00
2018-12-12,12,346,2,20.901,99.68,0,0,2018-12-12 02:00:00
2018-12-12,12,346,3,20.424,99.64,0,0,2018-12-12 03:00:00
2018-12-12,12,346,4,20.043,99.6,0,0,2018-12-12 04:00:00
2018-12-12,12,346,5,19.472,99.55,0,0,2018-12-12 05:00:00
2018-12-12,12,346,6,19.092,99.51,0,0,2018-12-12 06:00:00
2018-12-12,12,346,7,18.996,100.0,0,0,2018-12-12 07:00:00
2018-12-12,12,346,8,19.092,100.0,0,0,2018-12-12 08:00:00
2018-12-12,12,346,9,19.472,100.0,0,0,2018-12-12 09:00:00
2018-12-12,12,346,10,21.282,99.72,0,0,2018-12-12 10:00:00
2018-12-12,12,346,11,23.004,94.92,0,0,2018-12-12 11:00:00
2018-12-12,12,346,12,24.545,84.19,0,0,2018-12-12 12:00:00
2018-12-12,12,346,13,25.902,75.12,0,0,2018-12-12 13:00:00
2018-12-12,12,346,14,26.683,72.69,0,0,2018-12-12 14:00:00
2018-12-12,12,346,15,27.468,73.4,0,0,2018-12-12 15:00:00
2018-12-12,12,346,16,24.641,80.95,0,0,2018-12-12 16:00:00
2018-12-12,12,346,17,22.142,92.94,0,0,2018-12-12 17:00:00
2018-12-12,12,346,18,21.473,97.05,0,0,2018-12-12 18:00:00
2018-12-12,12,346,19,20.329,96.96,0,0,2018-12-12 19:00:00
2018-12-12,12,346,20,19.567,98.16,1,2,2018-12-12 20:00:00
2018-12-12,12,346,21,19.567,99.56,0,1,2018-12-12 21:00:00
2018-12-12,12,346,22,19.282,99.53,0,2,2018-12-12 22:00:00
2018-12-12,12,346,23,19.092,100.0,0,0,2018-12-12 23:00:00
2018-12-13,12,347,0,18.806,99.48,0,2,2018-12-13 00:00:00
2018-12-13,12,347,1,18.236,99.43,0,0,2018-12-13 01:00:00
2018-12-13,12,347,2,17.76,97.99,0,0,2018-12-13 02:00:00
2018-12-13,12,347,3,17.76,96.74,0,0,2018-12-13 03:00:00
2018-12-13,12,347,4,17.665,95.59,0,0,2018-12-13 04:00:00
2018-12-13,12,347,5,17.094,96.68,0,1,2018-12-13 05:00:00
2018-12-13,12,347,6,16.713,97.89,0,0,2018-12-13 06:00:00
2018-12-13,12,347,7,16.999,97.92,0,0,2018-12-13 07:00:00
2018-12-13,12,347,8,16.903,97.91,0,0,2018-12-13 08:00:00
2018-12-13,12,347,9,17.76,97.99,0,0,2018-12-13 09:00:00
2018-12-13,12,347,10,19.567,96.89,0,0,2018-12-13 10:00:00
2018-12-13,12,347,11,22.238,91.28,0,0,2018-12-13 11:00:00
2018-12-13,12,347,12,24.351,79.93,0,0,2018-12-13 12:00:00
2018-12-13,12,347,13,26.585,61.01,0,0,2018-12-13 13:00:00
2018-12-13,12,347,14,28.06,57.79,0,0,2018-12-13 14:00:00
2018-12-13,12,347,15,28.754,56.8,0,0,2018-12-13 15:00:00
2018-12-13,12,347,16,27.567,67.98,0,0,2018-12-13 16:00:00
2018-12-13,12,347,17,30.862,66.62,0,0,2018-12-13 17:00:00
2018-12-13,12,347,18,28.655,69.76,0,0,2018-12-13 18:00:00
2018-12-13,12,347,19,26.39,79.15,0,0,2018-12-13 19:00:00
2018-12-13,12,347,20,24.448,86.72,0,0,2018-12-13 20:00:00
2018-12-13,12,347,21,23.388,91.33,1,0,2018-12-13 21:00:00
2018-12-13,12,347,22,22.908,93.91,0,0,2018-12-13 22:00:00
2018-12-13,12,347,23,22.717,95.98,0,0,2018-12-13 23:00:00
2018-12-14,12,348,0,22.333,97.12,0,2,2018-12-14 00:00:00
2018-12-14,12,348,1,22.046,98.38,0,0,2018-12-14 01:00:00
2018-12-14,12,348,2,21.664,98.35,0,0,2018-12-14 02:00:00
2018-12-14,12,348,3,21.282,98.31,0,0,2018-12-14 03:00:00
2018-12-14,12,348,4,20.805,99.68,0,0,2018-12-14 04:00:00
2018-12-14,12,348,5,20.901,99.68,0,0,2018-12-14 05:00:00
2018-12-14,12,348,6,20.996,99.69,0,0,2018-12-14 06:00:00
2018-12-14,12,348,7,20.71,99.67,0,0,2018-12-14 07:00:00
2018-12-14,12,348,8,20.805,100.0,0,0,2018-12-14 08:00:00
2018-12-14,12,348,9,21.187,100.0,0,0,2018-12-14 09:00:00
2018-12-14,12,348,10,22.238,99.81,0,0,2018-12-14 10:00:00
2018-12-14,12,348,11,24.448,95.02,0,0,2018-12-14 11:00:00
2018-12-14,12,348,12,26.683,87.3,0,0,2018-12-14 12:00:00
2018-12-14,12,348,13,27.764,83.65,0,0,2018-12-14 13:00:00
2018-12-14,12,348,14,26.781,82.8,0,0,2018-12-14 14:00:00
2018-12-14,12,348,15,25.708,83.71,0,0,2018-12-14 15:00:00
2018-12-14,12,348,16,25.125,84.18,0,0,2018-12-14 16:00:00
2018-12-14,12,348,17,25.805,82.02,0,0,2018-12-14 17:00:00
2018-12-14,12,348,18,23.292,86.72,0,0,2018-12-14 18:00:00
2018-12-14,12,348,19,23.1,88.49,0,0,2018-12-14 19:00:00
2018-12-14,12,348,20,22.333,92.09,0,2,2018-12-14 20:00:00
2018-12-14,12,348,21,21.855,93.85,0,0,2018-12-14 21:00:00
2018-12-14,12,348,22,21.76,93.84,0,0,2018-12-14 22:00:00
2018-12-14,12,348,23,19.282,92.79,2,0,2018-12-14 23:00:00
2018-12-15,12,349,0,18.236,98.03,0,2,2018-12-15 00:00:00
2018-12-15,12,349,1,17.855,99.39,0,1,2018-12-15 01:00:00
2018-12-15,12,349,2,17.76,100.0,0,1,2018-12-15 02:00:00
2018-12-15,12,349,3,17.189,100.0,0,1,2018-12-15 03:00:00
2018-12-15,12,349,4,16.618,100.0,0,2,2018-12-15 04:00:00
2018-12-15,12,349,5,15.855,100.0,0,0,2018-12-15 05:00:00
2018-12-15,12,349,6,16.523,100.0,0,0,2018-12-15 06:00:00
2018-12-15,12,349,7,16.618,100.0,0,2,2018-12-15 07:00:00
2018-12-15,12,349,8,17.284,100.0,0,0,2018-12-15 08:00:00
2018-12-15,12,349,9,17.379,100.0,0,0,2018-12-15 09:00:00
2018-12-15,12,349,10,18.616,100.0,0,0,2018-12-15 10:00:00
2018-12-15,12,349,11,19.567,100.0,0,0,2018-12-15 11:00:00
2018-12-15,12,349,12,18.711,100.0,0,0,2018-12-15 12:00:00
2018-12-15,12,349,13,17.95,100.0,0,0,2018-12-15 13:00:00
2018-12-15,12,349,14,18.14,100.0,0,1,2018-12-15 14:00:00
2018-12-15,12,349,15,18.616,100.0,0,0,2018-12-15 15:00:00
2018-12-15,12,349,16,18.996,100.0,0,0,2018-12-15 16:00:00
2018-12-15,12,349,17,18.806,100.0,0,0,2018-12-15 17:00:00
2018-12-15,12,349,18,18.331,100.0,0,0,2018-12-15 18:00:00
2018-12-15,12,349,19,18.14,100.0,0,1,2018-12-15 19:00:00
2018-12-15,12,349,20,17.95,100.0,0,2,2018-12-15 20:00:00
2018-12-15,12,349,21,17.475,100.0,0,0,2018-12-15 21:00:00
2018-12-15,12,349,22,17.379,100.0,0,0,2018-12-15 22:00:00
2018-12-15,12,349,23,17.189,100.0,0,1,2018-12-15 23:00:00
2018-12-16,12,350,0,17.189,100.0,0,0,2018-12-16 00:00:00
2018-12-16,12,350,1,16.903,100.0,0,1,2018-12-16 01:00:00
2018-12-16,12,350,2,17.094,100.0,0,0,2018-12-16 02:00:00
2018-12-16,12,350,3,17.094,100.0,0,0,2018-12-16 03:00:00
2018-12-16,12,350,4,17.094,100.0,0,0,2018-12-16 04:00:00
2018-12-16,12,350,5,17.189,100.0,0,0,2018-12-16 05:00:00
2018-12-16,12,350,6,17.189,100.0,0,0,2018-12-16 06:00:00
2018-12-16,12,350,7,17.094,100.0,0,0,2018-12-16 07:00:00
2018-12-16,12,350,8,17.379,100.0,0,0,2018-12-16 08:00:00
2018-12-16,12,350,9,17.855,100.0,0,0,2018-12-16 09:00:00
2018-12-16,12,350,10,18.236,100.0,0,0,2018-12-16 10:00:00
2018-12-16,12,350,11,19.472,100.0,0,0,2018-12-16 11:00:00
2018-12-16,12,350,12,20.615,100.0,0,0,2018-12-16 12:00:00
2018-12-16,12,350,13,21.76,100.0,0,0,2018-12-16 13:00:00
2018-12-16,12,350,14,22.238,100.0,0,0,2018-12-16 14:00:00
2018-12-16,12,350,15,22.333,94.87,0,0,2018-12-16 15:00:00
2018-12-16,12,350,16,21.951,93.85,0,0,2018-12-16 16:00:00
2018-12-16,12,350,17,21.187,97.03,0,0,2018-12-16 17:00:00
2018-12-16,12,350,18,20.71,98.26,0,0,2018-12-16 18:00:00
2018-12-16,12,350,19,20.424,99.64,0,0,2018-12-16 19:00:00
2018-12-16,12,350,20,20.329,99.63,0,2,2018-12-16 20:00:00
2018-12-16,12,350,21,20.043,99.6,0,0,2018-12-16 21:00:00
2018-12-16,12,350,22,20.043,100.0,0,0,2018-12-16 22:00:00
2018-12-16,12,350,23,19.758,100.0,0,0,2018-12-16 23:00:00
2018-12-17,12,351,0,19.472,100.0,0,0,2018-12-17 00:00:00
2018-12-17,12,351,1,18.996,100.0,0,0,2018-12-17 01:00:00
2018-12-17,12,351,2,18.806,100.0,0,2,2018-12-17 02:00:00
2018-12-17,12,351,3,17.76,100.0,0,0,2018-12-17 03:00:00
2018-12-17,12,351,4,16.618,100.0,0,0,2018-12-17 04:00:00
2018-12-17,12,351,5,16.618,100.0,0,0,2018-12-17 05:00:00
2018-12-17,12,351,6,16.237,100.0,0,0,2018-12-17 06:00:00
2018-12-17,12,351,7,17.189,100.0,0,0,2018-12-17 07:00:00
2018-12-17,12,351,8,17.665,97.98,0,0,2018-12-17 08:00:00
2018-12-17,12,351,9,18.521,98.06,0,0,2018-12-17 09:00:00
2018-12-17,12,351,10,18.521,98.06,0,0,2018-12-17 10:00:00
2018-12-17,12,351,11,19.187,98.12,0,0,2018-12-17 11:00:00
2018-12-17,12,351,12,19.472,98.15,0,0,2018-12-17 12:00:00
2018-12-17,12,351,13,20.138,96.94,0,0,2018-12-17 13:00:00
2018-12-17,12,351,14,20.901,95.84,0,0,2018-12-17 14:00:00
2018-12-17,12,351,15,22.429,92.1,0,0,2018-12-17 15:00:00
2018-12-17,12,351,16,23.966,89.16,0,0,2018-12-17 16:00:00
2018-12-17,12,351,17,27.075,70.65,0,0,2018-12-17 17:00:00
2018-12-17,12,351,18,26.977,60.61,0,0,2018-12-17 18:00:00
2018-12-17,12,351,19,23.196,76.11,0,0,2018-12-17 19:00:00
2018-12-17,12,351,20,21.091,87.85,0,0,2018-12-17 20:00:00
2018-12-17,12,351,21,20.329,92.85,0,0,2018-12-17 21:00:00
2018-12-17,12,351,22,19.758,93.72,0,0,2018-12-17 22:00:00
2018-12-17,12,351,23,19.092,94.65,0,0,2018-12-17 23:00:00
2018-12-18,12,352,0,18.901,96.83,0,0,2018-12-18 00:00:00
2018-12-18,12,352,1,18.806,96.83,0,0,2018-12-18 01:00:00
2018-12-18,12,352,2,18.521,98.06,0,0,2018-12-18 02:00:00
2018-12-18,12,352,3,18.331,98.04,0,0,2018-12-18 03:00:00
2018-12-18,12,352,4,18.426,98.05,0,0,2018-12-18 04:00:00
2018-12-18,12,352,5,18.331,98.04,0,0,2018-12-18 05:00:00
2018-12-18,12,352,6,18.521,98.06,0,0,2018-12-18 06:00:00
2018-12-18,12,352,7,18.426,99.44,0,0,2018-12-18 07:00:00
2018-12-18,12,352,8,18.901,99.49,0,0,2018-12-18 08:00:00
2018-12-18,12,352,9,19.472,99.55,0,0,2018-12-18 09:00:00
2018-12-18,12,352,10,19.377,98.14,0,0,2018-12-18 10:00:00
2018-12-18,12,352,11,18.901,99.49,0,0,2018-12-18 11:00:00
2018-12-18,12,352,12,18.331,100.0,0,0,2018-12-18 12:00:00
2018-12-18,12,352,13,17.76,100.0,0,0,2018-12-18 13:00:00
2018-12-18,12,352,14,17.379,100.0,0,0,2018-12-18 14:00:00
2018-12-18,12,352,15,17.094,100.0,0,0,2018-12-18 15:00:00
2018-12-18,12,352,16,16.903,100.0,0,0,2018-12-18 16:00:00
2018-12-18,12,352,17,16.808,100.0,0,0,2018-12-18 17:00:00
2018-12-18,12,352,18,16.713,100.0,0,0,2018-12-18 18:00:00
2018-12-18,12,352,19,16.427,100.0,0,0,2018-12-18 19:00:00
2018-12-18,12,352,20,16.141,100.0,0,1,2018-12-18 20:00:00
2018-12-18,12,352,21,16.046,100.0,0,1,2018-12-18 21:00:00
2018-12-18,12,352,22,15.855,100.0,0,1,2018-12-18 22:00:00
2018-12-18,12,352,23,15.76,100.0,0,0,2018-12-18 23:00:00
2018-12-19,12,353,0,15.76,100.0,0,0,2018-12-19 00:00:00
2018-12-19,12,353,1,15.664,100.0,0,0,2018-12-19 01:00:00
2018-12-19,12,353,2,15.76,100.0,0,0,2018-12-19 02:00:00
2018-12-19,12,353,3,15.664,100.0,0,0,2018-12-19 03:00:00
2018-12-19,12,353,4,15.569,100.0,0,0,2018-12-19 04:00:00
2018-12-19,12,353,5,15.664,100.0,0,0,2018-12-19 05:00:00
2018-12-19,12,353,6,15.569,100.0,0,0,2018-12-19 06:00:00
2018-12-19,12,353,7,15.76,100.0,0,0,2018-12-19 07:00:00
2018-12-19,12,353,8,15.855,100.0,0,0,2018-12-19 08:00:00
2018-12-19,12,353,9,16.332,100.0,0,0,2018-12-19 09:00:00
2018-12-19,12,353,10,16.808,100.0,0,0,2018-12-19 10:00:00
2018-12-19,12,353,11,17.665,100.0,0,0,2018-12-19 11:00:00
2018-12-19,12,353,12,17.665,100.0,0,0,2018-12-19 12:00:00
2018-12-19,12,353,13,18.14,100.0,0,0,2018-12-19 13:00:00
2018-12-19,12,353,14,18.426,100.0,0,0,2018-12-19 14:00:00
2018-12-19,12,353,15,18.331,100.0,0,0,2018-12-19 15:00:00
2018-12-19,12,353,16,18.521,100.0,0,0,2018-12-19 16:00:00
2018-12-19,12,353,17,18.426,100.0,0,0,2018-12-19 17:00:00
2018-12-19,12,353,18,17.95,100.0,0,0,2018-12-19 18:00:00
2018-12-19,12,353,19,17.855,100.0,0,0,2018-12-19 19:00:00
2018-12-19,12,353,20,17.665,100.0,0,0,2018-12-19 20:00:00
2018-12-19,12,353,21,17.475,100.0,0,0,2018-12-19 21:00:00
2018-12-19,12,353,22,17.379,100.0,0,0,2018-12-19 22:00:00
2018-12-19,12,353,23,17.379,100.0,0,0,2018-12-19 23:00:00
2018-12-20,12,354,0,17.379,100.0,0,0,2018-12-20 00:00:00
2018-12-20,12,354,1,17.379,100.0,0,0,2018-12-20 01:00:00
2018-12-20,12,354,2,17.379,100.0,0,0,2018-12-20 02:00:00
2018-12-20,12,354,3,17.189,100.0,0,0,2018-12-20 03:00:00
2018-12-20,12,354,4,16.618,100.0,0,0,2018-12-20 04:00:00
2018-12-20,12,354,5,16.808,100.0,0,0,2018-12-20 05:00:00
2018-12-20,12,354,6,16.999,100.0,0,0,2018-12-20 06:00:00
2018-12-20,12,354,7,16.903,100.0,0,0,2018-12-20 07:00:00
2018-12-20,12,354,8,16.713,100.0,0,0,2018-12-20 08:00:00
2018-12-20,12,354,9,17.094,100.0,0,0,2018-12-20 09:00:00
2018-12-20,12,354,10,17.76,100.0,0,0,2018-12-20 10:00:00
2018-12-20,12,354,11,18.236,100.0,0,0,2018-12-20 11:00:00
2018-12-20,12,354,12,19.567,100.0,0,0,2018-12-20 12:00:00
2018-12-20,12,354,13,20.901,100.0,0,0,2018-12-20 13:00:00
2018-12-20,12,354,14,21.855,100.0,0,0,2018-12-20 14:00:00
2018-12-20,12,354,15,21.855,100.0,0,0,2018-12-20 15:00:00
2018-12-20,12,354,16,21.378,99.73,0,0,2018-12-20 16:00:00
2018-12-20,12,354,17,21.282,97.04,0,0,2018-12-20 17:00:00
2018-12-20,12,354,18,20.71,98.26,0,0,2018-12-20 18:00:00
2018-12-20,12,354,19,20.71,98.26,0,0,2018-12-20 19:00:00
2018-12-20,12,354,20,20.138,99.61,0,0,2018-12-20 20:00:00
2018-12-20,12,354,21,19.472,99.55,0,0,2018-12-20 21:00:00
2018-12-20,12,354,22,19.187,100.0,0,0,2018-12-20 22:00:00
2018-12-20,12,354,23,18.996,100.0,0,0,2018-12-20 23:00:00
2018-12-21,12,355,0,19.092,100.0,0,0,2018-12-21 00:00:00
2018-12-21,12,355,1,18.901,100.0,0,0,2018-12-21 01:00:00
2018-12-21,12,355,2,18.711,100.0,0,0,2018-12-21 02:00:00
2018-12-21,12,355,3,18.521,100.0,0,0,2018-12-21 03:00:00
2018-12-21,12,355,4,18.426,100.0,0,0,2018-12-21 04:00:00
2018-12-21,12,355,5,18.331,100.0,0,0,2018-12-21 05:00:00
2018-12-21,12,355,6,18.331,100.0,0,0,2018-12-21 06:00:00
2018-12-21,12,355,7,18.331,100.0,0,0,2018-12-21 07:00:00
2018-12-21,12,355,8,18.426,100.0,0,0,2018-12-21 08:00:00
2018-12-21,12,355,9,18.711,100.0,0,0,2018-12-21 09:00:00
2018-12-21,12,355,10,19.282,100.0,0,0,2018-12-21 10:00:00
2018-12-21,12,355,11,19.472,100.0,0,0,2018-12-21 11:00:00
2018-12-21,12,355,12,19.853,100.0,0,0,2018-12-21 12:00:00
2018-12-21,12,355,13,18.426,100.0,0,0,2018-12-21 13:00:00
2018-12-21,12,355,14,17.189,100.0,0,0,2018-12-21 14:00:00
2018-12-21,12,355,15,16.713,100.0,0,0,2018-12-21 15:00:00
2018-12-21,12,355,16,16.713,100.0,0,0,2018-12-21 16:00:00
2018-12-21,12,355,17,16.618,100.0,0,0,2018-12-21 17:00:00
2018-12-21,12,355,18,16.618,100.0,0,0,2018-12-21 18:00:00
2018-12-21,12,355,19,16.523,100.0,0,1,2018-12-21 19:00:00
2018-12-21,12,355,20,16.523,100.0,0,0,2018-12-21 20:00:00
2018-12-21,12,355,21,16.332,100.0,0,1,2018-12-21 21:00:00
2018-12-21,12,355,22,16.332,100.0,0,0,2018-12-21 22:00:00
2018-12-21,12,355,23,16.141,100.0,0,0,2018-12-21 23:00:00
2018-12-22,12,356,0,16.141,100.0,0,0,2018-12-22 00:00:00
2018-12-22,12,356,1,16.046,100.0,0,0,2018-12-22 01:00:00
2018-12-22,12,356,2,16.046,100.0,0,0,2018-12-22 02:00:00
2018-12-22,12,356,3,15.76,100.0,0,0,2018-12-22 03:00:00
2018-12-22,12,356,4,15.664,100.0,0,0,2018-12-22 04:00:00
2018-12-22,12,356,5,15.473,100.0,0,0,2018-12-22 05:00:00
2018-12-22,12,356,6,15.378,100.0,0,0,2018-12-22 06:00:00
2018-12-22,12,356,7,15.378,100.0,0,0,2018-12-22 07:00:00
2018-12-22,12,356,8,15.569,100.0,0,0,2018-12-22 08:00:00
2018-12-22,12,356,9,16.332,100.0,0,0,2018-12-22 09:00:00
2018-12-22,12,356,10,16.713,100.0,0,0,2018-12-22 10:00:00
2018-12-22,12,356,11,16.808,100.0,0,0,2018-12-22 11:00:00
2018-12-22,12,356,12,17.76,100.0,0,0,2018-12-22 12:00:00
2018-12-22,12,356,13,17.665,100.0,0,0,2018-12-22 13:00:00
2018-12-22,12,356,14,17.855,100.0,0,0,2018-12-22 14:00:00
2018-12-22,12,356,15,17.76,100.0,0,0,2018-12-22 15:00:00
2018-12-22,12,356,16,17.57,100.0,0,0,2018-12-22 16:00:00
2018-12-22,12,356,17,17.57,100.0,0,0,2018-12-22 17:00:00
2018-12-22,12,356,18,17.189,100.0,0,0,2018-12-22 18:00:00
2018-12-22,12,356,19,17.284,100.0,0,0,2018-12-22 19:00:00
2018-12-22,12,356,20,16.903,100.0,0,0,2018-12-22 20:00:00
2018-12-22,12,356,21,16.618,100.0,0,0,2018-12-22 21:00:00
2018-12-22,12,356,22,16.523,100.0,0,0,2018-12-22 22:00:00
2018-12-22,12,356,23,16.427,100.0,0,0,2018-12-22 23:00:00
2018-12-23,12,357,0,16.332,100.0,0,0,2018-12-23 00:00:00
2018-12-23,12,357,1,16.141,100.0,0,0,2018-12-23 01:00:00
2018-12-23,12,357,2,16.141,100.0,0,0,2018-12-23 02:00:00
2018-12-23,12,357,3,16.237,100.0,0,0,2018-12-23 03:00:00
2018-12-23,12,357,4,16.141,100.0,0,0,2018-12-23 04:00:00
2018-12-23,12,357,5,16.046,100.0,0,0,2018-12-23 05:00:00
2018-12-23,12,357,6,15.951,100.0,0,0,2018-12-23 06:00:00
2018-12-23,12,357,7,16.046,100.0,0,0,2018-12-23 07:00:00
2018-12-23,12,357,8,16.332,100.0,0,0,2018-12-23 08:00:00
2018-12-23,12,357,9,17.284,100.0,0,0,2018-12-23 09:00:00
2018-12-23,12,357,10,18.045,100.0,0,0,2018-12-23 10:00:00
2018-12-23,12,357,11,18.521,100.0,0,0,2018-12-23 11:00:00
2018-12-23,12,357,12,19.187,100.0,0,0,2018-12-23 12:00:00
2018-12-23,12,357,13,19.092,100.0,0,0,2018-12-23 13:00:00
2018-12-23,12,357,14,19.662,100.0,0,0,2018-12-23 14:00:00
2018-12-23,12,357,15,20.329,98.23,0,0,2018-12-23 15:00:00
2018-12-23,12,357,16,19.853,95.76,0,0,2018-12-23 16:00:00
2018-12-23,12,357,17,20.043,96.93,0,0,2018-12-23 17:00:00
2018-12-23,12,357,18,19.662,96.9,0,0,2018-12-23 18:00:00
2018-12-23,12,357,19,18.901,98.1,0,0,2018-12-23 19:00:00
2018-12-23,12,357,20,18.236,99.43,0,0,2018-12-23 20:00:00
2018-12-23,12,357,21,17.57,99.36,0,0,2018-12-23 21:00:00
2018-12-23,12,357,22,16.903,100.0,0,0,2018-12-23 22:00:00
2018-12-23,12,357,23,16.903,100.0,0,0,2018-12-23 23:00:00
2018-12-24,12,358,0,16.903,100.0,0,0,2018-12-24 00:00:00
2018-12-24,12,358,1,16.903,100.0,0,2,2018-12-24 01:00:00
2018-12-24,12,358,2,16.808,100.0,0,0,2018-12-24 02:00:00
2018-12-24,12,358,3,16.618,100.0,0,0,2018-12-24 03:00:00
2018-12-24,12,358,4,16.618,100.0,0,0,2018-12-24 04:00:00
2018-12-24,12,358,5,16.713,100.0,0,0,2018-12-24 05:00:00
2018-12-24,12,358,6,16.713,100.0,0,1,2018-12-24 06:00:00
2018-12-24,12,358,7,16.427,100.0,0,0,2018-12-24 07:00:00
2018-12-24,12,358,8,16.237,100.0,0,0,2018-12-24 08:00:00
2018-12-24,12,358,9,16.141,100.0,0,0,2018-12-24 09:00:00
2018-12-24,12,358,10,17.189,100.0,0,0,2018-12-24 10:00:00
2018-12-24,12,358,11,18.045,100.0,0,0,2018-12-24 11:00:00
2018-12-24,12,358,12,18.901,100.0,0,0,2018-12-24 12:00:00
2018-12-24,12,358,13,19.282,100.0,0,0,2018-12-24 13:00:00
2018-12-24,12,358,14,20.043,100.0,0,0,2018-12-24 14:00:00
2018-12-24,12,358,15,20.424,100.0,0,0,2018-12-24 15:00:00
2018-12-24,12,358,16,21.091,98.3,0,0,2018-12-24 16:00:00
2018-12-24,12,358,17,22.812,93.91,0,0,2018-12-24 17:00:00
2018-12-24,12,358,18,20.234,93.75,0,0,2018-12-24 18:00:00
2018-12-24,12,358,19,19.567,98.16,0,0,2018-12-24 19:00:00
2018-12-24,12,358,20,18.996,99.5,0,0,2018-12-24 20:00:00
2018-12-24,12,358,21,18.806,100.0,0,0,2018-12-24 21:00:00
2018-12-24,12,358,22,18.426,100.0,0,0,2018-12-24 22:00:00
2018-12-24,12,358,23,18.236,100.0,0,0,2018-12-24 23:00:00
2018-12-25,12,359,0,17.95,100.0,0,0,2018-12-25 00:00:00
2018-12-25,12,359,1,17.665,100.0,0,0,2018-12-25 01:00:00
2018-12-25,12,359,2,17.475,100.0,0,0,2018-12-25 02:00:00
2018-12-25,12,359,3,16.999,100.0,0,0,2018-12-25 03:00:00
2018-12-25,12,359,4,16.713,100.0,0,0,2018-12-25 04:00:00
2018-12-25,12,359,5,16.523,100.0,0,0,2018-12-25 05:00:00
2018-12-25,12,359,6,16.808,100.0,0,0,2018-12-25 06:00:00
2018-12-25,12,359,7,16.999,100.0,0,0,2018-12-25 07:00:00
2018-12-25,12,359,8,16.999,100.0,0,0,2018-12-25 08:00:00
2018-12-25,12,359,9,17.76,100.0,0,0,2018-12-25 09:00:00
2018-12-25,12,359,10,18.711,100.0,0,0,2018-12-25 10:00:00
2018-12-25,12,359,11,19.377,100.0,0,0,2018-12-25 11:00:00
2018-12-25,12,359,12,20.138,100.0,0,0,2018-12-25 12:00:00
2018-12-25,12,359,13,21.378,100.0,0,0,2018-12-25 13:00:00
2018-12-25,12,359,14,21.664,98.35,0,0,2018-12-25 14:00:00
2018-12-25,12,359,15,22.812,90.54,0,0,2018-12-25 15:00:00
2018-12-25,12,359,16,23.677,85.66,0,0,2018-12-25 16:00:00
2018-12-25,12,359,17,22.908,86.18,0,0,2018-12-25 17:00:00
2018-12-25,12,359,18,26.0,74.65,0,0,2018-12-25 18:00:00
2018-12-25,12,359,19,21.282,89.1,0,1,2018-12-25 19:00:00
2018-12-25,12,359,20,20.138,95.78,0,0,2018-12-25 20:00:00
2018-12-25,12,359,21,19.758,98.17,0,0,2018-12-25 21:00:00
2018-12-25,12,359,22,19.472,99.55,0,0,2018-12-25 22:00:00
2018-12-25,12,359,23,19.187,99.52,0,0,2018-12-25 23:00:00
2018-12-26,12,360,0,18.901,99.49,0,0,2018-12-26 00:00:00
2018-12-26,12,360,1,18.711,100.0,0,0,2018-12-26 01:00:00
2018-12-26,12,360,2,18.711,100.0,0,0,2018-12-26 02:00:00
2018-12-26,12,360,3,18.521,100.0,0,0,2018-12-26 03:00:00
2018-12-26,12,360,4,18.236,100.0,0,0,2018-12-26 04:00:00
2018-12-26,12,360,5,18.14,100.0,0,0,2018-12-26 05:00:00
2018-12-26,12,360,6,17.95,100.0,0,0,2018-12-26 06:00:00
2018-12-26,12,360,7,17.76,100.0,0,0,2018-12-26 07:00:00
2018-12-26,12,360,8,17.855,100.0,0,0,2018-12-26 08:00:00
2018-12-26,12,360,9,18.521,100.0,0,0,2018-12-26 09:00:00
2018-12-26,12,360,10,19.948,100.0,0,0,2018-12-26 10:00:00
2018-12-26,12,360,11,21.378,100.0,0,0,2018-12-26 11:00:00
2018-12-26,12,360,12,22.908,93.91,0,0,2018-12-26 12:00:00
2018-12-26,12,360,13,23.581,86.18,0,0,2018-12-26 13:00:00
2018-12-26,12,360,14,25.222,78.92,0,0,2018-12-26 14:00:00
2018-12-26,12,360,15,25.319,71.58,0,0,2018-12-26 15:00:00
2018-12-26,12,360,16,24.255,78.1,0,0,2018-12-26 16:00:00
2018-12-26,12,360,17,24.545,71.51,0,0,2018-12-26 17:00:00
2018-12-26,12,360,18,21.569,82.98,0,0,2018-12-26 18:00:00
2018-12-26,12,360,19,21.282,87.28,0,0,2018-12-26 19:00:00
2018-12-26,12,360,20,20.424,91.21,0,1,2018-12-26 20:00:00
2018-12-26,12,360,21,19.758,94.7,0,0,2018-12-26 21:00:00
2018-12-26,12,360,22,19.187,95.71,0,0,2018-12-26 22:00:00
2018-12-26,12,360,23,19.092,96.85,0,0,2018-12-26 23:00:00
2018-12-27,12,361,0,18.711,96.82,0,0,2018-12-27 00:00:00
2018-12-27,12,361,1,18.426,96.79,0,0,2018-12-27 01:00:00
2018-12-27,12,361,2,18.236,96.78,0,0,2018-12-27 02:00:00
2018-12-27,12,361,3,18.045,95.62,0,0,2018-12-27 03:00:00
2018-12-27,12,361,4,17.855,95.61,0,0,2018-12-27 04:00:00
2018-12-27,12,361,5,17.665,95.59,0,0,2018-12-27 05:00:00
2018-12-27,12,361,6,17.57,95.58,0,0,2018-12-27 06:00:00
2018-12-27,12,361,7,17.379,95.57,0,0,2018-12-27 07:00:00
2018-12-27,12,361,8,17.475,95.58,0,0,2018-12-27 08:00:00
2018-12-27,12,361,9,17.95,95.61,0,0,2018-12-27 09:00:00
2018-12-27,12,361,10,19.758,95.75,0,0,2018-12-27 10:00:00
2018-12-27,12,361,11,21.855,89.79,0,0,2018-12-27 11:00:00
2018-12-27,12,361,12,23.484,78.16,0,0,2018-12-27 12:00:00
2018-12-27,12,361,13,24.835,74.56,0,0,2018-12-27 13:00:00
2018-12-27,12,361,14,25.902,71.32,0,0,2018-12-27 14:00:00
2018-12-27,12,361,15,23.581,79.66,0,0,2018-12-27 15:00:00
2018-12-27,12,361,16,23.581,83.33,0,0,2018-12-27 16:00:00
2018-12-27,12,361,17,25.805,80.89,0,0,2018-12-27 17:00:00
2018-12-27,12,361,18,25.416,75.89,0,0,2018-12-27 18:00:00
2018-12-27,12,361,19,24.062,82.09,0,0,2018-12-27 19:00:00
2018-12-27,12,361,20,22.333,87.87,0,0,2018-12-27 20:00:00
2018-12-27,12,361,21,21.664,91.26,0,0,2018-12-27 21:00:00
2018-12-27,12,361,22,21.187,93.81,0,0,2018-12-27 22:00:00
2018-12-27,12,361,23,20.901,94.77,0,0,2018-12-27 23:00:00
2018-12-28,12,362,0,20.805,95.83,0,0,2018-12-28 00:00:00
2018-12-28,12,362,1,20.519,95.81,0,0,2018-12-28 01:00:00
2018-12-28,12,362,2,20.138,95.78,0,0,2018-12-28 02:00:00
2018-12-28,12,362,3,19.948,95.77,0,0,2018-12-28 03:00:00
2018-12-28,12,362,4,20.043,96.93,0,0,2018-12-28 04:00:00
2018-12-28,12,362,5,19.853,98.18,0,0,2018-12-28 05:00:00
2018-12-28,12,362,6,19.758,98.17,0,0,2018-12-28 06:00:00
2018-12-28,12,362,7,19.187,99.52,0,0,2018-12-28 07:00:00
2018-12-28,12,362,8,18.806,99.48,0,0,2018-12-28 08:00:00
2018-12-28,12,362,9,17.57,99.36,0,0,2018-12-28 09:00:00
2018-12-28,12,362,10,17.95,99.4,0,0,2018-12-28 10:00:00
2018-12-28,12,362,11,19.377,99.54,0,0,2018-12-28 11:00:00
2018-12-28,12,362,12,21.378,99.73,0,0,2018-12-28 12:00:00
2018-12-28,12,362,13,23.004,93.92,0,0,2018-12-28 13:00:00
2018-12-28,12,362,14,23.869,82.5,0,0,2018-12-28 14:00:00
2018-12-28,12,362,15,23.773,78.43,0,0,2018-12-28 15:00:00
2018-12-28,12,362,16,25.319,77.18,0,0,2018-12-28 16:00:00
2018-12-28,12,362,17,27.764,67.54,0,0,2018-12-28 17:00:00
2018-12-28,12,362,18,24.835,71.47,0,0,2018-12-28 18:00:00
2018-12-28,12,362,19,23.196,79.06,0,0,2018-12-28 19:00:00
2018-12-28,12,362,20,21.855,85.67,0,0,2018-12-28 20:00:00
2018-12-28,12,362,21,20.519,91.21,0,1,2018-12-28 21:00:00
2018-12-28,12,362,22,18.996,95.69,0,1,2018-12-28 22:00:00
2018-12-28,12,362,23,18.236,98.03,0,0,2018-12-28 23:00:00
2018-12-29,12,363,0,17.855,99.39,0,0,2018-12-29 00:00:00
2018-12-29,12,363,1,17.57,99.36,0,2,2018-12-29 01:00:00
2018-12-29,12,363,2,17.57,100.0,0,0,2018-12-29 02:00:00
2018-12-29,12,363,3,17.284,100.0,0,0,2018-12-29 03:00:00
2018-12-29,12,363,4,16.999,100.0,0,0,2018-12-29 04:00:00
2018-12-29,12,363,5,16.903,100.0,0,0,2018-12-29 05:00:00
2018-12-29,12,363,6,16.713,100.0,0,0,2018-12-29 06:00:00
2018-12-29,12,363,7,16.618,100.0,0,0,2018-12-29 07:00:00
2018-12-29,12,363,8,16.999,100.0,0,0,2018-12-29 08:00:00
2018-12-29,12,363,9,17.95,100.0,0,0,2018-12-29 09:00:00
2018-12-29,12,363,10,18.616,100.0,0,0,2018-12-29 10:00:00
2018-12-29,12,363,11,19.662,100.0,0,0,2018-12-29 11:00:00
2018-12-29,12,363,12,20.043,100.0,0,0,2018-12-29 12:00:00
2018-12-29,12,363,13,21.091,100.0,0,0,2018-12-29 13:00:00
2018-12-29,12,363,14,23.1,100.0,0,0,2018-12-29 14:00:00
2018-12-29,12,363,15,24.351,97.29,0,0,2018-12-29 15:00:00
2018-12-29,12,363,16,25.319,75.9,0,0,2018-12-29 16:00:00
2018-12-29,12,363,17,22.333,87.87,0,0,2018-12-29 17:00:00
2018-12-29,12,363,18,21.951,92.07,0,0,2018-12-29 18:00:00
2018-12-29,12,363,19,22.046,93.86,0,0,2018-12-29 19:00:00
2018-12-29,12,363,20,21.378,95.88,0,0,2018-12-29 20:00:00
2018-12-29,12,363,21,20.805,98.27,0,0,2018-12-29 21:00:00
2018-12-29,12,363,22,20.615,99.66,0,0,2018-12-29 22:00:00
2018-12-29,12,363,23,20.424,99.64,0,0,2018-12-29 23:00:00
2018-12-30,12,364,0,20.138,99.61,0,0,2018-12-30 00:00:00
2018-12-30,12,364,1,19.948,99.59,0,0,2018-12-30 01:00:00
2018-12-30,12,364,2,19.758,100.0,0,0,2018-12-30 02:00:00
2018-12-30,12,364,3,19.472,100.0,0,0,2018-12-30 03:00:00
2018-12-30,12,364,4,19.092,100.0,0,0,2018-12-30 04:00:00
2018-12-30,12,364,5,19.187,100.0,0,0,2018-12-30 05:00:00
2018-12-30,12,364,6,18.901,100.0,0,0,2018-12-30 06:00:00
2018-12-30,12,364,7,18.806,100.0,0,0,2018-12-30 07:00:00
2018-12-30,12,364,8,18.996,100.0,0,0,2018-12-30 08:00:00
2018-12-30,12,364,9,19.853,100.0,0,0,2018-12-30 09:00:00
2018-12-30,12,364,10,21.187,100.0,0,0,2018-12-30 10:00:00
2018-12-30,12,364,11,22.333,100.0,0,0,2018-12-30 11:00:00
2018-12-30,12,364,12,24.158,93.05,0,0,2018-12-30 12:00:00
2018-12-30,12,364,13,25.125,82.45,0,0,2018-12-30 13:00:00
2018-12-30,12,364,14,26.097,77.67,0,0,2018-12-30 14:00:00
2018-12-30,12,364,15,26.0,77.96,0,0,2018-12-30 15:00:00
2018-12-30,12,364,16,26.977,76.76,0,0,2018-12-30 16:00:00
2018-12-30,12,364,17,29.652,65.93,0,0,2018-12-30 17:00:00
2018-12-30,12,364,18,24.448,78.97,0,0,2018-12-30 18:00:00
2018-12-30,12,364,19,21.951,87.86,0,1,2018-12-30 19:00:00
2018-12-30,12,364,20,20.519,94.75,0,1,2018-12-30 20:00:00
2018-12-30,12,364,21,19.948,96.92,0,0,2018-12-30 21:00:00
2018-12-30,12,364,22,18.616,98.07,0,0,2018-12-30 22:00:00
2018-12-30,12,364,23,18.521,99.45,0,1,2018-12-30 23:00:00
2018-12-31,12,365,0,17.379,99.34,0,0,2018-12-31 00:00:00
2018-12-31,12,365,1,17.189,100.0,0,0,2018-12-31 01:00:00
2018-12-31,12,365,2,17.379,100.0,0,0,2018-12-31 02:00:00
2018-12-31,12,365,3,17.189,100.0,0,1,2018-12-31 03:00:00
2018-12-31,12,365,4,16.903,100.0,0,0,2018-12-31 04:00:00
2018-12-31,12,365,5,16.427,100.0,0,0,2018-12-31 05:00:00
2018-12-31,12,365,6,16.237,100.0,0,1,2018-12-31 06:00:00
2018-12-31,12,365,7,15.951,100.0,0,1,2018-12-31 07:00:00
2018-12-31,12,365,8,16.332,100.0,0,0,2018-12-31 08:00:00
2018-12-31,12,365,9,16.808,100.0,0,0,2018-12-31 09:00:00
2018-12-31,12,365,10,17.95,100.0,0,0,2018-12-31 10:00:00
2018-12-31,12,365,11,19.092,100.0,0,0,2018-12-31 11:00:00
2018-12-31,12,365,12,20.519,100.0,0,0,2018-12-31 12:00:00
2018-12-31,12,365,13,20.329,100.0,0,0,2018-12-31 13:00:00
2018-12-31,12,365,14,20.615,100.0,0,0,2018-12-31 14:00:00
2018-12-31,12,365,15,21.378,100.0,0,0,2018-12-31 15:00:00
2018-12-31,12,365,16,20.424,100.0,0,0,2018-12-31 16:00:00
2018-12-31,12,365,17,19.948,100.0,0,0,2018-12-31 17:00:00
2018-12-31,12,365,18,19.662,100.0,0,0,2018-12-31 18:00:00
2018-12-31,12,365,19,19.472,100.0,0,0,2018-12-31 19:00:00
2018-12-31,12,365,20,19.377,100.0,0,0,2018-12-31 20:00:00
2018-12-31,12,365,21,19.187,100.0,0,0,2018-12-31 21:00:00
2018-12-31,12,365,22,19.092,100.0,0,0,2018-12-31 22:00:00
2018-12-31,12,365,23,19.092,100.0,0,0,2018-12-31 23:00:00
2019-01-01,1,1,0,19.092,100.0,0,0,2019-01-01 00:00:00
2019-01-01,1,1,1,18.996,100.0,0,0,2019-01-01 01:00:00
2019-01-01,1,1,2,18.901,100.0,0,0,2019-01-01 02:00:00
2019-01-01,1,1,3,18.806,100.0,0,0,2019-01-01 03:00:00
2019-01-01,1,1,4,18.806,100.0,0,0,2019-01-01 04:00:00
2019-01-01,1,1,5,18.806,100.0,0,0,2019-01-01 05:00:00
2019-01-01,1,1,6,18.806,100.0,0,0,2019-01-01 06:00:00
2019-01-01,1,1,7,18.806,100.0,0,0,2019-01-01 07:00:00
2019-01-01,1,1,8,18.996,100.0,0,0,2019-01-01 08:00:00
2019-01-01,1,1,9,19.282,100.0,0,0,2019-01-01 09:00:00
2019-01-01,1,1,10,19.662,100.0,0,0,2019-01-01 10:00:00
2019-01-01,1,1,11,20.329,100.0,0,0,2019-01-01 11:00:00
2019-01-01,1,1,12,20.71,100.0,0,0,2019-01-01 12:00:00
2019-01-01,1,1,13,21.473,100.0,0,0,2019-01-01 13:00:00
2019-01-01,1,1,14,21.76,100.0,0,0,2019-01-01 14:00:00
2019-01-01,1,1,15,21.569,100.0,0,0,2019-01-01 15:00:00
2019-01-01,1,1,16,22.046,100.0,0,0,2019-01-01 16:00:00
2019-01-01,1,1,17,21.855,100.0,0,0,2019-01-01 17:00:00
2019-01-01,1,1,18,21.664,100.0,0,0,2019-01-01 18:00:00
2019-01-01,1,1,19,21.378,100.0,0,0,2019-01-01 19:00:00
2019-01-01,1,1,20,20.996,100.0,0,1,2019-01-01 20:00:00
2019-01-01,1,1,21,20.615,100.0,0,0,2019-01-01 21:00:00
2019-01-01,1,1,22,20.519,100.0,0,0,2019-01-01 22:00:00
2019-01-01,1,1,23,20.424,100.0,0,0,2019-01-01 23:00:00
2019-01-02,1,2,0,20.329,100.0,0,0,2019-01-02 00:00:00
2019-01-02,1,2,1,20.043,100.0,0,0,2019-01-02 01:00:00
2019-01-02,1,2,2,19.853,100.0,0,0,2019-01-02 02:00:00
2019-01-02,1,2,3,19.948,100.0,0,0,2019-01-02 03:00:00
2019-01-02,1,2,4,19.758,100.0,0,0,2019-01-02 04:00:00
2019-01-02,1,2,5,19.472,100.0,0,0,2019-01-02 05:00:00
2019-01-02,1,2,6,19.377,100.0,0,0,2019-01-02 06:00:00
2019-01-02,1,2,7,19.282,100.0,0,0,2019-01-02 07:00:00
2019-01-02,1,2,8,19.377,100.0,0,0,2019-01-02 08:00:00
2019-01-02,1,2,9,19.377,100.0,0,0,2019-01-02 09:00:00
2019-01-02,1,2,10,20.519,100.0,0,0,2019-01-02 10:00:00
2019-01-02,1,2,11,22.142,100.0,0,0,2019-01-02 11:00:00
2019-01-02,1,2,12,23.196,100.0,0,0,2019-01-02 12:00:00
2019-01-02,1,2,13,24.835,98.63,0,0,2019-01-02 13:00:00
2019-01-02,1,2,14,25.125,88.53,0,0,2019-01-02 14:00:00
2019-01-02,1,2,15,24.738,91.38,0,0,2019-01-02 15:00:00
2019-01-02,1,2,16,24.738,90.61,0,0,2019-01-02 16:00:00
2019-01-02,1,2,17,23.869,94.98,0,0,2019-01-02 17:00:00
2019-01-02,1,2,18,23.292,97.2,0,0,2019-01-02 18:00:00
2019-01-02,1,2,19,22.621,98.43,0,0,2019-01-02 19:00:00
2019-01-02,1,2,20,22.238,99.81,0,0,2019-01-02 20:00:00
2019-01-02,1,2,21,21.855,100.0,0,0,2019-01-02 21:00:00
2019-01-02,1,2,22,21.76,100.0,0,0,2019-01-02 22:00:00
2019-01-02,1,2,23,21.664,100.0,0,0,2019-01-02 23:00:00
2019-01-03,1,3,0,21.664,100.0,0,0,2019-01-03 00:00:00
2019-01-03,1,3,1,21.473,100.0,0,0,2019-01-03 01:00:00
2019-01-03,1,3,2,21.187,100.0,0,0,2019-01-03 02:00:00
2019-01-03,1,3,3,20.901,100.0,0,0,2019-01-03 03:00:00
2019-01-03,1,3,4,20.805,100.0,0,0,2019-01-03 04:00:00
2019-01-03,1,3,5,20.71,100.0,0,0,2019-01-03 05:00:00
2019-01-03,1,3,6,20.519,100.0,0,0,2019-01-03 06:00:00
2019-01-03,1,3,7,20.424,100.0,0,0,2019-01-03 07:00:00
2019-01-03,1,3,8,20.519,100.0,0,0,2019-01-03 08:00:00
2019-01-03,1,3,9,21.091,100.0,0,0,2019-01-03 09:00:00
2019-01-03,1,3,10,22.429,100.0,0,0,2019-01-03 10:00:00
2019-01-03,1,3,11,21.091,100.0,0,0,2019-01-03 11:00:00
2019-01-03,1,3,12,18.331,100.0,0,0,2019-01-03 12:00:00
2019-01-03,1,3,13,18.14,100.0,0,0,2019-01-03 13:00:00
2019-01-03,1,3,14,18.045,100.0,0,0,2019-01-03 14:00:00
2019-01-03,1,3,15,17.855,100.0,0,0,2019-01-03 15:00:00
2019-01-03,1,3,16,17.95,100.0,0,0,2019-01-03 16:00:00
2019-01-03,1,3,17,17.475,100.0,0,0,2019-01-03 17:00:00
2019-01-03,1,3,18,17.665,100.0,0,0,2019-01-03 18:00:00
2019-01-03,1,3,19,17.665,100.0,0,0,2019-01-03 19:00:00
2019-01-03,1,3,20,17.475,100.0,0,0,2019-01-03 20:00:00
2019-01-03,1,3,21,17.189,100.0,0,0,2019-01-03 21:00:00
2019-01-03,1,3,22,16.999,100.0,0,0,2019-01-03 22:00:00
2019-01-03,1,3,23,16.903,100.0,0,0,2019-01-03 23:00:00
2019-01-04,1,4,0,16.903,100.0,0,0,2019-01-04 00:00:00
2019-01-04,1,4,1,16.808,100.0,0,0,2019-01-04 01:00:00
2019-01-04,1,4,2,16.618,100.0,0,0,2019-01-04 02:00:00
2019-01-04,1,4,3,16.523,100.0,0,0,2019-01-04 03:00:00
2019-01-04,1,4,4,16.332,100.0,0,0,2019-01-04 04:00:00
2019-01-04,1,4,5,16.332,100.0,0,0,2019-01-04 05:00:00
2019-01-04,1,4,6,16.332,100.0,0,0,2019-01-04 06:00:00
2019-01-04,1,4,7,16.427,100.0,0,0,2019-01-04 07:00:00
2019-01-04,1,4,8,16.618,100.0,0,0,2019-01-04 08:00:00
2019-01-04,1,4,9,17.379,100.0,0,0,2019-01-04 09:00:00
2019-01-04,1,4,10,17.855,100.0,0,0,2019-01-04 10:00:00
2019-01-04,1,4,11,18.711,100.0,0,0,2019-01-04 11:00:00
2019-01-04,1,4,12,19.758,100.0,0,0,2019-01-04 12:00:00
2019-01-04,1,4,13,20.043,100.0,0,0,2019-01-04 13:00:00
2019-01-04,1,4,14,20.901,100.0,0,0,2019-01-04 14:00:00
2019-01-04,1,4,15,20.71,100.0,0,0,2019-01-04 15:00:00
2019-01-04,1,4,16,20.805,100.0,0,0,2019-01-04 16:00:00
2019-01-04,1,4,17,20.519,100.0,0,0,2019-01-04 17:00:00
2019-01-04,1,4,18,19.853,100.0,0,0,2019-01-04 18:00:00
2019-01-04,1,4,19,19.662,100.0,0,0,2019-01-04 19:00:00
2019-01-04,1,4,20,19.377,100.0,0,0,2019-01-04 20:00:00
2019-01-04,1,4,21,18.996,100.0,0,0,2019-01-04 21:00:00
2019-01-04,1,4,22,18.901,100.0,0,0,2019-01-04 22:00:00
2019-01-04,1,4,23,18.616,100.0,0,0,2019-01-04 23:00:00
2019-01-05,1,5,0,18.521,100.0,0,0,2019-01-05 00:00:00
2019-01-05,1,5,1,18.521,100.0,0,0,2019-01-05 01:00:00
2019-01-05,1,5,2,18.616,100.0,0,0,2019-01-05 02:00:00
2019-01-05,1,5,3,18.426,100.0,0,0,2019-01-05 03:00:00
2019-01-05,1,5,4,18.426,100.0,0,0,2019-01-05 04:00:00
2019-01-05,1,5,5,18.426,100.0,0,0,2019-01-05 05:00:00
2019-01-05,1,5,6,18.426,100.0,0,0,2019-01-05 06:00:00
2019-01-05,1,5,7,18.331,100.0,0,0,2019-01-05 07:00:00
2019-01-05,1,5,8,18.426,100.0,0,0,2019-01-05 08:00:00
2019-01-05,1,5,9,18.426,100.0,0,0,2019-01-05 09:00:00
2019-01-05,1,5,10,18.521,100.0,0,0,2019-01-05 10:00:00
2019-01-05,1,5,11,18.236,100.0,0,0,2019-01-05 11:00:00
2019-01-05,1,5,12,18.711,100.0,0,0,2019-01-05 12:00:00
2019-01-05,1,5,13,19.758,100.0,0,0,2019-01-05 13:00:00
2019-01-05,1,5,14,20.138,100.0,0,0,2019-01-05 14:00:00
2019-01-05,1,5,15,20.901,100.0,0,0,2019-01-05 15:00:00
2019-01-05,1,5,16,21.664,100.0,0,0,2019-01-05 16:00:00
2019-01-05,1,5,17,23.773,100.0,0,0,2019-01-05 17:00:00
2019-01-05,1,5,18,25.125,94.05,0,0,2019-01-05 18:00:00
2019-01-05,1,5,19,21.187,97.03,0,0,2019-01-05 19:00:00
2019-01-05,1,5,20,20.234,99.62,0,0,2019-01-05 20:00:00
2019-01-05,1,5,21,19.282,100.0,0,0,2019-01-05 21:00:00
2019-01-05,1,5,22,19.092,100.0,0,0,2019-01-05 22:00:00
2019-01-05,1,5,23,18.996,100.0,0,0,2019-01-05 23:00:00
2019-01-06,1,6,0,19.092,100.0,0,0,2019-01-06 00:00:00
2019-01-06,1,6,1,19.092,100.0,0,0,2019-01-06 01:00:00
2019-01-06,1,6,2,19.092,100.0,0,0,2019-01-06 02:00:00
2019-01-06,1,6,3,19.092,100.0,0,0,2019-01-06 03:00:00
2019-01-06,1,6,4,18.711,100.0,0,0,2019-01-06 04:00:00
2019-01-06,1,6,5,18.331,100.0,0,0,2019-01-06 05:00:00
2019-01-06,1,6,6,18.045,100.0,0,0,2019-01-06 06:00:00
2019-01-06,1,6,7,17.95,100.0,0,0,2019-01-06 07:00:00
2019-01-06,1,6,8,18.045,100.0,0,0,2019-01-06 08:00:00
2019-01-06,1,6,9,18.521,100.0,0,0,2019-01-06 09:00:00
2019-01-06,1,6,10,19.377,100.0,0,0,2019-01-06 10:00:00
2019-01-06,1,6,11,20.043,100.0,0,0,2019-01-06 11:00:00
2019-01-06,1,6,12,21.569,100.0,0,0,2019-01-06 12:00:00
2019-01-06,1,6,13,23.1,100.0,0,0,2019-01-06 13:00:00
2019-01-06,1,6,14,23.388,100.0,0,0,2019-01-06 14:00:00
2019-01-06,1,6,15,24.062,98.56,0,0,2019-01-06 15:00:00
2019-01-06,1,6,16,23.581,94.96,0,0,2019-01-06 16:00:00
2019-01-06,1,6,17,23.196,96.02,0,0,2019-01-06 17:00:00
2019-01-06,1,6,18,22.333,97.12,0,0,2019-01-06 18:00:00
2019-01-06,1,6,19,21.855,99.78,0,0,2019-01-06 19:00:00
2019-01-06,1,6,20,22.142,100.0,0,0,2019-01-06 20:00:00
2019-01-06,1,6,21,21.569,100.0,0,0,2019-01-06 21:00:00
2019-01-06,1,6,22,21.187,100.0,0,0,2019-01-06 22:00:00
2019-01-06,1,6,23,20.996,100.0,0,0,2019-01-06 23:00:00
2019-01-07,1,7,0,20.996,100.0,0,1,2019-01-07 00:00:00
2019-01-07,1,7,1,20.805,100.0,0,0,2019-01-07 01:00:00
2019-01-07,1,7,2,20.424,100.0,0,0,2019-01-07 02:00:00
2019-01-07,1,7,3,20.043,100.0,0,0,2019-01-07 03:00:00
2019-01-07,1,7,4,19.853,100.0,0,0,2019-01-07 04:00:00
2019-01-07,1,7,5,19.758,100.0,0,0,2019-01-07 05:00:00
2019-01-07,1,7,6,19.662,100.0,0,0,2019-01-07 06:00:00
2019-01-07,1,7,7,19.853,100.0,0,0,2019-01-07 07:00:00
2019-01-07,1,7,8,18.901,100.0,0,0,2019-01-07 08:00:00
2019-01-07,1,7,9,17.855,100.0,0,0,2019-01-07 09:00:00
2019-01-07,1,7,10,17.475,100.0,0,0,2019-01-07 10:00:00
2019-01-07,1,7,11,17.665,100.0,0,1,2019-01-07 11:00:00
2019-01-07,1,7,12,17.76,100.0,0,0,2019-01-07 12:00:00
2019-01-07,1,7,13,18.045,100.0,0,0,2019-01-07 13:00:00
2019-01-07,1,7,14,18.14,100.0,0,0,2019-01-07 14:00:00
2019-01-07,1,7,15,18.901,100.0,0,0,2019-01-07 15:00:00
2019-01-07,1,7,16,19.948,100.0,0,0,2019-01-07 16:00:00
2019-01-07,1,7,17,19.662,100.0,0,0,2019-01-07 17:00:00
2019-01-07,1,7,18,19.567,100.0,0,0,2019-01-07 18:00:00
2019-01-07,1,7,19,19.377,100.0,0,0,2019-01-07 19:00:00
2019-01-07,1,7,20,19.187,100.0,0,0,2019-01-07 20:00:00
2019-01-07,1,7,21,18.711,100.0,0,0,2019-01-07 21:00:00
2019-01-07,1,7,22,18.521,100.0,0,0,2019-01-07 22:00:00
2019-01-07,1,7,23,18.521,100.0,0,0,2019-01-07 23:00:00
2019-01-08,1,8,0,18.521,100.0,0,0,2019-01-08 00:00:00
2019-01-08,1,8,1,18.521,100.0,0,0,2019-01-08 01:00:00
2019-01-08,1,8,2,18.521,100.0,0,0,2019-01-08 02:00:00
2019-01-08,1,8,3,18.426,100.0,0,0,2019-01-08 03:00:00
2019-01-08,1,8,4,18.331,100.0,0,0,2019-01-08 04:00:00
2019-01-08,1,8,5,18.331,100.0,0,0,2019-01-08 05:00:00
2019-01-08,1,8,6,18.236,100.0,0,0,2019-01-08 06:00:00
2019-01-08,1,8,7,17.95,100.0,0,0,2019-01-08 07:00:00
2019-01-08,1,8,8,18.236,100.0,0,0,2019-01-08 08:00:00
2019-01-08,1,8,9,18.711,100.0,0,0,2019-01-08 09:00:00
2019-01-08,1,8,10,19.567,100.0,0,0,2019-01-08 10:00:00
2019-01-08,1,8,11,20.424,100.0,0,0,2019-01-08 11:00:00
2019-01-08,1,8,12,20.996,100.0,0,0,2019-01-08 12:00:00
2019-01-08,1,8,13,21.378,100.0,0,0,2019-01-08 13:00:00
2019-01-08,1,8,14,21.951,99.79,0,0,2019-01-08 14:00:00
2019-01-08,1,8,15,21.855,97.08,0,0,2019-01-08 15:00:00
2019-01-08,1,8,16,21.664,97.07,0,0,2019-01-08 16:00:00
2019-01-08,1,8,17,21.951,98.37,0,0,2019-01-08 17:00:00
2019-01-08,1,8,18,21.091,98.3,0,0,2019-01-08 18:00:00
2019-01-08,1,8,19,20.615,99.66,0,0,2019-01-08 19:00:00
2019-01-08,1,8,20,20.519,100.0,0,0,2019-01-08 20:00:00
2019-01-08,1,8,21,20.424,100.0,0,0,2019-01-08 21:00:00
2019-01-08,1,8,22,20.329,100.0,0,0,2019-01-08 22:00:00
2019-01-08,1,8,23,20.234,100.0,0,0,2019-01-08 23:00:00
2019-01-09,1,9,0,20.138,100.0,0,0,2019-01-09 00:00:00
2019-01-09,1,9,1,20.138,100.0,0,0,2019-01-09 01:00:00
2019-01-09,1,9,2,19.853,100.0,0,0,2019-01-09 02:00:00
2019-01-09,1,9,3,19.948,100.0,0,0,2019-01-09 03:00:00
2019-01-09,1,9,4,20.043,100.0,0,0,2019-01-09 04:00:00
2019-01-09,1,9,5,20.043,100.0,0,0,2019-01-09 05:00:00
2019-01-09,1,9,6,20.043,100.0,0,0,2019-01-09 06:00:00
2019-01-09,1,9,7,19.948,100.0,0,0,2019-01-09 07:00:00
2019-01-09,1,9,8,20.138,100.0,0,0,2019-01-09 08:00:00
2019-01-09,1,9,9,20.234,100.0,0,0,2019-01-09 09:00:00
2019-01-09,1,9,10,20.519,100.0,0,0,2019-01-09 10:00:00
2019-01-09,1,9,11,21.187,100.0,1,0,2019-01-09 11:00:00
2019-01-09,1,9,12,21.76,100.0,0,0,2019-01-09 12:00:00
2019-01-09,1,9,13,23.004,100.0,0,0,2019-01-09 13:00:00
2019-01-09,1,9,14,23.581,100.0,0,0,2019-01-09 14:00:00
2019-01-09,1,9,15,22.908,100.0,0,0,2019-01-09 15:00:00
2019-01-09,1,9,16,23.484,100.0,0,0,2019-01-09 16:00:00
2019-01-09,1,9,17,24.448,100.0,0,0,2019-01-09 17:00:00
2019-01-09,1,9,18,30.255,78.89,0,0,2019-01-09 18:00:00
2019-01-09,1,9,19,24.255,89.86,0,0,2019-01-09 19:00:00
2019-01-09,1,9,20,23.004,96.0,0,1,2019-01-09 20:00:00
2019-01-09,1,9,21,22.429,98.42,0,0,2019-01-09 21:00:00
2019-01-09,1,9,22,22.046,99.79,0,0,2019-01-09 22:00:00
2019-01-09,1,9,23,21.569,100.0,0,0,2019-01-09 23:00:00
2019-01-10,1,10,0,21.473,100.0,0,0,2019-01-10 00:00:00
2019-01-10,1,10,1,21.187,100.0,0,0,2019-01-10 01:00:00
2019-01-10,1,10,2,20.996,100.0,0,0,2019-01-10 02:00:00
2019-01-10,1,10,3,20.805,100.0,0,0,2019-01-10 03:00:00
2019-01-10,1,10,4,20.615,100.0,0,0,2019-01-10 04:00:00
2019-01-10,1,10,5,19.948,100.0,0,0,2019-01-10 05:00:00
2019-01-10,1,10,6,19.377,100.0,0,0,2019-01-10 06:00:00
2019-01-10,1,10,7,19.187,100.0,0,0,2019-01-10 07:00:00
2019-01-10,1,10,8,19.377,100.0,0,0,2019-01-10 08:00:00
2019-01-10,1,10,9,19.567,100.0,0,0,2019-01-10 09:00:00
2019-01-10,1,10,10,20.519,100.0,0,0,2019-01-10 10:00:00
2019-01-10,1,10,11,21.282,100.0,0,0,2019-01-10 11:00:00
2019-01-10,1,10,12,22.046,99.79,0,0,2019-01-10 12:00:00
2019-01-10,1,10,13,19.662,98.17,0,0,2019-01-10 13:00:00
2019-01-10,1,10,14,17.475,99.35,0,0,2019-01-10 14:00:00
2019-01-10,1,10,15,16.332,99.24,0,0,2019-01-10 15:00:00
2019-01-10,1,10,16,15.76,100.0,0,0,2019-01-10 16:00:00
2019-01-10,1,10,17,15.664,100.0,0,0,2019-01-10 17:00:00
2019-01-10,1,10,18,14.9,100.0,0,0,2019-01-10 18:00:00
2019-01-10,1,10,19,14.709,100.0,0,0,2019-01-10 19:00:00
2019-01-10,1,10,20,14.709,100.0,0,0,2019-01-10 20:00:00
2019-01-10,1,10,21,14.613,100.0,0,0,2019-01-10 21:00:00
2019-01-10,1,10,22,14.517,100.0,0,0,2019-01-10 22:00:00
2019-01-10,1,10,23,14.613,100.0,0,0,2019-01-10 23:00:00
2019-01-11,1,11,0,14.613,100.0,0,0,2019-01-11 00:00:00
2019-01-11,1,11,1,14.421,100.0,0,0,2019-01-11 01:00:00
2019-01-11,1,11,2,14.421,100.0,0,0,2019-01-11 02:00:00
2019-01-11,1,11,3,14.517,100.0,0,0,2019-01-11 03:00:00
2019-01-11,1,11,4,14.517,100.0,0,0,2019-01-11 04:00:00
2019-01-11,1,11,5,14.325,100.0,0,0,2019-01-11 05:00:00
2019-01-11,1,11,6,14.421,100.0,0,0,2019-01-11 06:00:00
2019-01-11,1,11,7,14.325,100.0,0,0,2019-01-11 07:00:00
2019-01-11,1,11,8,14.421,100.0,0,0,2019-01-11 08:00:00
2019-01-11,1,11,9,14.709,100.0,0,0,2019-01-11 09:00:00
2019-01-11,1,11,10,15.091,100.0,0,0,2019-01-11 10:00:00
2019-01-11,1,11,11,15.378,100.0,0,0,2019-01-11 11:00:00
2019-01-11,1,11,12,15.664,100.0,0,0,2019-01-11 12:00:00
2019-01-11,1,11,13,16.141,100.0,0,0,2019-01-11 13:00:00
2019-01-11,1,11,14,15.951,100.0,0,0,2019-01-11 14:00:00
2019-01-11,1,11,15,16.046,100.0,0,0,2019-01-11 15:00:00
2019-01-11,1,11,16,15.855,100.0,0,0,2019-01-11 16:00:00
2019-01-11,1,11,17,15.76,100.0,0,0,2019-01-11 17:00:00
2019-01-11,1,11,18,16.141,100.0,0,0,2019-01-11 18:00:00
2019-01-11,1,11,19,16.332,100.0,0,0,2019-01-11 19:00:00
2019-01-11,1,11,20,15.664,100.0,0,0,2019-01-11 20:00:00
2019-01-11,1,11,21,15.569,100.0,0,0,2019-01-11 21:00:00
2019-01-11,1,11,22,15.473,100.0,0,0,2019-01-11 22:00:00
2019-01-11,1,11,23,15.473,100.0,0,0,2019-01-11 23:00:00
2019-01-12,1,12,0,15.282,100.0,0,0,2019-01-12 00:00:00
2019-01-12,1,12,1,15.187,100.0,0,0,2019-01-12 01:00:00
2019-01-12,1,12,2,14.9,100.0,0,0,2019-01-12 02:00:00
2019-01-12,1,12,3,14.9,100.0,0,0,2019-01-12 03:00:00
2019-01-12,1,12,4,14.804,100.0,0,0,2019-01-12 04:00:00
2019-01-12,1,12,5,14.804,100.0,0,0,2019-01-12 05:00:00
2019-01-12,1,12,6,14.709,100.0,0,0,2019-01-12 06:00:00
2019-01-12,1,12,7,14.804,100.0,0,1,2019-01-12 07:00:00
2019-01-12,1,12,8,14.996,100.0,0,0,2019-01-12 08:00:00
2019-01-12,1,12,9,15.282,100.0,0,0,2019-01-12 09:00:00
2019-01-12,1,12,10,15.569,100.0,0,0,2019-01-12 10:00:00
2019-01-12,1,12,11,16.141,100.0,0,0,2019-01-12 11:00:00
2019-01-12,1,12,12,16.618,100.0,0,0,2019-01-12 12:00:00
2019-01-12,1,12,13,16.713,100.0,0,0,2019-01-12 13:00:00
2019-01-12,1,12,14,17.379,100.0,0,0,2019-01-12 14:00:00
2019-01-12,1,12,15,17.57,100.0,0,0,2019-01-12 15:00:00
2019-01-12,1,12,16,17.855,100.0,0,0,2019-01-12 16:00:00
2019-01-12,1,12,17,17.57,100.0,0,0,2019-01-12 17:00:00
2019-01-12,1,12,18,17.475,100.0,0,0,2019-01-12 18:00:00
2019-01-12,1,12,19,17.094,100.0,0,0,2019-01-12 19:00:00
2019-01-12,1,12,20,16.903,100.0,0,0,2019-01-12 20:00:00
2019-01-12,1,12,21,16.713,100.0,0,0,2019-01-12 21:00:00
2019-01-12,1,12,22,16.713,100.0,0,0,2019-01-12 22:00:00
2019-01-12,1,12,23,16.618,100.0,0,0,2019-01-12 23:00:00
2019-01-13,1,13,0,16.618,100.0,0,0,2019-01-13 00:00:00
2019-01-13,1,13,1,16.618,100.0,0,0,2019-01-13 01:00:00
2019-01-13,1,13,2,16.618,100.0,0,0,2019-01-13 02:00:00
2019-01-13,1,13,3,16.618,100.0,0,0,2019-01-13 03:00:00
2019-01-13,1,13,4,16.713,100.0,0,0,2019-01-13 04:00:00
2019-01-13,1,13,5,16.618,100.0,0,0,2019-01-13 05:00:00
2019-01-13,1,13,6,16.618,100.0,0,0,2019-01-13 06:00:00
2019-01-13,1,13,7,16.618,100.0,0,0,2019-01-13 07:00:00
2019-01-13,1,13,8,16.808,100.0,0,0,2019-01-13 08:00:00
2019-01-13,1,13,9,17.189,100.0,0,0,2019-01-13 09:00:00
2019-01-13,1,13,10,17.76,100.0,0,0,2019-01-13 10:00:00
2019-01-13,1,13,11,18.426,100.0,0,0,2019-01-13 11:00:00
2019-01-13,1,13,12,19.472,100.0,0,0,2019-01-13 12:00:00
2019-01-13,1,13,13,19.662,100.0,0,0,2019-01-13 13:00:00
2019-01-13,1,13,14,20.138,100.0,0,0,2019-01-13 14:00:00
2019-01-13,1,13,15,19.662,100.0,0,0,2019-01-13 15:00:00
2019-01-13,1,13,16,19.187,100.0,0,0,2019-01-13 16:00:00
2019-01-13,1,13,17,19.092,100.0,0,0,2019-01-13 17:00:00
2019-01-13,1,13,18,18.901,100.0,0,0,2019-01-13 18:00:00
2019-01-13,1,13,19,18.806,100.0,0,0,2019-01-13 19:00:00
2019-01-13,1,13,20,18.521,100.0,0,0,2019-01-13 20:00:00
2019-01-13,1,13,21,18.236,100.0,0,0,2019-01-13 21:00:00
2019-01-13,1,13,22,18.236,100.0,0,0,2019-01-13 22:00:00
2019-01-13,1,13,23,18.14,100.0,0,0,2019-01-13 23:00:00
2019-01-14,1,14,0,18.14,100.0,0,0,2019-01-14 00:00:00
2019-01-14,1,14,1,18.045,100.0,0,0,2019-01-14 01:00:00
2019-01-14,1,14,2,18.045,100.0,0,0,2019-01-14 02:00:00
2019-01-14,1,14,3,17.95,100.0,0,0,2019-01-14 03:00:00
2019-01-14,1,14,4,17.95,100.0,0,0,2019-01-14 04:00:00
2019-01-14,1,14,5,18.045,100.0,0,0,2019-01-14 05:00:00
2019-01-14,1,14,6,17.95,100.0,0,0,2019-01-14 06:00:00
2019-01-14,1,14,7,17.95,100.0,0,0,2019-01-14 07:00:00
2019-01-14,1,14,8,18.14,100.0,0,0,2019-01-14 08:00:00
2019-01-14,1,14,9,18.426,100.0,0,0,2019-01-14 09:00:00
2019-01-14,1,14,10,18.711,100.0,0,0,2019-01-14 10:00:00
2019-01-14,1,14,11,18.901,100.0,0,0,2019-01-14 11:00:00
2019-01-14,1,14,12,19.472,100.0,0,0,2019-01-14 12:00:00
2019-01-14,1,14,13,19.948,100.0,0,0,2019-01-14 13:00:00
2019-01-14,1,14,14,20.329,100.0,0,0,2019-01-14 14:00:00
2019-01-14,1,14,15,20.71,100.0,0,0,2019-01-14 15:00:00
2019-01-14,1,14,16,20.138,100.0,0,0,2019-01-14 16:00:00
2019-01-14,1,14,17,19.948,100.0,0,0,2019-01-14 17:00:00
2019-01-14,1,14,18,19.567,100.0,0,0,2019-01-14 18:00:00
2019-01-14,1,14,19,19.567,100.0,0,0,2019-01-14 19:00:00
2019-01-14,1,14,20,19.472,100.0,0,0,2019-01-14 20:00:00
2019-01-14,1,14,21,19.472,100.0,0,0,2019-01-14 21:00:00
2019-01-14,1,14,22,19.377,100.0,0,0,2019-01-14 22:00:00
2019-01-14,1,14,23,17.76,100.0,0,0,2019-01-14 23:00:00
2019-01-15,1,15,0,17.57,100.0,0,0,2019-01-15 00:00:00
2019-01-15,1,15,1,17.475,100.0,0,0,2019-01-15 01:00:00
2019-01-15,1,15,2,17.57,100.0,0,0,2019-01-15 02:00:00
2019-01-15,1,15,3,18.045,100.0,0,0,2019-01-15 03:00:00
2019-01-15,1,15,4,17.855,100.0,0,0,2019-01-15 04:00:00
2019-01-15,1,15,5,17.76,100.0,0,0,2019-01-15 05:00:00
2019-01-15,1,15,6,17.76,100.0,0,0,2019-01-15 06:00:00
2019-01-15,1,15,7,17.855,100.0,0,0,2019-01-15 07:00:00
2019-01-15,1,15,8,17.855,100.0,0,0,2019-01-15 08:00:00
2019-01-15,1,15,9,18.236,100.0,0,0,2019-01-15 09:00:00
2019-01-15,1,15,10,18.426,100.0,0,0,2019-01-15 10:00:00
2019-01-15,1,15,11,18.806,100.0,0,0,2019-01-15 11:00:00
2019-01-15,1,15,12,19.472,100.0,0,0,2019-01-15 12:00:00
2019-01-15,1,15,13,20.805,100.0,0,0,2019-01-15 13:00:00
2019-01-15,1,15,14,20.901,100.0,0,0,2019-01-15 14:00:00
2019-01-15,1,15,15,20.424,100.0,0,0,2019-01-15 15:00:00
2019-01-15,1,15,16,19.948,100.0,0,0,2019-01-15 16:00:00
2019-01-15,1,15,17,19.472,100.0,0,0,2019-01-15 17:00:00
2019-01-15,1,15,18,19.092,100.0,0,0,2019-01-15 18:00:00
2019-01-15,1,15,19,18.806,100.0,0,0,2019-01-15 19:00:00
2019-01-15,1,15,20,18.616,100.0,0,0,2019-01-15 20:00:00
2019-01-15,1,15,21,18.616,100.0,0,0,2019-01-15 21:00:00
2019-01-15,1,15,22,18.426,100.0,0,0,2019-01-15 22:00:00
2019-01-15,1,15,23,18.521,100.0,0,0,2019-01-15 23:00:00
2019-01-16,1,16,0,18.426,100.0,0,0,2019-01-16 00:00:00
2019-01-16,1,16,1,18.236,100.0,0,0,2019-01-16 01:00:00
2019-01-16,1,16,2,18.236,100.0,0,0,2019-01-16 02:00:00
2019-01-16,1,16,3,18.14,100.0,0,0,2019-01-16 03:00:00
2019-01-16,1,16,4,18.045,100.0,0,0,2019-01-16 04:00:00
2019-01-16,1,16,5,17.95,100.0,0,0,2019-01-16 05:00:00
2019-01-16,1,16,6,18.045,100.0,0,0,2019-01-16 06:00:00
2019-01-16,1,16,7,17.95,100.0,0,0,2019-01-16 07:00:00
2019-01-16,1,16,8,17.95,100.0,0,0,2019-01-16 08:00:00
2019-01-16,1,16,9,18.14,100.0,0,0,2019-01-16 09:00:00
2019-01-16,1,16,10,18.521,100.0,0,0,2019-01-16 10:00:00
2019-01-16,1,16,11,18.996,100.0,0,0,2019-01-16 11:00:00
2019-01-16,1,16,12,19.377,100.0,0,0,2019-01-16 12:00:00
2019-01-16,1,16,13,19.948,100.0,0,0,2019-01-16 13:00:00
2019-01-16,1,16,14,20.615,100.0,0,0,2019-01-16 14:00:00
2019-01-16,1,16,15,21.187,100.0,0,0,2019-01-16 15:00:00
2019-01-16,1,16,16,20.329,100.0,0,0,2019-01-16 16:00:00
2019-01-16,1,16,17,20.424,100.0,0,0,2019-01-16 17:00:00
2019-01-16,1,16,18,20.901,100.0,0,0,2019-01-16 18:00:00
2019-01-16,1,16,19,20.234,100.0,0,0,2019-01-16 19:00:00
2019-01-16,1,16,20,20.043,100.0,0,0,2019-01-16 20:00:00
2019-01-16,1,16,21,19.758,100.0,0,0,2019-01-16 21:00:00
2019-01-16,1,16,22,19.662,100.0,0,0,2019-01-16 22:00:00
2019-01-16,1,16,23,19.662,100.0,0,0,2019-01-16 23:00:00
2019-01-17,1,17,0,19.567,100.0,0,0,2019-01-17 00:00:00
2019-01-17,1,17,1,19.187,100.0,0,0,2019-01-17 01:00:00
2019-01-17,1,17,2,19.282,100.0,0,0,2019-01-17 02:00:00
2019-01-17,1,17,3,19.377,100.0,0,0,2019-01-17 03:00:00
2019-01-17,1,17,4,19.377,100.0,0,0,2019-01-17 04:00:00
2019-01-17,1,17,5,19.377,100.0,0,0,2019-01-17 05:00:00
2019-01-17,1,17,6,19.377,100.0,0,0,2019-01-17 06:00:00
2019-01-17,1,17,7,19.377,100.0,0,0,2019-01-17 07:00:00
2019-01-17,1,17,8,19.472,100.0,0,0,2019-01-17 08:00:00
2019-01-17,1,17,9,19.853,100.0,0,0,2019-01-17 09:00:00
2019-01-17,1,17,10,20.329,100.0,0,0,2019-01-17 10:00:00
2019-01-17,1,17,11,20.805,100.0,0,0,2019-01-17 11:00:00
2019-01-17,1,17,12,21.473,100.0,0,0,2019-01-17 12:00:00
2019-01-17,1,17,13,22.238,100.0,0,0,2019-01-17 13:00:00
2019-01-17,1,17,14,22.333,100.0,0,0,2019-01-17 14:00:00
2019-01-17,1,17,15,21.951,100.0,0,0,2019-01-17 15:00:00
2019-01-17,1,17,16,20.901,100.0,0,0,2019-01-17 16:00:00
2019-01-17,1,17,17,20.71,100.0,0,0,2019-01-17 17:00:00
2019-01-17,1,17,18,20.805,100.0,0,0,2019-01-17 18:00:00
2019-01-17,1,17,19,20.424,100.0,0,0,2019-01-17 19:00:00
2019-01-17,1,17,20,20.424,100.0,0,0,2019-01-17 20:00:00
2019-01-17,1,17,21,19.472,100.0,0,0,2019-01-17 21:00:00
2019-01-17,1,17,22,18.236,100.0,0,0,2019-01-17 22:00:00
2019-01-17,1,17,23,17.95,100.0,0,0,2019-01-17 23:00:00
2019-01-18,1,18,0,17.665,100.0,0,0,2019-01-18 00:00:00
2019-01-18,1,18,1,17.76,100.0,0,0,2019-01-18 01:00:00
2019-01-18,1,18,2,17.76,100.0,0,0,2019-01-18 02:00:00
2019-01-18,1,18,3,17.379,100.0,0,0,2019-01-18 03:00:00
2019-01-18,1,18,4,17.379,100.0,0,0,2019-01-18 04:00:00
2019-01-18,1,18,5,15.951,100.0,0,0,2019-01-18 05:00:00
2019-01-18,1,18,6,14.709,100.0,0,0,2019-01-18 06:00:00
2019-01-18,1,18,7,14.804,100.0,0,0,2019-01-18 07:00:00
2019-01-18,1,18,8,14.9,100.0,0,0,2019-01-18 08:00:00
2019-01-18,1,18,9,14.9,100.0,0,0,2019-01-18 09:00:00
2019-01-18,1,18,10,14.613,100.0,0,0,2019-01-18 10:00:00
2019-01-18,1,18,11,14.613,100.0,0,0,2019-01-18 11:00:00
2019-01-18,1,18,12,14.517,100.0,0,0,2019-01-18 12:00:00
2019-01-18,1,18,13,15.473,100.0,0,0,2019-01-18 13:00:00
2019-01-18,1,18,14,14.804,100.0,0,0,2019-01-18 14:00:00
2019-01-18,1,18,15,15.378,100.0,0,0,2019-01-18 15:00:00
2019-01-18,1,18,16,15.282,100.0,0,0,2019-01-18 16:00:00
2019-01-18,1,18,17,15.378,100.0,0,0,2019-01-18 17:00:00
2019-01-18,1,18,18,15.091,100.0,0,0,2019-01-18 18:00:00
2019-01-18,1,18,19,14.709,100.0,0,0,2019-01-18 19:00:00
2019-01-18,1,18,20,14.134,100.0,0,0,2019-01-18 20:00:00
2019-01-18,1,18,21,12.98,100.0,0,0,2019-01-18 21:00:00
2019-01-18,1,18,22,13.076,100.0,0,0,2019-01-18 22:00:00
2019-01-18,1,18,23,13.269,100.0,0,0,2019-01-18 23:00:00
2019-01-19,1,19,0,13.269,100.0,0,0,2019-01-19 00:00:00
2019-01-19,1,19,1,13.269,100.0,0,0,2019-01-19 01:00:00
2019-01-19,1,19,2,13.365,100.0,0,0,2019-01-19 02:00:00
2019-01-19,1,19,3,13.269,100.0,0,0,2019-01-19 03:00:00
2019-01-19,1,19,4,13.558,100.0,0,0,2019-01-19 04:00:00
2019-01-19,1,19,5,13.365,100.0,0,0,2019-01-19 05:00:00
2019-01-19,1,19,6,13.365,100.0,0,0,2019-01-19 06:00:00
2019-01-19,1,19,7,13.461,100.0,0,0,2019-01-19 07:00:00
2019-01-19,1,19,8,13.269,100.0,0,0,2019-01-19 08:00:00
2019-01-19,1,19,9,13.654,100.0,0,0,2019-01-19 09:00:00
2019-01-19,1,19,10,14.038,100.0,0,0,2019-01-19 10:00:00
2019-01-19,1,19,11,14.804,100.0,0,0,2019-01-19 11:00:00
2019-01-19,1,19,12,14.996,100.0,0,0,2019-01-19 12:00:00
2019-01-19,1,19,13,15.187,100.0,0,0,2019-01-19 13:00:00
2019-01-19,1,19,14,15.569,100.0,0,0,2019-01-19 14:00:00
2019-01-19,1,19,15,16.046,100.0,0,0,2019-01-19 15:00:00
2019-01-19,1,19,16,16.141,100.0,0,0,2019-01-19 16:00:00
2019-01-19,1,19,17,16.237,100.0,0,0,2019-01-19 17:00:00
2019-01-19,1,19,18,16.141,100.0,0,0,2019-01-19 18:00:00
2019-01-19,1,19,19,16.237,100.0,0,0,2019-01-19 19:00:00
2019-01-19,1,19,20,15.473,100.0,0,0,2019-01-19 20:00:00
2019-01-19,1,19,21,15.091,100.0,0,0,2019-01-19 21:00:00
2019-01-19,1,19,22,15.091,100.0,0,0,2019-01-19 22:00:00
2019-01-19,1,19,23,14.996,100.0,0,0,2019-01-19 23:00:00
2019-01-20,1,20,0,15.187,100.0,0,0,2019-01-20 00:00:00
2019-01-20,1,20,1,14.9,100.0,0,0,2019-01-20 01:00:00
2019-01-20,1,20,2,14.709,100.0,0,0,2019-01-20 02:00:00
2019-01-20,1,20,3,14.709,100.0,0,0,2019-01-20 03:00:00
2019-01-20,1,20,4,14.421,100.0,0,0,2019-01-20 04:00:00
2019-01-20,1,20,5,14.23,100.0,0,0,2019-01-20 05:00:00
2019-01-20,1,20,6,14.325,100.0,0,0,2019-01-20 06:00:00
2019-01-20,1,20,7,14.23,100.0,0,0,2019-01-20 07:00:00
2019-01-20,1,20,8,14.421,100.0,0,0,2019-01-20 08:00:00
2019-01-20,1,20,9,14.9,100.0,0,0,2019-01-20 09:00:00
2019-01-20,1,20,10,15.187,100.0,0,0,2019-01-20 10:00:00
2019-01-20,1,20,11,15.855,100.0,0,0,2019-01-20 11:00:00
2019-01-20,1,20,12,16.427,100.0,0,0,2019-01-20 12:00:00
2019-01-20,1,20,13,17.189,100.0,0,0,2019-01-20 13:00:00
2019-01-20,1,20,14,18.426,100.0,0,0,2019-01-20 14:00:00
2019-01-20,1,20,15,18.806,100.0,0,0,2019-01-20 15:00:00
2019-01-20,1,20,16,19.472,100.0,0,0,2019-01-20 16:00:00
2019-01-20,1,20,17,18.426,100.0,0,0,2019-01-20 17:00:00
2019-01-20,1,20,18,17.76,100.0,0,0,2019-01-20 18:00:00
2019-01-20,1,20,19,17.665,100.0,0,0,2019-01-20 19:00:00
2019-01-20,1,20,20,17.379,100.0,0,0,2019-01-20 20:00:00
2019-01-20,1,20,21,17.094,100.0,0,0,2019-01-20 21:00:00
2019-01-20,1,20,22,16.999,100.0,0,0,2019-01-20 22:00:00
2019-01-20,1,20,23,16.999,100.0,0,0,2019-01-20 23:00:00
2019-01-21,1,21,0,16.903,100.0,0,0,2019-01-21 00:00:00
2019-01-21,1,21,1,16.808,100.0,0,0,2019-01-21 01:00:00
2019-01-21,1,21,2,16.808,100.0,0,0,2019-01-21 02:00:00
2019-01-21,1,21,3,16.808,100.0,0,0,2019-01-21 03:00:00
2019-01-21,1,21,4,16.713,100.0,0,0,2019-01-21 04:00:00
2019-01-21,1,21,5,16.713,100.0,0,0,2019-01-21 05:00:00
2019-01-21,1,21,6,16.523,100.0,0,0,2019-01-21 06:00:00
2019-01-21,1,21,7,16.141,100.0,0,0,2019-01-21 07:00:00
2019-01-21,1,21,8,16.046,100.0,0,0,2019-01-21 08:00:00
2019-01-21,1,21,9,16.237,100.0,0,0,2019-01-21 09:00:00
2019-01-21,1,21,10,16.808,100.0,0,0,2019-01-21 10:00:00
2019-01-21,1,21,11,17.475,100.0,0,0,2019-01-21 11:00:00
2019-01-21,1,21,12,19.662,100.0,0,0,2019-01-21 12:00:00
2019-01-21,1,21,13,21.473,100.0,0,0,2019-01-21 13:00:00
2019-01-21,1,21,14,22.046,99.79,0,0,2019-01-21 14:00:00
2019-01-21,1,21,15,21.855,94.84,0,0,2019-01-21 15:00:00
2019-01-21,1,21,16,22.621,87.28,0,0,2019-01-21 16:00:00
2019-01-21,1,21,17,22.717,86.18,0,0,2019-01-21 17:00:00
2019-01-21,1,21,18,21.473,92.91,0,0,2019-01-21 18:00:00
2019-01-21,1,21,19,20.71,96.99,0,0,2019-01-21 19:00:00
2019-01-21,1,21,20,20.424,98.23,0,0,2019-01-21 20:00:00
2019-01-21,1,21,21,20.043,99.6,0,0,2019-01-21 21:00:00
2019-01-21,1,21,22,19.853,99.58,0,0,2019-01-21 22:00:00
2019-01-21,1,21,23,19.472,100.0,0,0,2019-01-21 23:00:00
2019-01-22,1,22,0,19.282,100.0,0,0,2019-01-22 00:00:00
2019-01-22,1,22,1,18.996,100.0,0,0,2019-01-22 01:00:00
2019-01-22,1,22,2,18.996,100.0,0,0,2019-01-22 02:00:00
2019-01-22,1,22,3,18.711,100.0,0,0,2019-01-22 03:00:00
2019-01-22,1,22,4,18.616,100.0,0,0,2019-01-22 04:00:00
2019-01-22,1,22,5,18.331,100.0,0,0,2019-01-22 05:00:00
2019-01-22,1,22,6,17.95,100.0,0,0,2019-01-22 06:00:00
2019-01-22,1,22,7,17.95,100.0,0,0,2019-01-22 07:00:00
2019-01-22,1,22,8,17.855,100.0,0,0,2019-01-22 08:00:00
2019-01-22,1,22,9,18.045,100.0,0,0,2019-01-22 09:00:00
2019-01-22,1,22,10,18.996,100.0,0,0,2019-01-22 10:00:00
2019-01-22,1,22,11,21.091,100.0,0,0,2019-01-22 11:00:00
2019-01-22,1,22,12,23.292,99.91,0,0,2019-01-22 12:00:00
2019-01-22,1,22,13,24.062,85.15,0,0,2019-01-22 13:00:00
2019-01-22,1,22,14,26.097,65.63,0,0,2019-01-22 14:00:00
2019-01-22,1,22,15,25.416,74.07,0,0,2019-01-22 15:00:00
2019-01-22,1,22,16,26.195,76.06,0,0,2019-01-22 16:00:00
2019-01-22,1,22,17,26.0,80.17,0,0,2019-01-22 17:00:00
2019-01-22,1,22,18,25.805,78.57,0,0,2019-01-22 18:00:00
2019-01-22,1,22,19,24.158,89.17,0,0,2019-01-22 19:00:00
2019-01-22,1,22,20,23.292,93.01,0,0,2019-01-22 20:00:00
2019-01-22,1,22,21,22.429,94.88,0,0,2019-01-22 21:00:00
2019-01-22,1,22,22,22.142,97.11,0,0,2019-01-22 22:00:00
2019-01-22,1,22,23,21.76,98.36,0,0,2019-01-22 23:00:00
2019-01-23,1,23,0,21.378,98.32,0,0,2019-01-23 00:00:00
2019-01-23,1,23,1,21.091,99.7,0,0,2019-01-23 01:00:00
2019-01-23,1,23,2,20.519,99.65,0,0,2019-01-23 02:00:00
2019-01-23,1,23,3,20.138,99.61,0,0,2019-01-23 03:00:00
2019-01-23,1,23,4,19.948,100.0,0,0,2019-01-23 04:00:00
2019-01-23,1,23,5,19.472,100.0,0,0,2019-01-23 05:00:00
2019-01-23,1,23,6,19.377,100.0,0,0,2019-01-23 06:00:00
2019-01-23,1,23,7,18.996,100.0,0,0,2019-01-23 07:00:00
2019-01-23,1,23,8,18.996,100.0,0,0,2019-01-23 08:00:00
2019-01-23,1,23,9,19.187,100.0,0,0,2019-01-23 09:00:00
2019-01-23,1,23,10,20.615,100.0,0,0,2019-01-23 10:00:00
2019-01-23,1,23,11,22.429,99.83,0,0,2019-01-23 11:00:00
2019-01-23,1,23,12,24.351,90.59,0,0,2019-01-23 12:00:00
2019-01-23,1,23,13,25.805,83.26,0,0,2019-01-23 13:00:00
2019-01-23,1,23,14,26.683,80.84,0,0,2019-01-23 14:00:00
2019-01-23,1,23,15,27.468,76.45,0,0,2019-01-23 15:00:00
2019-01-23,1,23,16,27.567,75.93,0,0,2019-01-23 16:00:00
2019-01-23,1,23,17,26.39,81.99,0,0,2019-01-23 17:00:00
2019-01-23,1,23,18,26.292,84.63,0,0,2019-01-23 18:00:00
2019-01-23,1,23,19,24.448,87.89,0,0,2019-01-23 19:00:00
2019-01-23,1,23,20,23.388,92.14,0,0,2019-01-23 20:00:00
2019-01-23,1,23,21,22.621,93.9,0,0,2019-01-23 21:00:00
2019-01-23,1,23,22,22.429,94.88,0,0,2019-01-23 22:00:00
2019-01-23,1,23,23,22.238,95.94,0,0,2019-01-23 23:00:00
2019-01-24,1,24,0,22.046,97.1,0,0,2019-01-24 00:00:00
2019-01-24,1,24,1,21.951,97.09,0,0,2019-01-24 01:00:00
2019-01-24,1,24,2,21.664,98.35,0,0,2019-01-24 02:00:00
2019-01-24,1,24,3,21.473,98.33,0,0,2019-01-24 03:00:00
2019-01-24,1,24,4,21.282,99.72,0,0,2019-01-24 04:00:00
2019-01-24,1,24,5,20.901,98.28,0,0,2019-01-24 05:00:00
2019-01-24,1,24,6,20.71,99.67,0,0,2019-01-24 06:00:00
2019-01-24,1,24,7,20.519,99.65,0,0,2019-01-24 07:00:00
2019-01-24,1,24,8,20.424,99.64,0,0,2019-01-24 08:00:00
2019-01-24,1,24,9,20.519,99.65,0,0,2019-01-24 09:00:00
2019-01-24,1,24,10,21.378,98.32,0,0,2019-01-24 10:00:00
2019-01-24,1,24,11,23.292,90.56,0,0,2019-01-24 11:00:00
2019-01-24,1,24,12,25.513,78.0,0,0,2019-01-24 12:00:00
2019-01-24,1,24,13,26.977,73.89,0,0,2019-01-24 13:00:00
2019-01-24,1,24,14,27.567,69.29,0,0,2019-01-24 14:00:00
2019-01-24,1,24,15,29.252,59.42,0,0,2019-01-24 15:00:00
2019-01-24,1,24,16,30.154,56.79,0,0,2019-01-24 16:00:00
2019-01-24,1,24,17,28.853,67.78,0,0,2019-01-24 17:00:00
2019-01-24,1,24,18,26.0,79.5,0,0,2019-01-24 18:00:00
2019-01-24,1,24,19,26.097,84.15,0,0,2019-01-24 19:00:00
2019-01-24,1,24,20,24.545,88.52,0,0,2019-01-24 20:00:00
2019-01-24,1,24,21,23.196,91.32,0,0,2019-01-24 21:00:00
2019-01-24,1,24,22,22.525,93.89,0,0,2019-01-24 22:00:00
2019-01-24,1,24,23,22.429,95.96,0,0,2019-01-24 23:00:00
2019-01-25,1,25,0,22.238,97.12,0,0,2019-01-25 00:00:00
2019-01-25,1,25,1,21.664,97.07,0,0,2019-01-25 01:00:00
2019-01-25,1,25,2,21.091,97.02,0,0,2019-01-25 02:00:00
2019-01-25,1,25,3,21.091,98.3,0,0,2019-01-25 03:00:00
2019-01-25,1,25,4,20.329,98.23,0,0,2019-01-25 04:00:00
2019-01-25,1,25,5,20.138,98.21,0,0,2019-01-25 05:00:00
2019-01-25,1,25,6,19.853,98.18,0,0,2019-01-25 06:00:00
2019-01-25,1,25,7,19.377,98.14,0,0,2019-01-25 07:00:00
2019-01-25,1,25,8,19.282,96.87,0,0,2019-01-25 08:00:00
2019-01-25,1,25,9,19.472,96.88,0,0,2019-01-25 09:00:00
2019-01-25,1,25,10,20.519,93.77,0,0,2019-01-25 10:00:00
2019-01-25,1,25,11,22.812,88.49,0,0,2019-01-25 11:00:00
2019-01-25,1,25,12,25.125,76.41,0,0,2019-01-25 12:00:00
2019-01-25,1,25,13,28.456,44.88,0,0,2019-01-25 13:00:00
2019-01-25,1,25,14,29.652,42.03,0,0,2019-01-25 14:00:00
2019-01-25,1,25,15,29.652,48.23,0,0,2019-01-25 15:00:00
2019-01-25,1,25,16,28.555,55.66,0,0,2019-01-25 16:00:00
2019-01-25,1,25,17,29.853,54.67,0,0,2019-01-25 17:00:00
2019-01-25,1,25,18,36.62,41.73,0,0,2019-01-25 18:00:00
2019-01-25,1,25,19,27.567,64.7,0,0,2019-01-25 19:00:00
2019-01-25,1,25,20,25.222,75.66,0,0,2019-01-25 20:00:00
2019-01-25,1,25,21,23.581,82.91,0,0,2019-01-25 21:00:00
2019-01-25,1,25,22,22.717,87.28,0,0,2019-01-25 22:00:00
2019-01-25,1,25,23,22.142,88.48,0,0,2019-01-25 23:00:00
2019-01-26,1,26,0,21.664,91.26,0,0,2019-01-26 00:00:00
2019-01-26,1,26,1,21.187,92.04,0,0,2019-01-26 01:00:00
2019-01-26,1,26,2,20.805,91.22,0,0,2019-01-26 02:00:00
2019-01-26,1,26,3,20.234,91.99,0,0,2019-01-26 03:00:00
2019-01-26,1,26,4,19.758,91.97,0,0,2019-01-26 04:00:00
2019-01-26,1,26,5,19.758,90.43,0,0,2019-01-26 05:00:00
2019-01-26,1,26,6,19.567,90.43,0,0,2019-01-26 06:00:00
2019-01-26,1,26,7,19.472,89.73,0,0,2019-01-26 07:00:00
2019-01-26,1,26,8,19.567,90.43,0,0,2019-01-26 08:00:00
2019-01-26,1,26,9,19.948,88.44,0,0,2019-01-26 09:00:00
2019-01-26,1,26,10,21.378,83.4,0,0,2019-01-26 10:00:00
2019-01-26,1,26,11,23.581,81.73,0,0,2019-01-26 11:00:00
2019-01-26,1,26,12,25.805,69.71,0,0,2019-01-26 12:00:00
2019-01-26,1,26,13,27.075,64.16,0,0,2019-01-26 13:00:00
2019-01-26,1,26,14,28.953,50.81,0,0,2019-01-26 14:00:00
2019-01-26,1,26,15,28.655,54.59,0,0,2019-01-26 15:00:00
2019-01-26,1,26,16,28.357,61.13,0,0,2019-01-26 16:00:00
2019-01-26,1,26,17,30.154,52.88,0,0,2019-01-26 17:00:00
2019-01-26,1,26,18,37.274,39.48,0,0,2019-01-26 18:00:00
2019-01-26,1,26,19,26.977,59.78,0,0,2019-01-26 19:00:00
2019-01-26,1,26,20,24.158,70.74,0,0,2019-01-26 20:00:00
2019-01-26,1,26,21,22.812,76.88,0,0,2019-01-26 21:00:00
2019-01-26,1,26,22,21.951,78.28,0,0,2019-01-26 22:00:00
2019-01-26,1,26,23,21.187,82.6,0,0,2019-01-26 23:00:00
2019-01-27,1,27,0,20.615,84.28,0,0,2019-01-27 00:00:00
2019-01-27,1,27,1,20.519,86.19,0,0,2019-01-27 01:00:00
2019-01-27,1,27,2,20.043,87.84,0,0,2019-01-27 02:00:00
2019-01-27,1,27,3,19.472,90.43,0,0,2019-01-27 03:00:00
2019-01-27,1,27,4,19.377,91.95,0,0,2019-01-27 04:00:00
2019-01-27,1,27,5,19.282,92.79,0,0,2019-01-27 05:00:00
2019-01-27,1,27,6,18.996,93.67,0,0,2019-01-27 06:00:00
2019-01-27,1,27,7,18.806,93.66,0,0,2019-01-27 07:00:00
2019-01-27,1,27,8,18.806,93.66,0,0,2019-01-27 08:00:00
2019-01-27,1,27,9,19.567,94.68,0,0,2019-01-27 09:00:00
2019-01-27,1,27,10,19.853,93.73,0,0,2019-01-27 10:00:00
2019-01-27,1,27,11,20.805,92.87,0,0,2019-01-27 11:00:00
2019-01-27,1,27,12,21.569,92.91,0,0,2019-01-27 12:00:00
2019-01-27,1,27,13,22.046,91.27,0,0,2019-01-27 13:00:00
2019-01-27,1,27,14,23.004,87.28,0,0,2019-01-27 14:00:00
2019-01-27,1,27,15,24.351,79.29,0,0,2019-01-27 15:00:00
2019-01-27,1,27,16,25.125,81.66,0,0,2019-01-27 16:00:00
2019-01-27,1,27,17,25.222,84.17,0,0,2019-01-27 17:00:00
2019-01-27,1,27,18,27.37,76.73,0,0,2019-01-27 18:00:00
2019-01-27,1,27,19,24.835,81.68,0,0,2019-01-27 19:00:00
2019-01-27,1,27,20,22.812,88.49,0,0,2019-01-27 20:00:00
2019-01-27,1,27,21,21.76,92.92,0,0,2019-01-27 21:00:00
2019-01-27,1,27,22,20.996,94.78,0,0,2019-01-27 22:00:00
2019-01-27,1,27,23,20.234,95.79,0,0,2019-01-27 23:00:00
2019-01-28,1,28,0,19.948,96.92,0,0,2019-01-28 00:00:00
2019-01-28,1,28,1,20.424,98.23,0,0,2019-01-28 01:00:00
2019-01-28,1,28,2,20.329,98.23,0,0,2019-01-28 02:00:00
2019-01-28,1,28,3,19.948,98.19,0,0,2019-01-28 03:00:00
2019-01-28,1,28,4,19.567,98.16,0,0,2019-01-28 04:00:00
2019-01-28,1,28,5,19.472,99.55,0,0,2019-01-28 05:00:00
2019-01-28,1,28,6,18.711,98.08,0,0,2019-01-28 06:00:00
2019-01-28,1,28,7,18.331,98.04,0,0,2019-01-28 07:00:00
2019-01-28,1,28,8,18.236,99.43,0,0,2019-01-28 08:00:00
2019-01-28,1,28,9,18.616,99.46,0,0,2019-01-28 09:00:00
2019-01-28,1,28,10,18.521,99.45,0,0,2019-01-28 10:00:00
2019-01-28,1,28,11,20.138,100.0,0,0,2019-01-28 11:00:00
2019-01-28,1,28,12,21.473,99.74,0,0,2019-01-28 12:00:00
2019-01-28,1,28,13,23.292,96.02,0,0,2019-01-28 13:00:00
2019-01-28,1,28,14,24.255,85.65,0,0,2019-01-28 14:00:00
2019-01-28,1,28,15,25.319,76.91,0,0,2019-01-28 15:00:00
2019-01-28,1,28,16,25.805,70.83,0,0,2019-01-28 16:00:00
2019-01-28,1,28,17,26.488,64.27,0,0,2019-01-28 17:00:00
2019-01-28,1,28,18,30.659,53.15,0,0,2019-01-28 18:00:00
2019-01-28,1,28,19,21.282,78.91,0,0,2019-01-28 19:00:00
2019-01-28,1,28,20,20.138,95.78,0,0,2019-01-28 20:00:00
2019-01-28,1,28,21,20.615,99.66,0,0,2019-01-28 21:00:00
2019-01-28,1,28,22,20.519,99.65,0,0,2019-01-28 22:00:00
2019-01-28,1,28,23,20.138,100.0,0,0,2019-01-28 23:00:00
2019-01-29,1,29,0,19.377,100.0,0,0,2019-01-29 00:00:00
2019-01-29,1,29,1,19.282,100.0,0,0,2019-01-29 01:00:00
2019-01-29,1,29,2,18.616,100.0,0,0,2019-01-29 02:00:00
2019-01-29,1,29,3,18.14,100.0,0,0,2019-01-29 03:00:00
2019-01-29,1,29,4,17.57,100.0,0,0,2019-01-29 04:00:00
2019-01-29,1,29,5,17.094,100.0,0,0,2019-01-29 05:00:00
2019-01-29,1,29,6,16.808,100.0,0,0,2019-01-29 06:00:00
2019-01-29,1,29,7,16.903,100.0,0,0,2019-01-29 07:00:00
2019-01-29,1,29,8,17.189,100.0,0,0,2019-01-29 08:00:00
2019-01-29,1,29,9,17.379,100.0,0,0,2019-01-29 09:00:00
2019-01-29,1,29,10,18.236,100.0,0,0,2019-01-29 10:00:00
2019-01-29,1,29,11,19.853,100.0,0,0,2019-01-29 11:00:00
2019-01-29,1,29,12,21.855,100.0,0,0,2019-01-29 12:00:00
2019-01-29,1,29,13,23.004,100.0,0,0,2019-01-29 13:00:00
2019-01-29,1,29,14,23.581,90.57,0,0,2019-01-29 14:00:00
2019-01-29,1,29,15,24.931,73.7,0,0,2019-01-29 15:00:00
2019-01-29,1,29,16,26.0,69.84,0,0,2019-01-29 16:00:00
2019-01-29,1,29,17,26.683,69.89,0,0,2019-01-29 17:00:00
2019-01-29,1,29,18,26.097,71.12,0,0,2019-01-29 18:00:00
2019-01-29,1,29,19,23.196,86.18,0,0,2019-01-29 19:00:00
2019-01-29,1,29,20,22.238,92.09,0,0,2019-01-29 20:00:00
2019-01-29,1,29,21,21.664,94.83,0,0,2019-01-29 21:00:00
2019-01-29,1,29,22,21.282,95.87,0,0,2019-01-29 22:00:00
2019-01-29,1,29,23,20.519,94.75,0,0,2019-01-29 23:00:00
2019-01-30,1,30,0,19.758,96.91,0,0,2019-01-30 00:00:00
2019-01-30,1,30,1,19.377,98.14,0,0,2019-01-30 01:00:00
2019-01-30,1,30,2,19.187,98.12,0,0,2019-01-30 02:00:00
2019-01-30,1,30,3,18.901,99.49,0,0,2019-01-30 03:00:00
2019-01-30,1,30,4,18.806,99.48,0,0,2019-01-30 04:00:00
2019-01-30,1,30,5,18.521,99.45,0,0,2019-01-30 05:00:00
2019-01-30,1,30,6,18.14,99.42,0,0,2019-01-30 06:00:00
2019-01-30,1,30,7,17.95,99.4,0,0,2019-01-30 07:00:00
2019-01-30,1,30,8,18.14,100.0,0,0,2019-01-30 08:00:00
2019-01-30,1,30,9,18.521,100.0,0,0,2019-01-30 09:00:00
2019-01-30,1,30,10,19.472,100.0,0,0,2019-01-30 10:00:00
2019-01-30,1,30,11,21.473,99.74,0,0,2019-01-30 11:00:00
2019-01-30,1,30,12,23.292,93.01,0,0,2019-01-30 12:00:00
2019-01-30,1,30,13,24.351,86.17,0,0,2019-01-30 13:00:00
2019-01-30,1,30,14,25.125,82.05,0,0,2019-01-30 14:00:00
2019-01-30,1,30,15,24.545,81.32,0,0,2019-01-30 15:00:00
2019-01-30,1,30,16,23.581,88.5,0,0,2019-01-30 16:00:00
2019-01-30,1,30,17,22.717,89.82,0,0,2019-01-30 17:00:00
2019-01-30,1,30,18,26.097,89.21,0,0,2019-01-30 18:00:00
2019-01-30,1,30,19,21.187,90.48,0,0,2019-01-30 19:00:00
2019-01-30,1,30,20,20.234,95.79,0,0,2019-01-30 20:00:00
2019-01-30,1,30,21,19.187,96.86,0,0,2019-01-30 21:00:00
2019-01-30,1,30,22,16.903,97.91,0,0,2019-01-30 22:00:00
2019-01-30,1,30,23,16.237,99.23,0,0,2019-01-30 23:00:00
2019-01-31,1,31,0,16.523,100.0,0,0,2019-01-31 00:00:00
2019-01-31,1,31,1,16.618,100.0,0,0,2019-01-31 01:00:00
2019-01-31,1,31,2,16.808,100.0,0,0,2019-01-31 02:00:00
2019-01-31,1,31,3,16.713,100.0,0,0,2019-01-31 03:00:00
2019-01-31,1,31,4,16.332,100.0,0,0,2019-01-31 04:00:00
2019-01-31,1,31,5,16.237,100.0,0,0,2019-01-31 05:00:00
2019-01-31,1,31,6,16.046,100.0,0,0,2019-01-31 06:00:00
2019-01-31,1,31,7,15.76,100.0,0,0,2019-01-31 07:00:00
2019-01-31,1,31,8,15.76,100.0,0,0,2019-01-31 08:00:00
2019-01-31,1,31,9,16.237,100.0,0,0,2019-01-31 09:00:00
2019-01-31,1,31,10,17.379,100.0,0,0,2019-01-31 10:00:00
2019-01-31,1,31,11,18.521,100.0,0,0,2019-01-31 11:00:00
2019-01-31,1,31,12,19.377,100.0,0,0,2019-01-31 12:00:00
2019-01-31,1,31,13,21.282,100.0,0,0,2019-01-31 13:00:00
2019-01-31,1,31,14,21.569,100.0,0,0,2019-01-31 14:00:00
2019-01-31,1,31,15,22.333,99.82,0,0,2019-01-31 15:00:00
2019-01-31,1,31,16,22.238,92.09,0,0,2019-01-31 16:00:00
2019-01-31,1,31,17,20.71,96.99,0,0,2019-01-31 17:00:00
2019-01-31,1,31,18,20.615,99.66,0,0,2019-01-31 18:00:00
2019-01-31,1,31,19,20.424,99.64,0,0,2019-01-31 19:00:00
2019-01-31,1,31,20,18.616,100.0,0,0,2019-01-31 20:00:00
2019-01-31,1,31,21,18.236,100.0,0,0,2019-01-31 21:00:00
2019-01-31,1,31,22,18.236,100.0,0,0,2019-01-31 22:00:00
2019-01-31,1,31,23,18.236,100.0,0,0,2019-01-31 23:00:00
2019-02-01,2,32,0,18.331,100.0,0,0,2019-02-01 00:00:00
2019-02-01,2,32,1,18.14,100.0,0,0,2019-02-01 01:00:00
2019-02-01,2,32,2,18.045,100.0,0,0,2019-02-01 02:00:00
2019-02-01,2,32,3,18.14,100.0,0,0,2019-02-01 03:00:00
2019-02-01,2,32,4,18.045,100.0,0,0,2019-02-01 04:00:00
2019-02-01,2,32,5,17.855,100.0,0,0,2019-02-01 05:00:00
2019-02-01,2,32,6,17.95,100.0,0,0,2019-02-01 06:00:00
2019-02-01,2,32,7,18.045,100.0,0,0,2019-02-01 07:00:00
2019-02-01,2,32,8,17.855,100.0,0,0,2019-02-01 08:00:00
2019-02-01,2,32,9,18.426,100.0,0,0,2019-02-01 09:00:00
2019-02-01,2,32,10,19.377,100.0,0,0,2019-02-01 10:00:00
2019-02-01,2,32,11,20.043,100.0,0,0,2019-02-01 11:00:00
2019-02-01,2,32,12,20.615,100.0,0,0,2019-02-01 12:00:00
2019-02-01,2,32,13,20.234,100.0,0,0,2019-02-01 13:00:00
2019-02-01,2,32,14,19.472,100.0,0,0,2019-02-01 14:00:00
2019-02-01,2,32,15,19.282,100.0,0,0,2019-02-01 15:00:00
2019-02-01,2,32,16,18.331,100.0,0,0,2019-02-01 16:00:00
2019-02-01,2,32,17,18.14,100.0,0,0,2019-02-01 17:00:00
2019-02-01,2,32,18,18.236,100.0,0,0,2019-02-01 18:00:00
2019-02-01,2,32,19,18.14,100.0,0,0,2019-02-01 19:00:00
2019-02-01,2,32,20,18.14,100.0,0,0,2019-02-01 20:00:00
2019-02-01,2,32,21,17.855,100.0,0,0,2019-02-01 21:00:00
2019-02-01,2,32,22,17.665,100.0,0,0,2019-02-01 22:00:00
2019-02-01,2,32,23,17.475,100.0,0,0,2019-02-01 23:00:00
2019-02-02,2,33,0,17.76,100.0,0,0,2019-02-02 00:00:00
2019-02-02,2,33,1,17.76,100.0,0,0,2019-02-02 01:00:00
2019-02-02,2,33,2,17.76,100.0,0,0,2019-02-02 02:00:00
2019-02-02,2,33,3,17.76,100.0,0,0,2019-02-02 03:00:00
2019-02-02,2,33,4,17.475,100.0,0,0,2019-02-02 04:00:00
2019-02-02,2,33,5,17.475,100.0,0,0,2019-02-02 05:00:00
2019-02-02,2,33,6,17.284,100.0,0,0,2019-02-02 06:00:00
2019-02-02,2,33,7,17.189,100.0,0,0,2019-02-02 07:00:00
2019-02-02,2,33,8,17.189,100.0,0,0,2019-02-02 08:00:00
2019-02-02,2,33,9,17.665,100.0,0,0,2019-02-02 09:00:00
2019-02-02,2,33,10,17.855,100.0,0,0,2019-02-02 10:00:00
2019-02-02,2,33,11,18.14,100.0,0,0,2019-02-02 11:00:00
2019-02-02,2,33,12,18.331,100.0,0,0,2019-02-02 12:00:00
2019-02-02,2,33,13,17.57,100.0,0,0,2019-02-02 13:00:00
2019-02-02,2,33,14,18.045,100.0,0,0,2019-02-02 14:00:00
2019-02-02,2,33,15,18.616,100.0,0,0,2019-02-02 15:00:00
2019-02-02,2,33,16,18.521,100.0,0,0,2019-02-02 16:00:00
2019-02-02,2,33,17,19.282,100.0,0,0,2019-02-02 17:00:00
2019-02-02,2,33,18,19.282,100.0,0,0,2019-02-02 18:00:00
2019-02-02,2,33,19,18.236,100.0,0,0,2019-02-02 19:00:00
2019-02-02,2,33,20,17.094,100.0,0,0,2019-02-02 20:00:00
2019-02-02,2,33,21,17.094,100.0,0,0,2019-02-02 21:00:00
2019-02-02,2,33,22,17.094,100.0,0,0,2019-02-02 22:00:00
2019-02-02,2,33,23,16.999,100.0,0,0,2019-02-02 23:00:00
2019-02-03,2,34,0,16.999,100.0,0,0,2019-02-03 00:00:00
2019-02-03,2,34,1,16.999,100.0,0,0,2019-02-03 01:00:00
2019-02-03,2,34,2,16.808,100.0,0,0,2019-02-03 02:00:00
2019-02-03,2,34,3,16.523,100.0,0,0,2019-02-03 03:00:00
2019-02-03,2,34,4,16.237,100.0,0,0,2019-02-03 04:00:00
2019-02-03,2,34,5,15.76,100.0,0,0,2019-02-03 05:00:00
2019-02-03,2,34,6,15.76,100.0,0,0,2019-02-03 06:00:00
2019-02-03,2,34,7,15.855,100.0,0,0,2019-02-03 07:00:00
2019-02-03,2,34,8,16.141,100.0,0,0,2019-02-03 08:00:00
2019-02-03,2,34,9,16.523,100.0,0,0,2019-02-03 09:00:00
2019-02-03,2,34,10,16.332,100.0,0,0,2019-02-03 10:00:00
2019-02-03,2,34,11,16.999,100.0,0,0,2019-02-03 11:00:00
2019-02-03,2,34,12,17.094,100.0,0,0,2019-02-03 12:00:00
2019-02-03,2,34,13,17.475,100.0,0,0,2019-02-03 13:00:00
2019-02-03,2,34,14,17.475,100.0,0,0,2019-02-03 14:00:00
2019-02-03,2,34,15,17.284,100.0,0,0,2019-02-03 15:00:00
2019-02-03,2,34,16,17.475,100.0,0,0,2019-02-03 16:00:00
2019-02-03,2,34,17,17.475,100.0,0,0,2019-02-03 17:00:00
2019-02-03,2,34,18,17.284,100.0,0,0,2019-02-03 18:00:00
2019-02-03,2,34,19,16.618,100.0,0,0,2019-02-03 19:00:00
2019-02-03,2,34,20,16.141,100.0,0,0,2019-02-03 20:00:00
2019-02-03,2,34,21,15.855,100.0,0,0,2019-02-03 21:00:00
2019-02-03,2,34,22,15.951,100.0,0,0,2019-02-03 22:00:00
2019-02-03,2,34,23,15.855,100.0,0,0,2019-02-03 23:00:00
2019-02-04,2,35,0,15.664,100.0,0,0,2019-02-04 00:00:00
2019-02-04,2,35,1,15.378,100.0,0,0,2019-02-04 01:00:00
2019-02-04,2,35,2,15.091,100.0,0,0,2019-02-04 02:00:00
2019-02-04,2,35,3,14.517,100.0,0,0,2019-02-04 03:00:00
2019-02-04,2,35,4,14.613,100.0,0,0,2019-02-04 04:00:00
2019-02-04,2,35,5,14.325,100.0,0,0,2019-02-04 05:00:00
2019-02-04,2,35,6,14.23,100.0,0,0,2019-02-04 06:00:00
2019-02-04,2,35,7,14.421,100.0,0,0,2019-02-04 07:00:00
2019-02-04,2,35,8,14.517,100.0,0,0,2019-02-04 08:00:00
2019-02-04,2,35,9,14.613,100.0,0,0,2019-02-04 09:00:00
2019-02-04,2,35,10,15.282,100.0,0,0,2019-02-04 10:00:00
2019-02-04,2,35,11,15.569,100.0,0,0,2019-02-04 11:00:00
2019-02-04,2,35,12,16.046,100.0,0,0,2019-02-04 12:00:00
2019-02-04,2,35,13,15.951,100.0,0,0,2019-02-04 13:00:00
2019-02-04,2,35,14,16.427,100.0,0,0,2019-02-04 14:00:00
2019-02-04,2,35,15,16.427,100.0,0,0,2019-02-04 15:00:00
2019-02-04,2,35,16,17.379,100.0,0,0,2019-02-04 16:00:00
2019-02-04,2,35,17,17.189,100.0,0,0,2019-02-04 17:00:00
2019-02-04,2,35,18,17.189,100.0,0,0,2019-02-04 18:00:00
2019-02-04,2,35,19,16.523,100.0,0,0,2019-02-04 19:00:00
2019-02-04,2,35,20,16.046,100.0,0,0,2019-02-04 20:00:00
2019-02-04,2,35,21,15.951,100.0,0,0,2019-02-04 21:00:00
2019-02-04,2,35,22,15.855,100.0,0,0,2019-02-04 22:00:00
2019-02-04,2,35,23,15.855,100.0,0,0,2019-02-04 23:00:00
2019-02-05,2,36,0,15.76,100.0,0,0,2019-02-05 00:00:00
2019-02-05,2,36,1,15.569,100.0,0,0,2019-02-05 01:00:00
2019-02-05,2,36,2,15.378,100.0,0,0,2019-02-05 02:00:00
2019-02-05,2,36,3,15.187,100.0,0,0,2019-02-05 03:00:00
2019-02-05,2,36,4,15.091,100.0,0,0,2019-02-05 04:00:00
2019-02-05,2,36,5,14.996,100.0,0,0,2019-02-05 05:00:00
2019-02-05,2,36,6,14.996,100.0,0,0,2019-02-05 06:00:00
2019-02-05,2,36,7,14.9,100.0,0,0,2019-02-05 07:00:00
2019-02-05,2,36,8,14.996,100.0,0,0,2019-02-05 08:00:00
2019-02-05,2,36,9,15.187,100.0,0,0,2019-02-05 09:00:00
2019-02-05,2,36,10,15.664,100.0,0,0,2019-02-05 10:00:00
2019-02-05,2,36,11,16.141,100.0,0,0,2019-02-05 11:00:00
2019-02-05,2,36,12,16.523,100.0,0,0,2019-02-05 12:00:00
2019-02-05,2,36,13,16.999,100.0,0,0,2019-02-05 13:00:00
2019-02-05,2,36,14,16.903,100.0,0,0,2019-02-05 14:00:00
2019-02-05,2,36,15,17.094,100.0,0,0,2019-02-05 15:00:00
2019-02-05,2,36,16,17.379,100.0,0,0,2019-02-05 16:00:00
2019-02-05,2,36,17,17.475,100.0,0,0,2019-02-05 17:00:00
2019-02-05,2,36,18,17.76,100.0,0,0,2019-02-05 18:00:00
2019-02-05,2,36,19,17.57,100.0,0,0,2019-02-05 19:00:00
2019-02-05,2,36,20,17.379,100.0,0,0,2019-02-05 20:00:00
2019-02-05,2,36,21,16.999,100.0,0,0,2019-02-05 21:00:00
2019-02-05,2,36,22,16.713,100.0,0,0,2019-02-05 22:00:00
2019-02-05,2,36,23,16.618,100.0,0,0,2019-02-05 23:00:00
2019-02-06,2,37,0,16.523,100.0,0,0,2019-02-06 00:00:00
2019-02-06,2,37,1,15.664,100.0,0,0,2019-02-06 01:00:00
2019-02-06,2,37,2,15.473,100.0,0,0,2019-02-06 02:00:00
2019-02-06,2,37,3,15.187,100.0,0,0,2019-02-06 03:00:00
2019-02-06,2,37,4,15.187,100.0,0,0,2019-02-06 04:00:00
2019-02-06,2,37,5,14.613,100.0,0,0,2019-02-06 05:00:00
2019-02-06,2,37,6,14.23,100.0,0,0,2019-02-06 06:00:00
2019-02-06,2,37,7,13.846,100.0,0,0,2019-02-06 07:00:00
2019-02-06,2,37,8,13.942,100.0,0,0,2019-02-06 08:00:00
2019-02-06,2,37,9,14.325,100.0,0,0,2019-02-06 09:00:00
2019-02-06,2,37,10,15.282,100.0,0,0,2019-02-06 10:00:00
2019-02-06,2,37,11,16.903,100.0,0,0,2019-02-06 11:00:00
2019-02-06,2,37,12,18.901,100.0,0,0,2019-02-06 12:00:00
2019-02-06,2,37,13,20.329,100.0,0,0,2019-02-06 13:00:00
2019-02-06,2,37,14,20.901,100.0,0,0,2019-02-06 14:00:00
2019-02-06,2,37,15,21.569,95.89,0,0,2019-02-06 15:00:00
2019-02-06,2,37,16,22.142,87.28,0,0,2019-02-06 16:00:00
2019-02-06,2,37,17,22.525,86.72,0,0,2019-02-06 17:00:00
2019-02-06,2,37,18,29.452,75.24,0,0,2019-02-06 18:00:00
2019-02-06,2,37,19,21.473,89.78,0,0,2019-02-06 19:00:00
2019-02-06,2,37,20,20.234,93.75,0,0,2019-02-06 20:00:00
2019-02-06,2,37,21,19.662,96.9,0,0,2019-02-06 21:00:00
2019-02-06,2,37,22,19.377,98.14,0,0,2019-02-06 22:00:00
2019-02-06,2,37,23,19.187,99.52,0,0,2019-02-06 23:00:00
2019-02-07,2,38,0,18.996,99.5,0,0,2019-02-07 00:00:00
2019-02-07,2,38,1,18.711,100.0,0,0,2019-02-07 01:00:00
2019-02-07,2,38,2,18.426,100.0,0,0,2019-02-07 02:00:00
2019-02-07,2,38,3,17.76,100.0,0,0,2019-02-07 03:00:00
2019-02-07,2,38,4,17.57,100.0,0,0,2019-02-07 04:00:00
2019-02-07,2,38,5,16.999,100.0,0,0,2019-02-07 05:00:00
2019-02-07,2,38,6,16.046,100.0,0,0,2019-02-07 06:00:00
2019-02-07,2,38,7,15.76,100.0,0,0,2019-02-07 07:00:00
2019-02-07,2,38,8,15.569,100.0,0,0,2019-02-07 08:00:00
2019-02-07,2,38,9,15.76,100.0,0,0,2019-02-07 09:00:00
2019-02-07,2,38,10,16.523,100.0,0,0,2019-02-07 10:00:00
2019-02-07,2,38,11,18.14,100.0,0,0,2019-02-07 11:00:00
2019-02-07,2,38,12,20.424,100.0,0,0,2019-02-07 12:00:00
2019-02-07,2,38,13,22.717,92.98,0,0,2019-02-07 13:00:00
2019-02-07,2,38,14,23.292,84.22,0,0,2019-02-07 14:00:00
2019-02-07,2,38,15,23.773,79.97,0,0,2019-02-07 15:00:00
2019-02-07,2,38,16,23.773,72.14,0,0,2019-02-07 16:00:00
2019-02-07,2,38,17,24.641,67.93,0,0,2019-02-07 17:00:00
2019-02-07,2,38,18,33.639,54.03,0,0,2019-02-07 18:00:00
2019-02-07,2,38,19,24.545,72.96,0,0,2019-02-07 19:00:00
2019-02-07,2,38,20,22.142,85.67,0,0,2019-02-07 20:00:00
2019-02-07,2,38,21,21.091,92.89,0,0,2019-02-07 21:00:00
2019-02-07,2,38,22,20.805,94.77,0,0,2019-02-07 22:00:00
2019-02-07,2,38,23,20.615,96.98,0,0,2019-02-07 23:00:00
2019-02-08,2,39,0,20.234,98.22,0,0,2019-02-08 00:00:00
2019-02-08,2,39,1,19.948,98.19,0,0,2019-02-08 01:00:00
2019-02-08,2,39,2,19.377,99.54,0,0,2019-02-08 02:00:00
2019-02-08,2,39,3,19.187,99.52,0,0,2019-02-08 03:00:00
2019-02-08,2,39,4,19.187,99.52,0,0,2019-02-08 04:00:00
2019-02-08,2,39,5,18.711,99.47,0,0,2019-02-08 05:00:00
2019-02-08,2,39,6,18.616,100.0,0,0,2019-02-08 06:00:00
2019-02-08,2,39,7,18.711,100.0,0,0,2019-02-08 07:00:00
2019-02-08,2,39,8,18.616,100.0,0,0,2019-02-08 08:00:00
2019-02-08,2,39,9,18.996,100.0,0,0,2019-02-08 09:00:00
2019-02-08,2,39,10,19.567,100.0,0,0,2019-02-08 10:00:00
2019-02-08,2,39,11,20.71,100.0,0,0,2019-02-08 11:00:00
2019-02-08,2,39,12,22.142,99.8,0,0,2019-02-08 12:00:00
2019-02-08,2,39,13,23.484,88.5,0,0,2019-02-08 13:00:00
2019-02-08,2,39,14,24.641,79.92,0,0,2019-02-08 14:00:00
2019-02-08,2,39,15,25.125,75.67,0,0,2019-02-08 15:00:00
2019-02-08,2,39,16,24.545,76.98,0,0,2019-02-08 16:00:00
2019-02-08,2,39,17,24.448,78.97,0,0,2019-02-08 17:00:00
2019-02-08,2,39,18,24.062,78.7,0,0,2019-02-08 18:00:00
2019-02-08,2,39,19,22.525,87.28,0,0,2019-02-08 19:00:00
2019-02-08,2,39,20,21.664,91.26,0,0,2019-02-08 20:00:00
2019-02-08,2,39,21,21.187,93.81,0,0,2019-02-08 21:00:00
2019-02-08,2,39,22,20.71,94.76,0,0,2019-02-08 22:00:00
2019-02-08,2,39,23,20.615,96.98,0,0,2019-02-08 23:00:00
2019-02-09,2,40,0,20.329,96.96,0,0,2019-02-09 00:00:00
2019-02-09,2,40,1,20.138,98.21,0,0,2019-02-09 01:00:00
2019-02-09,2,40,2,19.758,98.17,0,0,2019-02-09 02:00:00
2019-02-09,2,40,3,19.377,98.14,0,0,2019-02-09 03:00:00
2019-02-09,2,40,4,18.996,98.1,0,0,2019-02-09 04:00:00
2019-02-09,2,40,5,18.711,99.47,0,0,2019-02-09 05:00:00
2019-02-09,2,40,6,18.426,99.44,0,0,2019-02-09 06:00:00
2019-02-09,2,40,7,18.331,99.43,0,0,2019-02-09 07:00:00
2019-02-09,2,40,8,17.95,98.01,0,0,2019-02-09 08:00:00
2019-02-09,2,40,9,18.045,98.02,0,0,2019-02-09 09:00:00
2019-02-09,2,40,10,18.806,98.09,0,0,2019-02-09 10:00:00
2019-02-09,2,40,11,20.996,93.8,0,0,2019-02-09 11:00:00
2019-02-09,2,40,12,22.621,85.67,0,0,2019-02-09 12:00:00
2019-02-09,2,40,13,23.388,86.18,0,0,2019-02-09 13:00:00
2019-02-09,2,40,14,25.61,71.71,0,0,2019-02-09 14:00:00
2019-02-09,2,40,15,26.292,63.81,0,0,2019-02-09 15:00:00
2019-02-09,2,40,16,27.075,67.66,0,0,2019-02-09 16:00:00
2019-02-09,2,40,17,26.097,69.22,0,0,2019-02-09 17:00:00
2019-02-09,2,40,18,24.158,79.95,0,0,2019-02-09 18:00:00
2019-02-09,2,40,19,23.677,85.66,0,0,2019-02-09 19:00:00
2019-02-09,2,40,20,22.717,89.82,0,0,2019-02-09 20:00:00
2019-02-09,2,40,21,21.951,92.07,0,0,2019-02-09 21:00:00
2019-02-09,2,40,22,21.76,93.84,0,0,2019-02-09 22:00:00
2019-02-09,2,40,23,21.282,94.8,0,0,2019-02-09 23:00:00
2019-02-10,2,41,0,17.95,95.61,0,0,2019-02-10 00:00:00
2019-02-10,2,41,1,17.95,99.4,0,0,2019-02-10 01:00:00
2019-02-10,2,41,2,17.665,100.0,0,0,2019-02-10 02:00:00
2019-02-10,2,41,3,17.379,100.0,0,0,2019-02-10 03:00:00
2019-02-10,2,41,4,16.999,100.0,0,0,2019-02-10 04:00:00
2019-02-10,2,41,5,16.713,100.0,0,0,2019-02-10 05:00:00
2019-02-10,2,41,6,16.618,100.0,0,0,2019-02-10 06:00:00
2019-02-10,2,41,7,16.618,100.0,0,0,2019-02-10 07:00:00
2019-02-10,2,41,8,16.808,100.0,0,0,2019-02-10 08:00:00
2019-02-10,2,41,9,17.379,100.0,0,0,2019-02-10 09:00:00
2019-02-10,2,41,10,18.616,100.0,0,0,2019-02-10 10:00:00
2019-02-10,2,41,11,19.567,100.0,0,0,2019-02-10 11:00:00
2019-02-10,2,41,12,20.043,100.0,0,0,2019-02-10 12:00:00
2019-02-10,2,41,13,20.901,100.0,0,0,2019-02-10 13:00:00
2019-02-10,2,41,14,21.282,100.0,0,0,2019-02-10 14:00:00
2019-02-10,2,41,15,21.091,100.0,0,0,2019-02-10 15:00:00
2019-02-10,2,41,16,20.996,100.0,0,0,2019-02-10 16:00:00
2019-02-10,2,41,17,21.091,100.0,0,0,2019-02-10 17:00:00
2019-02-10,2,41,18,21.76,100.0,0,0,2019-02-10 18:00:00
2019-02-10,2,41,19,21.951,100.0,0,0,2019-02-10 19:00:00
2019-02-10,2,41,20,20.901,100.0,0,0,2019-02-10 20:00:00
2019-02-10,2,41,21,20.234,100.0,0,0,2019-02-10 21:00:00
2019-02-10,2,41,22,19.853,100.0,0,0,2019-02-10 22:00:00
2019-02-10,2,41,23,19.853,100.0,0,0,2019-02-10 23:00:00
2019-02-11,2,42,0,19.567,100.0,0,0,2019-02-11 00:00:00
2019-02-11,2,42,1,19.472,100.0,0,0,2019-02-11 01:00:00
2019-02-11,2,42,2,19.092,100.0,0,0,2019-02-11 02:00:00
2019-02-11,2,42,3,18.996,100.0,0,0,2019-02-11 03:00:00
2019-02-11,2,42,4,18.711,100.0,0,0,2019-02-11 04:00:00
2019-02-11,2,42,5,18.426,100.0,0,0,2019-02-11 05:00:00
2019-02-11,2,42,6,18.426,100.0,0,0,2019-02-11 06:00:00
2019-02-11,2,42,7,17.95,100.0,0,0,2019-02-11 07:00:00
2019-02-11,2,42,8,17.95,100.0,0,0,2019-02-11 08:00:00
2019-02-11,2,42,9,18.331,100.0,0,0,2019-02-11 09:00:00
2019-02-11,2,42,10,19.282,100.0,0,0,2019-02-11 10:00:00
2019-02-11,2,42,11,21.187,100.0,0,0,2019-02-11 11:00:00
2019-02-11,2,42,12,22.046,100.0,0,0,2019-02-11 12:00:00
2019-02-11,2,42,13,23.581,100.0,0,0,2019-02-11 13:00:00
2019-02-11,2,42,14,24.062,97.27,0,0,2019-02-11 14:00:00
2019-02-11,2,42,15,24.931,90.61,0,0,2019-02-11 15:00:00
2019-02-11,2,42,16,25.319,86.17,0,0,2019-02-11 16:00:00
2019-02-11,2,42,17,25.028,87.3,0,0,2019-02-11 17:00:00
2019-02-11,2,42,18,29.452,80.32,0,0,2019-02-11 18:00:00
2019-02-11,2,42,19,24.835,85.14,0,0,2019-02-11 19:00:00
2019-02-11,2,42,20,23.004,92.12,0,0,2019-02-11 20:00:00
2019-02-11,2,42,21,21.951,95.92,0,0,2019-02-11 21:00:00
2019-02-11,2,42,22,21.473,98.33,0,0,2019-02-11 22:00:00
2019-02-11,2,42,23,21.473,99.74,0,0,2019-02-11 23:00:00
2019-02-12,2,43,0,19.758,98.17,0,0,2019-02-12 00:00:00
2019-02-12,2,43,1,19.092,99.51,0,0,2019-02-12 01:00:00
2019-02-12,2,43,2,18.616,100.0,0,0,2019-02-12 02:00:00
2019-02-12,2,43,3,17.665,100.0,0,0,2019-02-12 03:00:00
2019-02-12,2,43,4,17.284,100.0,0,0,2019-02-12 04:00:00
2019-02-12,2,43,5,17.284,100.0,0,0,2019-02-12 05:00:00
2019-02-12,2,43,6,16.999,100.0,0,0,2019-02-12 06:00:00
2019-02-12,2,43,7,16.903,100.0,0,0,2019-02-12 07:00:00
2019-02-12,2,43,8,16.427,100.0,0,0,2019-02-12 08:00:00
2019-02-12,2,43,9,16.237,100.0,0,0,2019-02-12 09:00:00
2019-02-12,2,43,10,16.523,100.0,0,0,2019-02-12 10:00:00
2019-02-12,2,43,11,15.76,100.0,0,0,2019-02-12 11:00:00
2019-02-12,2,43,12,15.855,100.0,0,0,2019-02-12 12:00:00
2019-02-12,2,43,13,15.282,100.0,0,0,2019-02-12 13:00:00
2019-02-12,2,43,14,14.9,100.0,0,0,2019-02-12 14:00:00
2019-02-12,2,43,15,14.613,100.0,0,0,2019-02-12 15:00:00
2019-02-12,2,43,16,14.613,100.0,0,0,2019-02-12 16:00:00
2019-02-12,2,43,17,15.187,100.0,0,0,2019-02-12 17:00:00
2019-02-12,2,43,18,14.709,100.0,0,0,2019-02-12 18:00:00
2019-02-12,2,43,19,14.804,100.0,0,0,2019-02-12 19:00:00
2019-02-12,2,43,20,14.996,100.0,0,0,2019-02-12 20:00:00
2019-02-12,2,43,21,14.804,100.0,0,0,2019-02-12 21:00:00
2019-02-12,2,43,22,14.613,100.0,0,0,2019-02-12 22:00:00
2019-02-12,2,43,23,14.517,100.0,0,0,2019-02-12 23:00:00
2019-02-13,2,44,0,14.23,100.0,0,0,2019-02-13 00:00:00
2019-02-13,2,44,1,14.325,100.0,0,0,2019-02-13 01:00:00
2019-02-13,2,44,2,14.325,100.0,0,0,2019-02-13 02:00:00
2019-02-13,2,44,3,14.23,100.0,0,0,2019-02-13 03:00:00
2019-02-13,2,44,4,14.23,100.0,0,0,2019-02-13 04:00:00
2019-02-13,2,44,5,13.846,100.0,0,0,2019-02-13 05:00:00
2019-02-13,2,44,6,13.269,100.0,0,0,2019-02-13 06:00:00
2019-02-13,2,44,7,12.787,100.0,0,0,2019-02-13 07:00:00
2019-02-13,2,44,8,12.497,100.0,0,0,2019-02-13 08:00:00
2019-02-13,2,44,9,12.594,100.0,0,0,2019-02-13 09:00:00
2019-02-13,2,44,10,12.883,100.0,0,0,2019-02-13 10:00:00
2019-02-13,2,44,11,13.75,100.0,0,0,2019-02-13 11:00:00
2019-02-13,2,44,12,14.709,100.0,0,0,2019-02-13 12:00:00
2019-02-13,2,44,13,15.664,100.0,0,0,2019-02-13 13:00:00
2019-02-13,2,44,14,15.951,100.0,0,0,2019-02-13 14:00:00
2019-02-13,2,44,15,16.237,100.0,0,0,2019-02-13 15:00:00
2019-02-13,2,44,16,16.237,100.0,0,0,2019-02-13 16:00:00
2019-02-13,2,44,17,16.046,100.0,0,0,2019-02-13 17:00:00
2019-02-13,2,44,18,15.855,100.0,0,0,2019-02-13 18:00:00
2019-02-13,2,44,19,15.569,100.0,0,0,2019-02-13 19:00:00
2019-02-13,2,44,20,15.091,100.0,0,0,2019-02-13 20:00:00
2019-02-13,2,44,21,14.9,100.0,0,0,2019-02-13 21:00:00
2019-02-13,2,44,22,14.804,100.0,0,0,2019-02-13 22:00:00
2019-02-13,2,44,23,14.996,100.0,0,0,2019-02-13 23:00:00
2019-02-14,2,45,0,15.091,100.0,0,0,2019-02-14 00:00:00
2019-02-14,2,45,1,15.091,100.0,0,0,2019-02-14 01:00:00
2019-02-14,2,45,2,14.996,100.0,0,0,2019-02-14 02:00:00
2019-02-14,2,45,3,14.996,100.0,0,0,2019-02-14 03:00:00
2019-02-14,2,45,4,14.996,100.0,0,0,2019-02-14 04:00:00
2019-02-14,2,45,5,14.709,100.0,0,0,2019-02-14 05:00:00
2019-02-14,2,45,6,14.613,100.0,0,0,2019-02-14 06:00:00
2019-02-14,2,45,7,14.517,100.0,0,0,2019-02-14 07:00:00
2019-02-14,2,45,8,14.613,100.0,0,0,2019-02-14 08:00:00
2019-02-14,2,45,9,14.613,100.0,0,0,2019-02-14 09:00:00
2019-02-14,2,45,10,15.187,100.0,0,0,2019-02-14 10:00:00
2019-02-14,2,45,11,15.569,100.0,0,0,2019-02-14 11:00:00
2019-02-14,2,45,12,16.427,100.0,0,0,2019-02-14 12:00:00
2019-02-14,2,45,13,17.094,100.0,0,0,2019-02-14 13:00:00
2019-02-14,2,45,14,17.475,100.0,0,0,2019-02-14 14:00:00
2019-02-14,2,45,15,17.284,100.0,0,0,2019-02-14 15:00:00
2019-02-14,2,45,16,16.999,100.0,0,0,2019-02-14 16:00:00
2019-02-14,2,45,17,17.189,100.0,0,0,2019-02-14 17:00:00
2019-02-14,2,45,18,17.379,100.0,0,0,2019-02-14 18:00:00
2019-02-14,2,45,19,17.57,100.0,0,0,2019-02-14 19:00:00
2019-02-14,2,45,20,16.523,100.0,0,0,2019-02-14 20:00:00
2019-02-14,2,45,21,16.427,100.0,0,0,2019-02-14 21:00:00
2019-02-14,2,45,22,16.618,100.0,0,0,2019-02-14 22:00:00
2019-02-14,2,45,23,16.332,100.0,0,0,2019-02-14 23:00:00
2019-02-15,2,46,0,16.237,100.0,0,0,2019-02-15 00:00:00
2019-02-15,2,46,1,16.046,100.0,0,0,2019-02-15 01:00:00
2019-02-15,2,46,2,15.855,100.0,0,0,2019-02-15 02:00:00
2019-02-15,2,46,3,15.664,100.0,0,0,2019-02-15 03:00:00
2019-02-15,2,46,4,15.569,100.0,0,0,2019-02-15 04:00:00
2019-02-15,2,46,5,15.378,100.0,0,0,2019-02-15 05:00:00
2019-02-15,2,46,6,15.187,100.0,0,0,2019-02-15 06:00:00
2019-02-15,2,46,7,14.996,100.0,0,0,2019-02-15 07:00:00
2019-02-15,2,46,8,14.9,100.0,0,0,2019-02-15 08:00:00
2019-02-15,2,46,9,15.76,100.0,0,0,2019-02-15 09:00:00
2019-02-15,2,46,10,16.523,100.0,0,0,2019-02-15 10:00:00
2019-02-15,2,46,11,17.379,100.0,0,0,2019-02-15 11:00:00
2019-02-15,2,46,12,18.331,100.0,0,0,2019-02-15 12:00:00
2019-02-15,2,46,13,19.282,100.0,0,0,2019-02-15 13:00:00
2019-02-15,2,46,14,20.329,100.0,0,0,2019-02-15 14:00:00
2019-02-15,2,46,15,21.187,94.79,0,0,2019-02-15 15:00:00
2019-02-15,2,46,16,21.664,86.19,0,0,2019-02-15 16:00:00
2019-02-15,2,46,17,20.615,86.72,0,0,2019-02-15 17:00:00
2019-02-15,2,46,18,20.043,90.44,0,0,2019-02-15 18:00:00
2019-02-15,2,46,19,19.377,94.67,0,0,2019-02-15 19:00:00
2019-02-15,2,46,20,18.426,96.79,0,0,2019-02-15 20:00:00
2019-02-15,2,46,21,17.95,98.01,0,0,2019-02-15 21:00:00
2019-02-15,2,46,22,17.475,99.35,0,0,2019-02-15 22:00:00
2019-02-15,2,46,23,17.475,99.35,0,0,2019-02-15 23:00:00
2019-02-16,2,47,0,17.475,100.0,0,0,2019-02-16 00:00:00
2019-02-16,2,47,1,17.379,100.0,0,0,2019-02-16 01:00:00
2019-02-16,2,47,2,17.189,100.0,0,0,2019-02-16 02:00:00
2019-02-16,2,47,3,16.999,100.0,0,0,2019-02-16 03:00:00
2019-02-16,2,47,4,16.808,100.0,0,0,2019-02-16 04:00:00
2019-02-16,2,47,5,16.523,100.0,0,0,2019-02-16 05:00:00
2019-02-16,2,47,6,16.618,100.0,0,0,2019-02-16 06:00:00
2019-02-16,2,47,7,16.618,100.0,0,0,2019-02-16 07:00:00
2019-02-16,2,47,8,16.713,100.0,0,0,2019-02-16 08:00:00
2019-02-16,2,47,9,17.094,100.0,0,0,2019-02-16 09:00:00
2019-02-16,2,47,10,17.189,100.0,0,0,2019-02-16 10:00:00
2019-02-16,2,47,11,18.045,100.0,0,0,2019-02-16 11:00:00
2019-02-16,2,47,12,18.616,98.07,0,0,2019-02-16 12:00:00
2019-02-16,2,47,13,18.996,94.64,0,0,2019-02-16 13:00:00
2019-02-16,2,47,14,20.901,88.46,0,0,2019-02-16 14:00:00
2019-02-16,2,47,15,20.329,84.29,0,0,2019-02-16 15:00:00
2019-02-16,2,47,16,20.138,86.72,0,0,2019-02-16 16:00:00
2019-02-16,2,47,17,20.043,90.44,0,0,2019-02-16 17:00:00
2019-02-16,2,47,18,19.948,89.74,0,0,2019-02-16 18:00:00
2019-02-16,2,47,19,18.996,92.77,0,0,2019-02-16 19:00:00
2019-02-16,2,47,20,18.331,94.6,0,0,2019-02-16 20:00:00
2019-02-16,2,47,21,17.95,95.61,0,0,2019-02-16 21:00:00
2019-02-16,2,47,22,17.855,98.0,0,0,2019-02-16 22:00:00
2019-02-16,2,47,23,17.475,97.96,0,0,2019-02-16 23:00:00
2019-02-17,2,48,0,16.713,99.28,0,0,2019-02-17 00:00:00
2019-02-17,2,48,1,16.427,99.25,0,0,2019-02-17 01:00:00
2019-02-17,2,48,2,16.237,99.23,0,0,2019-02-17 02:00:00
2019-02-17,2,48,3,16.618,100.0,0,0,2019-02-17 03:00:00
2019-02-17,2,48,4,16.618,100.0,0,0,2019-02-17 04:00:00
2019-02-17,2,48,5,16.427,100.0,0,0,2019-02-17 05:00:00
2019-02-17,2,48,6,16.427,100.0,0,0,2019-02-17 06:00:00
2019-02-17,2,48,7,16.332,100.0,0,0,2019-02-17 07:00:00
2019-02-17,2,48,8,16.141,100.0,0,0,2019-02-17 08:00:00
2019-02-17,2,48,9,16.523,100.0,0,0,2019-02-17 09:00:00
2019-02-17,2,48,10,16.999,100.0,0,0,2019-02-17 10:00:00
2019-02-17,2,48,11,17.76,100.0,0,0,2019-02-17 11:00:00
2019-02-17,2,48,12,18.806,100.0,0,0,2019-02-17 12:00:00
2019-02-17,2,48,13,20.234,95.79,0,0,2019-02-17 13:00:00
2019-02-17,2,48,14,21.473,86.19,0,0,2019-02-17 14:00:00
2019-02-17,2,48,15,22.525,80.38,0,0,2019-02-17 15:00:00
2019-02-17,2,48,16,22.525,76.91,0,0,2019-02-17 16:00:00
2019-02-17,2,48,17,22.525,78.81,0,0,2019-02-17 17:00:00
2019-02-17,2,48,18,21.282,82.6,0,0,2019-02-17 18:00:00
2019-02-17,2,48,19,21.091,83.0,0,0,2019-02-17 19:00:00
2019-02-17,2,48,20,19.377,89.06,0,0,2019-02-17 20:00:00
2019-02-17,2,48,21,18.806,93.66,0,0,2019-02-17 21:00:00
2019-02-17,2,48,22,18.521,94.61,0,0,2019-02-17 22:00:00
2019-02-17,2,48,23,18.14,95.63,0,0,2019-02-17 23:00:00
2019-02-18,2,49,0,17.855,96.75,0,0,2019-02-18 00:00:00
2019-02-18,2,49,1,17.57,97.97,0,0,2019-02-18 01:00:00
2019-02-18,2,49,2,17.189,97.94,0,0,2019-02-18 02:00:00
2019-02-18,2,49,3,16.999,97.92,0,0,2019-02-18 03:00:00
2019-02-18,2,49,4,16.903,99.29,0,0,2019-02-18 04:00:00
2019-02-18,2,49,5,16.713,99.28,0,0,2019-02-18 05:00:00
2019-02-18,2,49,6,16.618,99.27,0,0,2019-02-18 06:00:00
2019-02-18,2,49,7,16.618,100.0,0,0,2019-02-18 07:00:00
2019-02-18,2,49,8,16.903,100.0,0,0,2019-02-18 08:00:00
2019-02-18,2,49,9,17.57,100.0,0,0,2019-02-18 09:00:00
2019-02-18,2,49,10,18.331,100.0,0,0,2019-02-18 10:00:00
2019-02-18,2,49,11,18.901,99.49,0,0,2019-02-18 11:00:00
2019-02-18,2,49,12,19.662,98.17,0,0,2019-02-18 12:00:00
2019-02-18,2,49,13,20.901,90.47,0,0,2019-02-18 13:00:00
2019-02-18,2,49,14,21.091,90.48,0,0,2019-02-18 14:00:00
2019-02-18,2,49,15,21.473,87.86,0,0,2019-02-18 15:00:00
2019-02-18,2,49,16,21.855,87.86,0,0,2019-02-18 16:00:00
2019-02-18,2,49,17,21.473,89.11,0,0,2019-02-18 17:00:00
2019-02-18,2,49,18,20.901,92.02,0,0,2019-02-18 18:00:00
2019-02-18,2,49,19,21.187,92.89,0,0,2019-02-18 19:00:00
2019-02-18,2,49,20,20.329,94.74,0,0,2019-02-18 20:00:00
2019-02-18,2,49,21,19.472,95.73,0,0,2019-02-18 21:00:00
2019-02-18,2,49,22,18.806,98.09,0,0,2019-02-18 22:00:00
2019-02-18,2,49,23,18.616,98.07,0,0,2019-02-18 23:00:00
2019-02-19,2,50,0,18.426,99.44,0,0,2019-02-19 00:00:00
2019-02-19,2,50,1,18.236,99.43,0,0,2019-02-19 01:00:00
2019-02-19,2,50,2,17.855,99.39,0,0,2019-02-19 02:00:00
2019-02-19,2,50,3,17.665,100.0,0,0,2019-02-19 03:00:00
2019-02-19,2,50,4,17.475,100.0,0,0,2019-02-19 04:00:00
2019-02-19,2,50,5,17.094,100.0,0,0,2019-02-19 05:00:00
2019-02-19,2,50,6,17.094,100.0,0,0,2019-02-19 06:00:00
2019-02-19,2,50,7,16.808,100.0,0,0,2019-02-19 07:00:00
2019-02-19,2,50,8,16.713,100.0,0,0,2019-02-19 08:00:00
2019-02-19,2,50,9,16.618,100.0,0,0,2019-02-19 09:00:00
2019-02-19,2,50,10,17.57,100.0,0,0,2019-02-19 10:00:00
2019-02-19,2,50,11,19.377,99.54,0,0,2019-02-19 11:00:00
2019-02-19,2,50,12,21.664,98.35,0,0,2019-02-19 12:00:00
2019-02-19,2,50,13,22.908,91.31,0,0,2019-02-19 13:00:00
2019-02-19,2,50,14,24.448,84.19,0,0,2019-02-19 14:00:00
2019-02-19,2,50,15,25.222,79.55,0,0,2019-02-19 15:00:00
2019-02-19,2,50,16,25.708,75.14,0,0,2019-02-19 16:00:00
2019-02-19,2,50,17,24.545,73.15,0,0,2019-02-19 17:00:00
2019-02-19,2,50,18,23.292,82.92,0,0,2019-02-19 18:00:00
2019-02-19,2,50,19,24.158,81.71,0,0,2019-02-19 19:00:00
2019-02-19,2,50,20,21.951,89.12,0,0,2019-02-19 20:00:00
2019-02-19,2,50,21,20.901,92.88,0,0,2019-02-19 21:00:00
2019-02-19,2,50,22,20.519,95.81,0,0,2019-02-19 22:00:00
2019-02-19,2,50,23,20.043,96.93,0,0,2019-02-19 23:00:00
2019-02-20,2,51,0,19.567,98.16,0,0,2019-02-20 00:00:00
2019-02-20,2,51,1,19.187,98.12,0,0,2019-02-20 01:00:00
2019-02-20,2,51,2,19.092,99.51,0,0,2019-02-20 02:00:00
2019-02-20,2,51,3,18.521,99.45,0,0,2019-02-20 03:00:00
2019-02-20,2,51,4,18.331,99.43,0,0,2019-02-20 04:00:00
2019-02-20,2,51,5,17.95,99.4,0,0,2019-02-20 05:00:00
2019-02-20,2,51,6,17.76,99.38,0,0,2019-02-20 06:00:00
2019-02-20,2,51,7,17.665,100.0,0,0,2019-02-20 07:00:00
2019-02-20,2,51,8,17.379,99.34,0,0,2019-02-20 08:00:00
2019-02-20,2,51,9,17.76,100.0,0,0,2019-02-20 09:00:00
2019-02-20,2,51,10,18.901,100.0,0,0,2019-02-20 10:00:00
2019-02-20,2,51,11,19.853,100.0,0,0,2019-02-20 11:00:00
2019-02-20,2,51,12,21.282,99.72,0,0,2019-02-20 12:00:00
2019-02-20,2,51,13,23.196,88.49,0,0,2019-02-20 13:00:00
2019-02-20,2,51,14,24.255,76.75,0,0,2019-02-20 14:00:00
2019-02-20,2,51,15,25.513,70.54,0,0,2019-02-20 15:00:00
2019-02-20,2,51,16,26.292,71.62,0,0,2019-02-20 16:00:00
2019-02-20,2,51,17,26.0,72.58,0,0,2019-02-20 17:00:00
2019-02-20,2,51,18,27.37,65.28,0,0,2019-02-20 18:00:00
2019-02-20,2,51,19,23.292,81.38,0,0,2019-02-20 19:00:00
2019-02-20,2,51,20,22.046,87.86,0,0,2019-02-20 20:00:00
2019-02-20,2,51,21,21.473,92.05,0,0,2019-02-20 21:00:00
2019-02-20,2,51,22,20.71,93.78,0,0,2019-02-20 22:00:00
2019-02-20,2,51,23,20.329,95.8,0,0,2019-02-20 23:00:00
2019-02-21,2,52,0,19.948,96.92,0,0,2019-02-21 00:00:00
2019-02-21,2,52,1,19.758,98.17,0,0,2019-02-21 01:00:00
2019-02-21,2,52,2,19.377,98.14,0,0,2019-02-21 02:00:00
2019-02-21,2,52,3,19.282,99.53,0,0,2019-02-21 03:00:00
2019-02-21,2,52,4,19.282,99.53,0,0,2019-02-21 04:00:00
2019-02-21,2,52,5,19.187,99.52,0,0,2019-02-21 05:00:00
2019-02-21,2,52,6,18.806,99.48,0,0,2019-02-21 06:00:00
2019-02-21,2,52,7,18.616,99.46,0,0,2019-02-21 07:00:00
2019-02-21,2,52,8,18.616,99.46,0,0,2019-02-21 08:00:00
2019-02-21,2,52,9,18.711,99.47,0,0,2019-02-21 09:00:00
2019-02-21,2,52,10,19.567,100.0,0,0,2019-02-21 10:00:00
2019-02-21,2,52,11,21.091,99.7,0,0,2019-02-21 11:00:00
2019-02-21,2,52,12,22.333,94.87,0,0,2019-02-21 12:00:00
2019-02-21,2,52,13,23.196,93.0,0,0,2019-02-21 13:00:00
2019-02-21,2,52,14,25.222,78.92,0,0,2019-02-21 14:00:00
2019-02-21,2,52,15,26.39,66.75,0,0,2019-02-21 15:00:00
2019-02-21,2,52,16,27.075,59.32,0,0,2019-02-21 16:00:00
2019-02-21,2,52,17,26.879,70.18,0,0,2019-02-21 17:00:00
2019-02-21,2,52,18,27.665,66.4,0,0,2019-02-21 18:00:00
2019-02-21,2,52,19,23.966,85.65,0,0,2019-02-21 19:00:00
2019-02-21,2,52,20,22.908,92.12,0,0,2019-02-21 20:00:00
2019-02-21,2,52,21,22.238,94.87,0,0,2019-02-21 21:00:00
2019-02-21,2,52,22,21.378,95.88,0,0,2019-02-21 22:00:00
2019-02-21,2,52,23,20.901,97.0,0,0,2019-02-21 23:00:00
2019-02-22,2,53,0,20.424,98.23,0,0,2019-02-22 00:00:00
2019-02-22,2,53,1,20.329,98.23,0,0,2019-02-22 01:00:00
2019-02-22,2,53,2,20.234,99.62,0,0,2019-02-22 02:00:00
2019-02-22,2,53,3,19.377,98.14,0,0,2019-02-22 03:00:00
2019-02-22,2,53,4,19.377,99.54,0,0,2019-02-22 04:00:00
2019-02-22,2,53,5,19.092,99.51,0,0,2019-02-22 05:00:00
2019-02-22,2,53,6,18.901,99.49,0,0,2019-02-22 06:00:00
2019-02-22,2,53,7,18.711,99.47,0,0,2019-02-22 07:00:00
2019-02-22,2,53,8,18.426,99.44,0,0,2019-02-22 08:00:00
2019-02-22,2,53,9,18.711,99.47,0,0,2019-02-22 09:00:00
2019-02-22,2,53,10,19.472,99.55,0,0,2019-02-22 10:00:00
2019-02-22,2,53,11,21.473,97.05,0,0,2019-02-22 11:00:00
2019-02-22,2,53,12,23.677,89.16,0,0,2019-02-22 12:00:00
2019-02-22,2,53,13,26.585,62.54,0,0,2019-02-22 13:00:00
2019-02-22,2,53,14,28.159,53.83,0,0,2019-02-22 14:00:00
2019-02-22,2,53,15,27.567,60.25,0,0,2019-02-22 15:00:00
2019-02-22,2,53,16,28.357,57.08,0,0,2019-02-22 16:00:00
2019-02-22,2,53,17,27.961,57.69,0,0,2019-02-22 17:00:00
2019-02-22,2,53,18,29.652,56.16,0,0,2019-02-22 18:00:00
2019-02-22,2,53,19,27.272,68.45,0,0,2019-02-22 19:00:00
2019-02-22,2,53,20,24.351,77.81,0,0,2019-02-22 20:00:00
2019-02-22,2,53,21,23.004,84.23,0,0,2019-02-22 21:00:00
2019-02-22,2,53,22,22.333,89.13,0,0,2019-02-22 22:00:00
2019-02-22,2,53,23,21.664,90.5,0,0,2019-02-22 23:00:00
2019-02-23,2,54,0,21.282,92.04,0,0,2019-02-23 00:00:00
2019-02-23,2,54,1,20.805,92.87,0,0,2019-02-23 01:00:00
2019-02-23,2,54,2,20.519,93.77,0,0,2019-02-23 02:00:00
2019-02-23,2,54,3,20.234,93.75,0,0,2019-02-23 03:00:00
2019-02-23,2,54,4,19.948,93.73,0,0,2019-02-23 04:00:00
2019-02-23,2,54,5,19.662,93.71,0,0,2019-02-23 05:00:00
2019-02-23,2,54,6,19.377,93.7,0,0,2019-02-23 06:00:00
2019-02-23,2,54,7,19.092,93.68,0,0,2019-02-23 07:00:00
2019-02-23,2,54,8,18.901,93.67,0,0,2019-02-23 08:00:00
2019-02-23,2,54,9,18.711,91.92,0,0,2019-02-23 09:00:00
2019-02-23,2,54,10,19.662,89.07,0,0,2019-02-23 10:00:00
2019-02-23,2,54,11,22.046,83.81,0,0,2019-02-23 11:00:00
2019-02-23,2,54,12,24.448,70.86,0,0,2019-02-23 12:00:00
2019-02-23,2,54,13,25.902,62.15,0,0,2019-02-23 13:00:00
2019-02-23,2,54,14,26.683,57.29,0,0,2019-02-23 14:00:00
2019-02-23,2,54,15,29.152,50.13,0,0,2019-02-23 15:00:00
2019-02-23,2,54,16,29.252,49.5,0,0,2019-02-23 16:00:00
2019-02-23,2,54,17,27.961,56.03,0,0,2019-02-23 17:00:00
2019-02-23,2,54,18,28.754,56.08,0,0,2019-02-23 18:00:00
2019-02-23,2,54,19,26.585,65.54,0,0,2019-02-23 19:00:00
2019-02-23,2,54,20,24.062,77.03,0,0,2019-02-23 20:00:00
2019-02-23,2,54,21,22.717,82.54,0,0,2019-02-23 21:00:00
2019-02-23,2,54,22,22.142,86.19,0,0,2019-02-23 22:00:00
2019-02-23,2,54,23,21.569,89.11,0,0,2019-02-23 23:00:00
2019-02-24,2,55,0,21.091,90.48,0,0,2019-02-24 00:00:00
2019-02-24,2,55,1,20.424,91.21,0,0,2019-02-24 01:00:00
2019-02-24,2,55,2,20.138,91.99,0,0,2019-02-24 02:00:00
2019-02-24,2,55,3,19.662,92.81,0,0,2019-02-24 03:00:00
2019-02-24,2,55,4,19.472,93.7,0,0,2019-02-24 04:00:00
2019-02-24,2,55,5,19.282,93.69,0,0,2019-02-24 05:00:00
2019-02-24,2,55,6,19.187,93.68,0,0,2019-02-24 06:00:00
2019-02-24,2,55,7,18.901,93.67,0,0,2019-02-24 07:00:00
2019-02-24,2,55,8,18.806,94.63,0,0,2019-02-24 08:00:00
2019-02-24,2,55,9,19.187,94.66,0,0,2019-02-24 09:00:00
2019-02-24,2,55,10,20.138,91.99,0,0,2019-02-24 10:00:00
2019-02-24,2,55,11,22.238,89.12,0,0,2019-02-24 11:00:00
2019-02-24,2,55,12,23.966,79.96,0,0,2019-02-24 12:00:00
2019-02-24,2,55,13,25.319,68.63,0,0,2019-02-24 13:00:00
2019-02-24,2,55,14,26.39,68.74,0,0,2019-02-24 14:00:00
2019-02-24,2,55,15,26.977,68.64,0,0,2019-02-24 15:00:00
2019-02-24,2,55,16,27.075,63.56,0,0,2019-02-24 16:00:00
2019-02-24,2,55,17,24.931,71.81,0,0,2019-02-24 17:00:00
2019-02-24,2,55,18,23.869,81.72,0,0,2019-02-24 18:00:00
2019-02-24,2,55,19,23.1,86.18,0,0,2019-02-24 19:00:00
2019-02-24,2,55,20,22.333,88.48,0,0,2019-02-24 20:00:00
2019-02-24,2,55,21,21.76,90.5,0,0,2019-02-24 21:00:00
2019-02-24,2,55,22,21.282,92.04,0,0,2019-02-24 22:00:00
2019-02-24,2,55,23,20.805,92.87,0,0,2019-02-24 23:00:00
2019-02-25,2,56,0,20.424,93.76,0,0,2019-02-25 00:00:00
2019-02-25,2,56,1,20.234,95.79,0,0,2019-02-25 01:00:00
2019-02-25,2,56,2,19.948,95.77,0,0,2019-02-25 02:00:00
2019-02-25,2,56,3,19.662,95.75,0,0,2019-02-25 03:00:00
2019-02-25,2,56,4,19.187,94.66,0,0,2019-02-25 04:00:00
2019-02-25,2,56,5,18.996,94.64,0,0,2019-02-25 05:00:00
2019-02-25,2,56,6,18.996,94.64,0,0,2019-02-25 06:00:00
2019-02-25,2,56,7,18.996,95.69,0,0,2019-02-25 07:00:00
2019-02-25,2,56,8,18.806,95.68,0,0,2019-02-25 08:00:00
2019-02-25,2,56,9,19.377,96.88,0,0,2019-02-25 09:00:00
2019-02-25,2,56,10,20.043,98.2,0,0,2019-02-25 10:00:00
2019-02-25,2,56,11,20.519,96.97,0,0,2019-02-25 11:00:00
2019-02-25,2,56,12,20.901,94.77,0,0,2019-02-25 12:00:00
2019-02-25,2,56,13,21.378,91.24,0,0,2019-02-25 13:00:00
2019-02-25,2,56,14,20.519,92.86,0,0,2019-02-25 14:00:00
2019-02-25,2,56,15,20.519,94.75,0,0,2019-02-25 15:00:00
2019-02-25,2,56,16,20.234,96.95,0,0,2019-02-25 16:00:00
2019-02-25,2,56,17,19.187,98.12,0,0,2019-02-25 17:00:00
2019-02-25,2,56,18,18.236,98.03,0,0,2019-02-25 18:00:00
2019-02-25,2,56,19,17.475,99.35,0,0,2019-02-25 19:00:00
2019-02-25,2,56,20,17.094,99.31,0,0,2019-02-25 20:00:00
2019-02-25,2,56,21,16.141,99.22,0,0,2019-02-25 21:00:00
2019-02-25,2,56,22,15.76,100.0,0,0,2019-02-25 22:00:00
2019-02-25,2,56,23,15.951,100.0,0,0,2019-02-25 23:00:00
2019-02-26,2,57,0,15.569,100.0,0,0,2019-02-26 00:00:00
2019-02-26,2,57,1,15.378,100.0,0,0,2019-02-26 01:00:00
2019-02-26,2,57,2,15.378,100.0,0,0,2019-02-26 02:00:00
2019-02-26,2,57,3,15.473,100.0,0,0,2019-02-26 03:00:00
2019-02-26,2,57,4,15.664,100.0,0,0,2019-02-26 04:00:00
2019-02-26,2,57,5,15.569,100.0,0,0,2019-02-26 05:00:00
2019-02-26,2,57,6,15.378,100.0,0,0,2019-02-26 06:00:00
2019-02-26,2,57,7,14.804,100.0,0,0,2019-02-26 07:00:00
2019-02-26,2,57,8,14.134,100.0,0,0,2019-02-26 08:00:00
2019-02-26,2,57,9,14.134,100.0,0,0,2019-02-26 09:00:00
2019-02-26,2,57,10,14.421,100.0,0,0,2019-02-26 10:00:00
2019-02-26,2,57,11,15.187,100.0,0,0,2019-02-26 11:00:00
2019-02-26,2,57,12,15.473,100.0,0,0,2019-02-26 12:00:00
2019-02-26,2,57,13,15.569,100.0,0,0,2019-02-26 13:00:00
2019-02-26,2,57,14,15.569,100.0,0,0,2019-02-26 14:00:00
2019-02-26,2,57,15,15.187,100.0,0,0,2019-02-26 15:00:00
2019-02-26,2,57,16,14.9,100.0,0,0,2019-02-26 16:00:00
2019-02-26,2,57,17,14.613,100.0,0,0,2019-02-26 17:00:00
2019-02-26,2,57,18,14.517,100.0,0,0,2019-02-26 18:00:00
2019-02-26,2,57,19,14.038,100.0,0,0,2019-02-26 19:00:00
2019-02-26,2,57,20,14.038,100.0,0,0,2019-02-26 20:00:00
2019-02-26,2,57,21,14.038,100.0,0,0,2019-02-26 21:00:00
2019-02-26,2,57,22,14.134,100.0,0,0,2019-02-26 22:00:00
2019-02-26,2,57,23,14.134,100.0,0,0,2019-02-26 23:00:00
2019-02-27,2,58,0,13.846,100.0,0,0,2019-02-27 00:00:00
2019-02-27,2,58,1,13.654,100.0,0,0,2019-02-27 01:00:00
2019-02-27,2,58,2,13.75,100.0,0,0,2019-02-27 02:00:00
2019-02-27,2,58,3,13.75,100.0,0,0,2019-02-27 03:00:00
2019-02-27,2,58,4,13.654,100.0,0,0,2019-02-27 04:00:00
2019-02-27,2,58,5,13.654,100.0,0,0,2019-02-27 05:00:00
2019-02-27,2,58,6,13.558,100.0,0,0,2019-02-27 06:00:00
2019-02-27,2,58,7,13.654,100.0,0,0,2019-02-27 07:00:00
2019-02-27,2,58,8,13.75,100.0,0,0,2019-02-27 08:00:00
2019-02-27,2,58,9,14.038,100.0,0,0,2019-02-27 09:00:00
2019-02-27,2,58,10,14.421,100.0,0,0,2019-02-27 10:00:00
2019-02-27,2,58,11,15.282,100.0,0,0,2019-02-27 11:00:00
2019-02-27,2,58,12,14.996,100.0,0,0,2019-02-27 12:00:00
2019-02-27,2,58,13,15.473,92.58,0,0,2019-02-27 13:00:00
2019-02-27,2,58,14,15.569,96.55,0,0,2019-02-27 14:00:00
2019-02-27,2,58,15,15.951,97.82,0,0,2019-02-27 15:00:00
2019-02-27,2,58,16,15.187,97.75,0,0,2019-02-27 16:00:00
2019-02-27,2,58,17,15.282,97.76,0,0,2019-02-27 17:00:00
2019-02-27,2,58,18,15.091,99.11,0,0,2019-02-27 18:00:00
2019-02-27,2,58,19,14.996,99.1,0,0,2019-02-27 19:00:00
2019-02-27,2,58,20,14.804,99.09,0,0,2019-02-27 20:00:00
2019-02-27,2,58,21,14.613,100.0,0,0,2019-02-27 21:00:00
2019-02-27,2,58,22,14.709,100.0,0,0,2019-02-27 22:00:00
2019-02-27,2,58,23,14.613,100.0,0,0,2019-02-27 23:00:00
2019-02-28,2,59,0,14.709,100.0,0,0,2019-02-28 00:00:00
2019-02-28,2,59,1,14.709,100.0,0,0,2019-02-28 01:00:00
2019-02-28,2,59,2,14.517,100.0,0,0,2019-02-28 02:00:00
2019-02-28,2,59,3,14.613,100.0,0,0,2019-02-28 03:00:00
2019-02-28,2,59,4,14.325,100.0,0,0,2019-02-28 04:00:00
2019-02-28,2,59,5,14.134,100.0,0,0,2019-02-28 05:00:00
2019-02-28,2,59,6,13.942,100.0,0,0,2019-02-28 06:00:00
2019-02-28,2,59,7,13.558,100.0,0,0,2019-02-28 07:00:00
2019-02-28,2,59,8,13.558,100.0,0,0,2019-02-28 08:00:00
2019-02-28,2,59,9,13.942,100.0,0,0,2019-02-28 09:00:00
2019-02-28,2,59,10,14.613,100.0,0,0,2019-02-28 10:00:00
2019-02-28,2,59,11,15.378,100.0,0,0,2019-02-28 11:00:00
2019-02-28,2,59,12,16.713,100.0,0,0,2019-02-28 12:00:00
2019-02-28,2,59,13,18.426,100.0,0,0,2019-02-28 13:00:00
2019-02-28,2,59,14,18.901,100.0,0,0,2019-02-28 14:00:00
2019-02-28,2,59,15,20.043,96.93,0,0,2019-02-28 15:00:00
2019-02-28,2,59,16,20.996,89.1,0,0,2019-02-28 16:00:00
2019-02-28,2,59,17,19.853,86.72,0,0,2019-02-28 17:00:00
2019-02-28,2,59,18,19.948,87.84,0,0,2019-02-28 18:00:00
2019-02-28,2,59,19,18.901,90.41,0,0,2019-02-28 19:00:00
2019-02-28,2,59,20,17.475,93.58,0,0,2019-02-28 20:00:00
2019-02-28,2,59,21,16.903,95.53,0,0,2019-02-28 21:00:00
2019-02-28,2,59,22,16.713,97.89,0,0,2019-02-28 22:00:00
2019-02-28,2,59,23,16.427,97.87,0,0,2019-02-28 23:00:00
2019-03-01,3,60,0,16.141,97.84,0,0,2019-03-01 00:00:00
2019-03-01,3,60,1,15.951,99.2,0,0,2019-03-01 01:00:00
2019-03-01,3,60,2,15.76,99.18,0,0,2019-03-01 02:00:00
2019-03-01,3,60,3,15.951,99.2,0,0,2019-03-01 03:00:00
2019-03-01,3,60,4,16.237,99.23,0,0,2019-03-01 04:00:00
2019-03-01,3,60,5,16.141,100.0,0,0,2019-03-01 05:00:00
2019-03-01,3,60,6,15.664,100.0,0,0,2019-03-01 06:00:00
2019-03-01,3,60,7,15.282,100.0,0,0,2019-03-01 07:00:00
2019-03-01,3,60,8,15.282,100.0,0,0,2019-03-01 08:00:00
2019-03-01,3,60,9,15.378,100.0,0,0,2019-03-01 09:00:00
2019-03-01,3,60,10,16.046,100.0,0,0,2019-03-01 10:00:00
2019-03-01,3,60,11,17.284,100.0,0,0,2019-03-01 11:00:00
2019-03-01,3,60,12,18.806,99.48,0,0,2019-03-01 12:00:00
2019-03-01,3,60,13,20.043,94.72,0,0,2019-03-01 13:00:00
2019-03-01,3,60,14,20.71,87.85,0,0,2019-03-01 14:00:00
2019-03-01,3,60,15,20.71,86.72,0,0,2019-03-01 15:00:00
2019-03-01,3,60,16,20.234,90.45,0,0,2019-03-01 16:00:00
2019-03-01,3,60,17,19.758,91.18,0,0,2019-03-01 17:00:00
2019-03-01,3,60,18,20.234,91.2,0,0,2019-03-01 18:00:00
2019-03-01,3,60,19,19.662,92.81,0,0,2019-03-01 19:00:00
2019-03-01,3,60,20,18.711,94.62,0,0,2019-03-01 20:00:00
2019-03-01,3,60,21,18.521,95.66,0,0,2019-03-01 21:00:00
2019-03-01,3,60,22,18.521,96.8,0,0,2019-03-01 22:00:00
2019-03-01,3,60,23,18.521,96.8,0,0,2019-03-01 23:00:00
2019-03-02,3,61,0,18.331,96.79,0,0,2019-03-02 00:00:00
2019-03-02,3,61,1,18.14,98.03,0,0,2019-03-02 01:00:00
2019-03-02,3,61,2,17.855,98.0,0,0,2019-03-02 02:00:00
2019-03-02,3,61,3,17.475,97.96,0,0,2019-03-02 03:00:00
2019-03-02,3,61,4,17.665,97.98,0,0,2019-03-02 04:00:00
2019-03-02,3,61,5,17.76,99.38,0,0,2019-03-02 05:00:00
2019-03-02,3,61,6,17.76,99.38,0,0,2019-03-02 06:00:00
2019-03-02,3,61,7,17.855,99.39,0,0,2019-03-02 07:00:00
2019-03-02,3,61,8,17.57,99.36,0,0,2019-03-02 08:00:00
2019-03-02,3,61,9,17.665,99.37,0,0,2019-03-02 09:00:00
2019-03-02,3,61,10,18.331,99.43,0,0,2019-03-02 10:00:00
2019-03-02,3,61,11,20.234,98.22,0,0,2019-03-02 11:00:00
2019-03-02,3,61,12,21.282,92.9,0,0,2019-03-02 12:00:00
2019-03-02,3,61,13,22.525,83.36,0,0,2019-03-02 13:00:00
2019-03-02,3,61,14,23.292,79.36,0,0,2019-03-02 14:00:00
2019-03-02,3,61,15,24.835,78.64,0,0,2019-03-02 15:00:00
2019-03-02,3,61,16,26.683,72.69,0,0,2019-03-02 16:00:00
2019-03-02,3,61,17,23.1,81.76,0,0,2019-03-02 17:00:00
2019-03-02,3,61,18,22.621,85.67,0,0,2019-03-02 18:00:00
2019-03-02,3,61,19,22.142,87.86,0,0,2019-03-02 19:00:00
2019-03-02,3,61,20,20.71,92.87,0,0,2019-03-02 20:00:00
2019-03-02,3,61,21,16.713,90.33,0,0,2019-03-02 21:00:00
2019-03-02,3,61,22,16.046,95.47,0,0,2019-03-02 22:00:00
2019-03-02,3,61,23,15.855,97.81,0,0,2019-03-02 23:00:00
2019-03-03,3,62,0,15.664,99.17,0,0,2019-03-03 00:00:00
2019-03-03,3,62,1,15.473,99.15,0,0,2019-03-03 01:00:00
2019-03-03,3,62,2,15.473,100.0,0,0,2019-03-03 02:00:00
2019-03-03,3,62,3,15.473,100.0,0,0,2019-03-03 03:00:00
2019-03-03,3,62,4,15.378,100.0,0,0,2019-03-03 04:00:00
2019-03-03,3,62,5,15.378,100.0,0,0,2019-03-03 05:00:00
2019-03-03,3,62,6,15.187,100.0,0,0,2019-03-03 06:00:00
2019-03-03,3,62,7,14.804,100.0,0,0,2019-03-03 07:00:00
2019-03-03,3,62,8,14.996,100.0,0,0,2019-03-03 08:00:00
2019-03-03,3,62,9,15.282,100.0,0,0,2019-03-03 09:00:00
2019-03-03,3,62,10,16.237,100.0,0,0,2019-03-03 10:00:00
2019-03-03,3,62,11,18.236,100.0,0,0,2019-03-03 11:00:00
2019-03-03,3,62,12,19.853,100.0,0,0,2019-03-03 12:00:00
2019-03-03,3,62,13,21.473,100.0,0,0,2019-03-03 13:00:00
2019-03-03,3,62,14,23.484,84.68,0,0,2019-03-03 14:00:00
2019-03-03,3,62,15,23.581,79.66,0,0,2019-03-03 15:00:00
2019-03-03,3,62,16,23.966,84.67,0,0,2019-03-03 16:00:00
2019-03-03,3,62,17,22.429,87.28,0,0,2019-03-03 17:00:00
2019-03-03,3,62,18,21.76,92.92,0,0,2019-03-03 18:00:00
2019-03-03,3,62,19,21.091,95.86,0,0,2019-03-03 19:00:00
2019-03-03,3,62,20,20.71,96.99,0,0,2019-03-03 20:00:00
2019-03-03,3,62,21,20.234,98.22,0,0,2019-03-03 21:00:00
2019-03-03,3,62,22,19.758,99.57,0,0,2019-03-03 22:00:00
2019-03-03,3,62,23,19.472,99.55,0,0,2019-03-03 23:00:00
2019-03-04,3,63,0,18.996,99.5,0,0,2019-03-04 00:00:00
2019-03-04,3,63,1,18.616,99.46,0,0,2019-03-04 01:00:00
2019-03-04,3,63,2,18.331,99.43,0,0,2019-03-04 02:00:00
2019-03-04,3,63,3,18.045,100.0,0,0,2019-03-04 03:00:00
2019-03-04,3,63,4,17.76,100.0,0,0,2019-03-04 04:00:00
2019-03-04,3,63,5,17.475,100.0,0,0,2019-03-04 05:00:00
2019-03-04,3,63,6,17.475,100.0,0,0,2019-03-04 06:00:00
2019-03-04,3,63,7,17.475,100.0,0,0,2019-03-04 07:00:00
2019-03-04,3,63,8,17.094,100.0,0,0,2019-03-04 08:00:00
2019-03-04,3,63,9,17.57,100.0,0,0,2019-03-04 09:00:00
2019-03-04,3,63,10,18.616,100.0,0,0,2019-03-04 10:00:00
2019-03-04,3,63,11,20.138,100.0,0,0,2019-03-04 11:00:00
2019-03-04,3,63,12,21.473,100.0,0,0,2019-03-04 12:00:00
2019-03-04,3,63,13,22.908,98.46,0,0,2019-03-04 13:00:00
2019-03-04,3,63,14,23.773,89.16,0,0,2019-03-04 14:00:00
2019-03-04,3,63,15,25.416,83.71,0,0,2019-03-04 15:00:00
2019-03-04,3,63,16,24.545,80.26,0,0,2019-03-04 16:00:00
2019-03-04,3,63,17,23.196,86.72,0,0,2019-03-04 17:00:00
2019-03-04,3,63,18,24.351,86.72,0,0,2019-03-04 18:00:00
2019-03-04,3,63,19,23.196,87.88,0,0,2019-03-04 19:00:00
2019-03-04,3,63,20,22.333,92.09,0,0,2019-03-04 20:00:00
2019-03-04,3,63,21,21.855,93.85,0,0,2019-03-04 21:00:00
2019-03-04,3,63,22,21.664,95.9,0,0,2019-03-04 22:00:00
2019-03-04,3,63,23,21.378,97.04,0,0,2019-03-04 23:00:00
2019-03-05,3,64,0,20.901,98.28,0,0,2019-03-05 00:00:00
2019-03-05,3,64,1,20.805,98.27,0,0,2019-03-05 01:00:00
2019-03-05,3,64,2,20.615,98.25,0,0,2019-03-05 02:00:00
2019-03-05,3,64,3,20.329,99.63,0,0,2019-03-05 03:00:00
2019-03-05,3,64,4,20.138,99.61,0,0,2019-03-05 04:00:00
2019-03-05,3,64,5,20.138,99.61,0,0,2019-03-05 05:00:00
2019-03-05,3,64,6,19.948,99.59,0,0,2019-03-05 06:00:00
2019-03-05,3,64,7,19.853,99.58,0,0,2019-03-05 07:00:00
2019-03-05,3,64,8,19.758,99.57,0,0,2019-03-05 08:00:00
2019-03-05,3,64,9,19.758,99.57,0,0,2019-03-05 09:00:00
2019-03-05,3,64,10,20.424,99.64,0,0,2019-03-05 10:00:00
2019-03-05,3,64,11,20.996,98.29,0,0,2019-03-05 11:00:00
2019-03-05,3,64,12,21.664,97.07,0,0,2019-03-05 12:00:00
2019-03-05,3,64,13,22.046,93.86,0,0,2019-03-05 13:00:00
2019-03-05,3,64,14,20.901,93.79,0,0,2019-03-05 14:00:00
2019-03-05,3,64,15,20.805,95.83,0,0,2019-03-05 15:00:00
2019-03-05,3,64,16,20.138,95.78,0,0,2019-03-05 16:00:00
2019-03-05,3,64,17,20.329,96.96,0,0,2019-03-05 17:00:00
2019-03-05,3,64,18,20.234,96.95,0,0,2019-03-05 18:00:00
2019-03-05,3,64,19,20.138,96.94,0,0,2019-03-05 19:00:00
2019-03-05,3,64,20,19.758,98.17,0,0,2019-03-05 20:00:00
2019-03-05,3,64,21,19.472,98.15,0,0,2019-03-05 21:00:00
2019-03-05,3,64,22,19.282,99.53,0,0,2019-03-05 22:00:00
2019-03-05,3,64,23,19.092,99.51,0,0,2019-03-05 23:00:00
2019-03-06,3,65,0,18.996,99.5,0,0,2019-03-06 00:00:00
2019-03-06,3,65,1,18.616,99.46,0,0,2019-03-06 01:00:00
2019-03-06,3,65,2,18.331,99.43,0,0,2019-03-06 02:00:00
2019-03-06,3,65,3,18.236,100.0,0,0,2019-03-06 03:00:00
2019-03-06,3,65,4,18.14,100.0,0,0,2019-03-06 04:00:00
2019-03-06,3,65,5,18.14,100.0,0,0,2019-03-06 05:00:00
2019-03-06,3,65,6,18.045,100.0,0,0,2019-03-06 06:00:00
2019-03-06,3,65,7,17.76,100.0,0,0,2019-03-06 07:00:00
2019-03-06,3,65,8,18.045,100.0,0,0,2019-03-06 08:00:00
2019-03-06,3,65,9,18.14,100.0,0,0,2019-03-06 09:00:00
2019-03-06,3,65,10,18.426,100.0,0,0,2019-03-06 10:00:00
2019-03-06,3,65,11,19.758,100.0,0,0,2019-03-06 11:00:00
2019-03-06,3,65,12,20.901,100.0,0,0,2019-03-06 12:00:00
2019-03-06,3,65,13,21.282,100.0,0,0,2019-03-06 13:00:00
2019-03-06,3,65,14,21.187,99.71,0,0,2019-03-06 14:00:00
2019-03-06,3,65,15,21.187,97.03,0,0,2019-03-06 15:00:00
2019-03-06,3,65,16,20.901,98.28,0,0,2019-03-06 16:00:00
2019-03-06,3,65,17,20.805,98.27,0,0,2019-03-06 17:00:00
2019-03-06,3,65,18,20.329,98.23,0,0,2019-03-06 18:00:00
2019-03-06,3,65,19,20.043,99.6,0,0,2019-03-06 19:00:00
2019-03-06,3,65,20,19.853,99.58,0,0,2019-03-06 20:00:00
2019-03-06,3,65,21,19.853,99.58,0,0,2019-03-06 21:00:00
2019-03-06,3,65,22,19.853,100.0,0,0,2019-03-06 22:00:00
2019-03-06,3,65,23,19.853,100.0,0,0,2019-03-06 23:00:00
2019-03-07,3,66,0,19.758,100.0,0,0,2019-03-07 00:00:00
2019-03-07,3,66,1,19.758,100.0,0,0,2019-03-07 01:00:00
2019-03-07,3,66,2,19.758,100.0,0,0,2019-03-07 02:00:00
2019-03-07,3,66,3,19.758,100.0,0,0,2019-03-07 03:00:00
2019-03-07,3,66,4,19.758,100.0,0,0,2019-03-07 04:00:00
2019-03-07,3,66,5,19.758,100.0,0,0,2019-03-07 05:00:00
2019-03-07,3,66,6,19.662,100.0,0,0,2019-03-07 06:00:00
2019-03-07,3,66,7,19.758,100.0,0,0,2019-03-07 07:00:00
2019-03-07,3,66,8,19.567,100.0,0,0,2019-03-07 08:00:00
2019-03-07,3,66,9,19.472,100.0,0,0,2019-03-07 09:00:00
2019-03-07,3,66,10,20.043,100.0,0,0,2019-03-07 10:00:00
2019-03-07,3,66,11,21.282,100.0,0,0,2019-03-07 11:00:00
2019-03-07,3,66,12,22.429,100.0,0,0,2019-03-07 12:00:00
2019-03-07,3,66,13,22.908,100.0,0,0,2019-03-07 13:00:00
2019-03-07,3,66,14,22.429,100.0,0,0,2019-03-07 14:00:00
2019-03-07,3,66,15,22.717,99.86,0,0,2019-03-07 15:00:00
2019-03-07,3,66,16,21.951,99.79,0,0,2019-03-07 16:00:00
2019-03-07,3,66,17,21.569,99.75,0,0,2019-03-07 17:00:00
2019-03-07,3,66,18,21.282,99.72,0,0,2019-03-07 18:00:00
2019-03-07,3,66,19,21.091,99.7,0,0,2019-03-07 19:00:00
2019-03-07,3,66,20,20.996,100.0,0,0,2019-03-07 20:00:00
2019-03-07,3,66,21,20.805,100.0,0,0,2019-03-07 21:00:00
2019-03-07,3,66,22,20.519,100.0,0,0,2019-03-07 22:00:00
2019-03-07,3,66,23,20.329,100.0,0,0,2019-03-07 23:00:00
2019-03-08,3,67,0,20.329,100.0,0,0,2019-03-08 00:00:00
2019-03-08,3,67,1,20.234,100.0,0,0,2019-03-08 01:00:00
2019-03-08,3,67,2,20.138,100.0,0,0,2019-03-08 02:00:00
2019-03-08,3,67,3,19.948,100.0,0,0,2019-03-08 03:00:00
2019-03-08,3,67,4,19.758,100.0,0,0,2019-03-08 04:00:00
2019-03-08,3,67,5,19.948,100.0,0,0,2019-03-08 05:00:00
2019-03-08,3,67,6,20.043,100.0,0,0,2019-03-08 06:00:00
2019-03-08,3,67,7,19.948,100.0,0,0,2019-03-08 07:00:00
2019-03-08,3,67,8,19.758,100.0,0,0,2019-03-08 08:00:00
2019-03-08,3,67,9,19.948,100.0,0,0,2019-03-08 09:00:00
2019-03-08,3,67,10,20.329,100.0,0,0,2019-03-08 10:00:00
2019-03-08,3,67,11,22.046,100.0,0,0,2019-03-08 11:00:00
2019-03-08,3,67,12,23.004,100.0,0,0,2019-03-08 12:00:00
2019-03-08,3,67,13,23.773,98.54,0,0,2019-03-08 13:00:00
2019-03-08,3,67,14,23.196,94.93,0,0,2019-03-08 14:00:00
2019-03-08,3,67,15,22.238,93.87,0,0,2019-03-08 15:00:00
2019-03-08,3,67,16,21.091,97.02,0,0,2019-03-08 16:00:00
2019-03-08,3,67,17,17.95,96.75,0,0,2019-03-08 17:00:00
2019-03-08,3,67,18,16.427,97.87,0,0,2019-03-08 18:00:00
2019-03-08,3,67,19,16.046,99.21,0,0,2019-03-08 19:00:00
2019-03-08,3,67,20,15.951,99.2,0,0,2019-03-08 20:00:00
2019-03-08,3,67,21,15.76,100.0,0,0,2019-03-08 21:00:00
2019-03-08,3,67,22,15.855,100.0,0,0,2019-03-08 22:00:00
2019-03-08,3,67,23,15.951,100.0,0,0,2019-03-08 23:00:00
2019-03-09,3,68,0,15.473,100.0,0,0,2019-03-09 00:00:00
2019-03-09,3,68,1,15.473,100.0,0,0,2019-03-09 01:00:00
2019-03-09,3,68,2,15.378,100.0,0,0,2019-03-09 02:00:00
2019-03-09,3,68,3,15.473,100.0,0,0,2019-03-09 03:00:00
2019-03-09,3,68,4,15.378,100.0,0,0,2019-03-09 04:00:00
2019-03-09,3,68,5,15.473,100.0,0,0,2019-03-09 05:00:00
2019-03-09,3,68,6,15.473,100.0,0,0,2019-03-09 06:00:00
2019-03-09,3,68,7,15.282,100.0,0,0,2019-03-09 07:00:00
2019-03-09,3,68,8,15.091,100.0,0,0,2019-03-09 08:00:00
2019-03-09,3,68,9,15.187,100.0,0,0,2019-03-09 09:00:00
2019-03-09,3,68,10,15.378,100.0,0,0,2019-03-09 10:00:00
2019-03-09,3,68,11,16.046,100.0,0,0,2019-03-09 11:00:00
2019-03-09,3,68,12,16.046,100.0,0,0,2019-03-09 12:00:00
2019-03-09,3,68,13,16.523,100.0,0,0,2019-03-09 13:00:00
2019-03-09,3,68,14,17.189,100.0,0,0,2019-03-09 14:00:00
2019-03-09,3,68,15,16.808,100.0,0,0,2019-03-09 15:00:00
2019-03-09,3,68,16,16.427,100.0,0,0,2019-03-09 16:00:00
2019-03-09,3,68,17,16.618,100.0,0,0,2019-03-09 17:00:00
2019-03-09,3,68,18,16.141,100.0,0,0,2019-03-09 18:00:00
2019-03-09,3,68,19,16.332,100.0,0,0,2019-03-09 19:00:00
2019-03-09,3,68,20,15.473,100.0,0,0,2019-03-09 20:00:00
2019-03-09,3,68,21,15.378,100.0,0,0,2019-03-09 21:00:00
2019-03-09,3,68,22,14.517,100.0,0,0,2019-03-09 22:00:00
2019-03-09,3,68,23,13.846,100.0,0,0,2019-03-09 23:00:00
2019-03-10,3,69,0,13.269,100.0,0,0,2019-03-10 00:00:00
2019-03-10,3,69,1,12.594,100.0,0,0,2019-03-10 01:00:00
2019-03-10,3,69,2,12.787,100.0,0,0,2019-03-10 02:00:00
2019-03-10,3,69,3,12.594,100.0,0,0,2019-03-10 03:00:00
2019-03-10,3,69,4,12.787,100.0,0,0,2019-03-10 04:00:00
2019-03-10,3,69,5,12.304,100.0,0,0,2019-03-10 05:00:00
2019-03-10,3,69,6,12.11,100.0,0,0,2019-03-10 06:00:00
2019-03-10,3,69,7,11.819,100.0,0,0,2019-03-10 07:00:00
2019-03-10,3,69,8,11.916,100.0,0,0,2019-03-10 08:00:00
2019-03-10,3,69,9,12.401,100.0,0,0,2019-03-10 09:00:00
2019-03-10,3,69,10,12.98,100.0,0,0,2019-03-10 10:00:00
2019-03-10,3,69,11,13.365,100.0,0,0,2019-03-10 11:00:00
2019-03-10,3,69,12,14.325,100.0,0,0,2019-03-10 12:00:00
2019-03-10,3,69,13,14.9,100.0,0,0,2019-03-10 13:00:00
2019-03-10,3,69,14,15.378,100.0,0,0,2019-03-10 14:00:00
2019-03-10,3,69,15,16.237,100.0,0,0,2019-03-10 15:00:00
2019-03-10,3,69,16,15.951,100.0,0,0,2019-03-10 16:00:00
2019-03-10,3,69,17,15.76,100.0,0,0,2019-03-10 17:00:00
2019-03-10,3,69,18,15.664,100.0,0,0,2019-03-10 18:00:00
2019-03-10,3,69,19,15.091,100.0,0,0,2019-03-10 19:00:00
2019-03-10,3,69,20,14.517,100.0,0,0,2019-03-10 20:00:00
2019-03-10,3,69,21,14.134,100.0,0,0,2019-03-10 21:00:00
2019-03-10,3,69,22,13.846,100.0,0,0,2019-03-10 22:00:00
2019-03-10,3,69,23,13.558,100.0,0,0,2019-03-10 23:00:00
2019-03-11,3,70,0,13.365,100.0,0,0,2019-03-11 00:00:00
2019-03-11,3,70,1,13.461,100.0,0,0,2019-03-11 01:00:00
2019-03-11,3,70,2,13.269,100.0,0,0,2019-03-11 02:00:00
2019-03-11,3,70,3,13.173,100.0,0,0,2019-03-11 03:00:00
2019-03-11,3,70,4,13.269,100.0,0,0,2019-03-11 04:00:00
2019-03-11,3,70,5,13.269,100.0,0,0,2019-03-11 05:00:00
2019-03-11,3,70,6,13.269,100.0,0,0,2019-03-11 06:00:00
2019-03-11,3,70,7,13.173,100.0,0,0,2019-03-11 07:00:00
2019-03-11,3,70,8,13.461,100.0,0,0,2019-03-11 08:00:00
2019-03-11,3,70,9,13.942,100.0,0,0,2019-03-11 09:00:00
2019-03-11,3,70,10,14.517,100.0,0,0,2019-03-11 10:00:00
2019-03-11,3,70,11,14.804,100.0,0,0,2019-03-11 11:00:00
2019-03-11,3,70,12,15.855,100.0,0,0,2019-03-11 12:00:00
2019-03-11,3,70,13,16.332,100.0,0,0,2019-03-11 13:00:00
2019-03-11,3,70,14,16.237,100.0,0,0,2019-03-11 14:00:00
2019-03-11,3,70,15,16.141,100.0,0,0,2019-03-11 15:00:00
2019-03-11,3,70,16,15.76,100.0,0,0,2019-03-11 16:00:00
2019-03-11,3,70,17,15.76,100.0,0,0,2019-03-11 17:00:00
2019-03-11,3,70,18,15.855,100.0,0,0,2019-03-11 18:00:00
2019-03-11,3,70,19,15.664,100.0,0,0,2019-03-11 19:00:00
2019-03-11,3,70,20,15.473,100.0,0,0,2019-03-11 20:00:00
2019-03-11,3,70,21,15.378,100.0,0,0,2019-03-11 21:00:00
2019-03-11,3,70,22,15.282,100.0,0,0,2019-03-11 22:00:00
2019-03-11,3,70,23,15.282,100.0,0,0,2019-03-11 23:00:00
2019-03-12,3,71,0,15.282,100.0,0,0,2019-03-12 00:00:00
2019-03-12,3,71,1,15.282,100.0,0,0,2019-03-12 01:00:00
2019-03-12,3,71,2,15.187,100.0,0,0,2019-03-12 02:00:00
2019-03-12,3,71,3,15.091,100.0,0,0,2019-03-12 03:00:00
2019-03-12,3,71,4,15.091,100.0,0,0,2019-03-12 04:00:00
2019-03-12,3,71,5,15.091,100.0,0,0,2019-03-12 05:00:00
2019-03-12,3,71,6,15.091,100.0,0,0,2019-03-12 06:00:00
2019-03-12,3,71,7,15.091,100.0,0,0,2019-03-12 07:00:00
2019-03-12,3,71,8,15.091,100.0,0,0,2019-03-12 08:00:00
2019-03-12,3,71,9,15.282,100.0,0,0,2019-03-12 09:00:00
2019-03-12,3,71,10,15.76,100.0,0,0,2019-03-12 10:00:00
2019-03-12,3,71,11,16.332,100.0,0,0,2019-03-12 11:00:00
2019-03-12,3,71,12,16.999,100.0,0,0,2019-03-12 12:00:00
2019-03-12,3,71,13,17.094,100.0,0,0,2019-03-12 13:00:00
2019-03-12,3,71,14,17.284,100.0,0,0,2019-03-12 14:00:00
2019-03-12,3,71,15,17.189,100.0,0,0,2019-03-12 15:00:00
2019-03-12,3,71,16,17.57,100.0,0,0,2019-03-12 16:00:00
2019-03-12,3,71,17,17.475,100.0,0,0,2019-03-12 17:00:00
2019-03-12,3,71,18,16.903,100.0,0,0,2019-03-12 18:00:00
2019-03-12,3,71,19,16.427,100.0,0,0,2019-03-12 19:00:00
2019-03-12,3,71,20,16.141,100.0,0,0,2019-03-12 20:00:00
2019-03-12,3,71,21,16.046,100.0,0,0,2019-03-12 21:00:00
2019-03-12,3,71,22,16.046,100.0,0,0,2019-03-12 22:00:00
2019-03-12,3,71,23,16.046,100.0,0,0,2019-03-12 23:00:00
2019-03-13,3,72,0,16.046,100.0,0,0,2019-03-13 00:00:00
2019-03-13,3,72,1,16.046,100.0,0,0,2019-03-13 01:00:00
2019-03-13,3,72,2,15.855,100.0,0,0,2019-03-13 02:00:00
2019-03-13,3,72,3,15.855,100.0,0,0,2019-03-13 03:00:00
2019-03-13,3,72,4,15.951,100.0,0,0,2019-03-13 04:00:00
2019-03-13,3,72,5,15.664,100.0,0,0,2019-03-13 05:00:00
2019-03-13,3,72,6,15.664,100.0,0,0,2019-03-13 06:00:00
2019-03-13,3,72,7,15.76,100.0,0,0,2019-03-13 07:00:00
2019-03-13,3,72,8,15.76,100.0,0,0,2019-03-13 08:00:00
2019-03-13,3,72,9,15.855,100.0,0,0,2019-03-13 09:00:00
2019-03-13,3,72,10,16.046,100.0,0,0,2019-03-13 10:00:00
2019-03-13,3,72,11,16.332,100.0,0,0,2019-03-13 11:00:00
2019-03-13,3,72,12,16.808,100.0,0,0,2019-03-13 12:00:00
2019-03-13,3,72,13,17.379,100.0,0,0,2019-03-13 13:00:00
2019-03-13,3,72,14,17.284,100.0,0,0,2019-03-13 14:00:00
2019-03-13,3,72,15,17.57,100.0,0,0,2019-03-13 15:00:00
2019-03-13,3,72,16,17.379,100.0,0,0,2019-03-13 16:00:00
2019-03-13,3,72,17,17.189,100.0,0,0,2019-03-13 17:00:00
2019-03-13,3,72,18,16.808,100.0,0,0,2019-03-13 18:00:00
2019-03-13,3,72,19,16.141,100.0,0,0,2019-03-13 19:00:00
2019-03-13,3,72,20,15.187,100.0,0,0,2019-03-13 20:00:00
2019-03-13,3,72,21,14.804,100.0,0,0,2019-03-13 21:00:00
2019-03-13,3,72,22,14.613,100.0,0,0,2019-03-13 22:00:00
2019-03-13,3,72,23,14.325,100.0,0,0,2019-03-13 23:00:00
2019-03-14,3,73,0,13.942,100.0,0,0,2019-03-14 00:00:00
2019-03-14,3,73,1,13.558,100.0,0,0,2019-03-14 01:00:00
2019-03-14,3,73,2,13.461,100.0,0,0,2019-03-14 02:00:00
2019-03-14,3,73,3,13.269,100.0,0,0,2019-03-14 03:00:00
2019-03-14,3,73,4,13.173,100.0,0,0,2019-03-14 04:00:00
2019-03-14,3,73,5,13.076,100.0,0,0,2019-03-14 05:00:00
2019-03-14,3,73,6,12.883,100.0,0,0,2019-03-14 06:00:00
2019-03-14,3,73,7,12.98,100.0,0,0,2019-03-14 07:00:00
2019-03-14,3,73,8,13.269,100.0,0,0,2019-03-14 08:00:00
2019-03-14,3,73,9,13.654,100.0,0,0,2019-03-14 09:00:00
2019-03-14,3,73,10,14.804,100.0,0,0,2019-03-14 10:00:00
2019-03-14,3,73,11,15.664,100.0,0,0,2019-03-14 11:00:00
2019-03-14,3,73,12,16.903,100.0,0,0,2019-03-14 12:00:00
2019-03-14,3,73,13,17.57,100.0,0,0,2019-03-14 13:00:00
2019-03-14,3,73,14,18.236,100.0,0,0,2019-03-14 14:00:00
2019-03-14,3,73,15,18.045,100.0,0,0,2019-03-14 15:00:00
2019-03-14,3,73,16,17.76,100.0,0,0,2019-03-14 16:00:00
2019-03-14,3,73,17,17.284,100.0,0,0,2019-03-14 17:00:00
2019-03-14,3,73,18,17.379,100.0,0,0,2019-03-14 18:00:00
2019-03-14,3,73,19,17.379,100.0,0,0,2019-03-14 19:00:00
2019-03-14,3,73,20,17.189,100.0,0,0,2019-03-14 20:00:00
2019-03-14,3,73,21,16.808,100.0,0,0,2019-03-14 21:00:00
2019-03-14,3,73,22,16.808,100.0,0,0,2019-03-14 22:00:00
2019-03-14,3,73,23,16.713,100.0,0,0,2019-03-14 23:00:00
2019-03-15,3,74,0,16.808,100.0,0,0,2019-03-15 00:00:00
2019-03-15,3,74,1,16.808,100.0,0,0,2019-03-15 01:00:00
2019-03-15,3,74,2,16.523,100.0,0,0,2019-03-15 02:00:00
2019-03-15,3,74,3,16.523,100.0,0,0,2019-03-15 03:00:00
2019-03-15,3,74,4,16.523,100.0,0,0,2019-03-15 04:00:00
2019-03-15,3,74,5,16.427,100.0,0,0,2019-03-15 05:00:00
2019-03-15,3,74,6,16.332,100.0,0,0,2019-03-15 06:00:00
2019-03-15,3,74,7,16.332,100.0,0,0,2019-03-15 07:00:00
2019-03-15,3,74,8,16.427,100.0,0,0,2019-03-15 08:00:00
2019-03-15,3,74,9,16.713,100.0,0,0,2019-03-15 09:00:00
2019-03-15,3,74,10,17.094,100.0,0,0,2019-03-15 10:00:00
2019-03-15,3,74,11,17.76,100.0,0,0,2019-03-15 11:00:00
2019-03-15,3,74,12,17.665,100.0,0,0,2019-03-15 12:00:00
2019-03-15,3,74,13,17.76,100.0,0,0,2019-03-15 13:00:00
2019-03-15,3,74,14,18.521,100.0,0,0,2019-03-15 14:00:00
2019-03-15,3,74,15,18.996,100.0,0,0,2019-03-15 15:00:00
2019-03-15,3,74,16,18.521,100.0,0,0,2019-03-15 16:00:00
2019-03-15,3,74,17,18.616,100.0,0,0,2019-03-15 17:00:00
2019-03-15,3,74,18,18.521,100.0,0,0,2019-03-15 18:00:00
2019-03-15,3,74,19,18.236,100.0,0,0,2019-03-15 19:00:00
2019-03-15,3,74,20,18.045,100.0,0,0,2019-03-15 20:00:00
2019-03-15,3,74,21,18.045,100.0,0,0,2019-03-15 21:00:00
2019-03-15,3,74,22,17.855,100.0,0,0,2019-03-15 22:00:00
2019-03-15,3,74,23,17.855,100.0,0,0,2019-03-15 23:00:00
2019-03-16,3,75,0,17.76,100.0,0,0,2019-03-16 00:00:00
2019-03-16,3,75,1,17.665,100.0,0,0,2019-03-16 01:00:00
2019-03-16,3,75,2,17.665,100.0,0,0,2019-03-16 02:00:00
2019-03-16,3,75,3,17.665,100.0,0,0,2019-03-16 03:00:00
2019-03-16,3,75,4,17.57,100.0,0,0,2019-03-16 04:00:00
2019-03-16,3,75,5,17.665,100.0,0,0,2019-03-16 05:00:00
2019-03-16,3,75,6,17.57,100.0,0,0,2019-03-16 06:00:00
2019-03-16,3,75,7,17.57,100.0,0,0,2019-03-16 07:00:00
2019-03-16,3,75,8,17.665,100.0,0,0,2019-03-16 08:00:00
2019-03-16,3,75,9,17.95,100.0,0,0,2019-03-16 09:00:00
2019-03-16,3,75,10,18.806,100.0,0,0,2019-03-16 10:00:00
2019-03-16,3,75,11,19.187,100.0,0,0,2019-03-16 11:00:00
2019-03-16,3,75,12,19.758,100.0,0,0,2019-03-16 12:00:00
2019-03-16,3,75,13,19.853,100.0,0,0,2019-03-16 13:00:00
2019-03-16,3,75,14,19.662,100.0,0,0,2019-03-16 14:00:00
2019-03-16,3,75,15,19.377,100.0,0,0,2019-03-16 15:00:00
2019-03-16,3,75,16,19.282,100.0,0,0,2019-03-16 16:00:00
2019-03-16,3,75,17,18.996,100.0,0,0,2019-03-16 17:00:00
2019-03-16,3,75,18,18.426,100.0,0,0,2019-03-16 18:00:00
2019-03-16,3,75,19,18.14,100.0,0,0,2019-03-16 19:00:00
2019-03-16,3,75,20,17.95,100.0,0,0,2019-03-16 20:00:00
2019-03-16,3,75,21,17.76,100.0,0,0,2019-03-16 21:00:00
2019-03-16,3,75,22,17.57,100.0,0,0,2019-03-16 22:00:00
2019-03-16,3,75,23,17.57,100.0,0,0,2019-03-16 23:00:00
2019-03-17,3,76,0,17.475,100.0,0,0,2019-03-17 00:00:00
2019-03-17,3,76,1,17.475,100.0,0,0,2019-03-17 01:00:00
2019-03-17,3,76,2,17.379,100.0,0,0,2019-03-17 02:00:00
2019-03-17,3,76,3,17.379,100.0,0,0,2019-03-17 03:00:00
2019-03-17,3,76,4,17.379,100.0,0,0,2019-03-17 04:00:00
2019-03-17,3,76,5,17.284,100.0,0,0,2019-03-17 05:00:00
2019-03-17,3,76,6,17.284,100.0,0,0,2019-03-17 06:00:00
2019-03-17,3,76,7,17.284,100.0,0,0,2019-03-17 07:00:00
2019-03-17,3,76,8,17.284,100.0,0,0,2019-03-17 08:00:00
2019-03-17,3,76,9,17.665,100.0,0,0,2019-03-17 09:00:00
2019-03-17,3,76,10,18.14,100.0,0,0,2019-03-17 10:00:00
2019-03-17,3,76,11,18.806,100.0,0,0,2019-03-17 11:00:00
2019-03-17,3,76,12,18.901,100.0,0,0,2019-03-17 12:00:00
2019-03-17,3,76,13,19.282,100.0,0,0,2019-03-17 13:00:00
2019-03-17,3,76,14,19.567,100.0,0,0,2019-03-17 14:00:00
2019-03-17,3,76,15,19.853,100.0,0,0,2019-03-17 15:00:00
2019-03-17,3,76,16,19.377,100.0,0,0,2019-03-17 16:00:00
2019-03-17,3,76,17,18.711,100.0,0,0,2019-03-17 17:00:00
2019-03-17,3,76,18,18.521,100.0,0,0,2019-03-17 18:00:00
2019-03-17,3,76,19,18.236,100.0,0,0,2019-03-17 19:00:00
2019-03-17,3,76,20,17.855,100.0,0,0,2019-03-17 20:00:00
2019-03-17,3,76,21,17.95,100.0,0,0,2019-03-17 21:00:00
2019-03-17,3,76,22,17.855,100.0,0,0,2019-03-17 22:00:00
2019-03-17,3,76,23,17.475,100.0,0,0,2019-03-17 23:00:00
2019-03-18,3,77,0,17.189,100.0,0,0,2019-03-18 00:00:00
2019-03-18,3,77,1,17.189,100.0,0,0,2019-03-18 01:00:00
2019-03-18,3,77,2,17.189,100.0,0,0,2019-03-18 02:00:00
2019-03-18,3,77,3,16.999,100.0,0,0,2019-03-18 03:00:00
2019-03-18,3,77,4,16.618,100.0,0,0,2019-03-18 04:00:00
2019-03-18,3,77,5,16.332,100.0,0,0,2019-03-18 05:00:00
2019-03-18,3,77,6,16.237,100.0,0,0,2019-03-18 06:00:00
2019-03-18,3,77,7,16.332,100.0,0,0,2019-03-18 07:00:00
2019-03-18,3,77,8,16.523,100.0,0,0,2019-03-18 08:00:00
2019-03-18,3,77,9,16.713,100.0,0,0,2019-03-18 09:00:00
2019-03-18,3,77,10,16.999,100.0,0,0,2019-03-18 10:00:00
2019-03-18,3,77,11,17.475,100.0,0,0,2019-03-18 11:00:00
2019-03-18,3,77,12,18.901,100.0,0,0,2019-03-18 12:00:00
2019-03-18,3,77,13,19.377,100.0,0,0,2019-03-18 13:00:00
2019-03-18,3,77,14,19.948,100.0,0,0,2019-03-18 14:00:00
2019-03-18,3,77,15,20.996,100.0,0,0,2019-03-18 15:00:00
2019-03-18,3,77,16,20.138,100.0,0,0,2019-03-18 16:00:00
2019-03-18,3,77,17,20.138,100.0,0,0,2019-03-18 17:00:00
2019-03-18,3,77,18,19.758,100.0,0,0,2019-03-18 18:00:00
2019-03-18,3,77,19,19.282,100.0,0,0,2019-03-18 19:00:00
2019-03-18,3,77,20,18.901,100.0,0,0,2019-03-18 20:00:00
2019-03-18,3,77,21,18.616,100.0,0,0,2019-03-18 21:00:00
2019-03-18,3,77,22,18.521,100.0,0,0,2019-03-18 22:00:00
2019-03-18,3,77,23,18.521,100.0,0,0,2019-03-18 23:00:00
2019-03-19,3,78,0,18.521,100.0,0,0,2019-03-19 00:00:00
2019-03-19,3,78,1,18.426,100.0,0,0,2019-03-19 01:00:00
2019-03-19,3,78,2,18.236,100.0,0,0,2019-03-19 02:00:00
2019-03-19,3,78,3,18.045,100.0,0,0,2019-03-19 03:00:00
2019-03-19,3,78,4,17.855,100.0,0,0,2019-03-19 04:00:00
2019-03-19,3,78,5,17.665,100.0,0,0,2019-03-19 05:00:00
2019-03-19,3,78,6,17.379,100.0,0,0,2019-03-19 06:00:00
2019-03-19,3,78,7,17.379,100.0,0,0,2019-03-19 07:00:00
2019-03-19,3,78,8,17.379,100.0,0,0,2019-03-19 08:00:00
2019-03-19,3,78,9,17.57,100.0,0,0,2019-03-19 09:00:00
2019-03-19,3,78,10,18.045,100.0,0,0,2019-03-19 10:00:00
2019-03-19,3,78,11,18.806,100.0,0,0,2019-03-19 11:00:00
2019-03-19,3,78,12,19.472,100.0,0,0,2019-03-19 12:00:00
2019-03-19,3,78,13,20.043,100.0,0,0,2019-03-19 13:00:00
2019-03-19,3,78,14,20.519,100.0,0,0,2019-03-19 14:00:00
2019-03-19,3,78,15,21.378,100.0,0,0,2019-03-19 15:00:00
2019-03-19,3,78,16,20.138,100.0,0,0,2019-03-19 16:00:00
2019-03-19,3,78,17,19.567,100.0,0,0,2019-03-19 17:00:00
2019-03-19,3,78,18,19.187,100.0,0,0,2019-03-19 18:00:00
2019-03-19,3,78,19,18.996,100.0,0,0,2019-03-19 19:00:00
2019-03-19,3,78,20,18.521,100.0,0,0,2019-03-19 20:00:00
2019-03-19,3,78,21,18.236,100.0,0,0,2019-03-19 21:00:00
2019-03-19,3,78,22,17.95,100.0,0,0,2019-03-19 22:00:00
2019-03-19,3,78,23,17.189,100.0,0,0,2019-03-19 23:00:00
2019-03-20,3,79,0,16.903,100.0,0,0,2019-03-20 00:00:00
2019-03-20,3,79,1,16.713,100.0,0,0,2019-03-20 01:00:00
2019-03-20,3,79,2,16.427,100.0,0,0,2019-03-20 02:00:00
2019-03-20,3,79,3,16.427,100.0,0,0,2019-03-20 03:00:00
2019-03-20,3,79,4,15.855,100.0,0,0,2019-03-20 04:00:00
2019-03-20,3,79,5,15.855,100.0,0,0,2019-03-20 05:00:00
2019-03-20,3,79,6,15.378,100.0,0,0,2019-03-20 06:00:00
2019-03-20,3,79,7,14.9,100.0,0,0,2019-03-20 07:00:00
2019-03-20,3,79,8,14.709,100.0,0,0,2019-03-20 08:00:00
2019-03-20,3,79,9,14.804,100.0,0,0,2019-03-20 09:00:00
2019-03-20,3,79,10,15.282,100.0,0,0,2019-03-20 10:00:00
2019-03-20,3,79,11,15.091,100.0,0,0,2019-03-20 11:00:00
2019-03-20,3,79,12,15.378,100.0,0,0,2019-03-20 12:00:00
2019-03-20,3,79,13,15.282,100.0,0,0,2019-03-20 13:00:00
2019-03-20,3,79,14,16.046,100.0,0,0,2019-03-20 14:00:00
2019-03-20,3,79,15,16.332,100.0,0,0,2019-03-20 15:00:00
2019-03-20,3,79,16,16.237,100.0,0,0,2019-03-20 16:00:00
2019-03-20,3,79,17,15.855,100.0,0,0,2019-03-20 17:00:00
2019-03-20,3,79,18,15.473,100.0,0,0,2019-03-20 18:00:00
2019-03-20,3,79,19,14.996,100.0,0,0,2019-03-20 19:00:00
2019-03-20,3,79,20,14.325,100.0,0,0,2019-03-20 20:00:00
2019-03-20,3,79,21,14.134,100.0,0,0,2019-03-20 21:00:00
2019-03-20,3,79,22,13.654,100.0,0,0,2019-03-20 22:00:00
2019-03-20,3,79,23,13.461,100.0,0,0,2019-03-20 23:00:00
2019-03-21,3,80,0,12.98,100.0,0,0,2019-03-21 00:00:00
2019-03-21,3,80,1,12.883,100.0,0,0,2019-03-21 01:00:00
2019-03-21,3,80,2,12.594,100.0,0,0,2019-03-21 02:00:00
2019-03-21,3,80,3,12.013,100.0,0,0,2019-03-21 03:00:00
2019-03-21,3,80,4,11.819,100.0,0,0,2019-03-21 04:00:00
2019-03-21,3,80,5,11.625,100.0,0,0,2019-03-21 05:00:00
2019-03-21,3,80,6,11.236,100.0,0,0,2019-03-21 06:00:00
2019-03-21,3,80,7,11.041,100.0,0,0,2019-03-21 07:00:00
2019-03-21,3,80,8,11.334,100.0,0,0,2019-03-21 08:00:00
2019-03-21,3,80,9,11.431,100.0,0,0,2019-03-21 09:00:00
2019-03-21,3,80,10,11.916,100.0,0,0,2019-03-21 10:00:00
2019-03-21,3,80,11,12.207,100.0,0,0,2019-03-21 11:00:00
2019-03-21,3,80,12,12.594,100.0,0,0,2019-03-21 12:00:00
2019-03-21,3,80,13,12.883,100.0,0,0,2019-03-21 13:00:00
2019-03-21,3,80,14,12.98,100.0,0,0,2019-03-21 14:00:00
2019-03-21,3,80,15,12.98,100.0,0,0,2019-03-21 15:00:00
2019-03-21,3,80,16,13.365,100.0,0,0,2019-03-21 16:00:00
2019-03-21,3,80,17,12.98,100.0,0,0,2019-03-21 17:00:00
2019-03-21,3,80,18,13.461,100.0,0,0,2019-03-21 18:00:00
2019-03-21,3,80,19,13.558,100.0,0,0,2019-03-21 19:00:00
2019-03-21,3,80,20,12.787,100.0,0,0,2019-03-21 20:00:00
2019-03-21,3,80,21,12.11,100.0,0,0,2019-03-21 21:00:00
2019-03-21,3,80,22,11.528,100.0,0,0,2019-03-21 22:00:00
2019-03-21,3,80,23,11.431,100.0,0,0,2019-03-21 23:00:00
2019-03-22,3,81,0,11.334,100.0,0,0,2019-03-22 00:00:00
2019-03-22,3,81,1,11.722,100.0,0,0,2019-03-22 01:00:00
2019-03-22,3,81,2,11.722,100.0,0,0,2019-03-22 02:00:00
2019-03-22,3,81,3,11.916,100.0,0,0,2019-03-22 03:00:00
2019-03-22,3,81,4,12.013,100.0,0,0,2019-03-22 04:00:00
2019-03-22,3,81,5,12.11,100.0,0,0,2019-03-22 05:00:00
2019-03-22,3,81,6,12.11,100.0,0,0,2019-03-22 06:00:00
2019-03-22,3,81,7,12.304,100.0,0,0,2019-03-22 07:00:00
2019-03-22,3,81,8,12.594,100.0,0,0,2019-03-22 08:00:00
2019-03-22,3,81,9,12.98,100.0,0,0,2019-03-22 09:00:00
2019-03-22,3,81,10,13.75,100.0,0,0,2019-03-22 10:00:00
2019-03-22,3,81,11,14.038,100.0,0,0,2019-03-22 11:00:00
2019-03-22,3,81,12,14.709,100.0,0,0,2019-03-22 12:00:00
2019-03-22,3,81,13,15.091,100.0,0,0,2019-03-22 13:00:00
2019-03-22,3,81,14,15.951,100.0,0,0,2019-03-22 14:00:00
2019-03-22,3,81,15,16.427,100.0,0,0,2019-03-22 15:00:00
2019-03-22,3,81,16,15.855,99.19,0,0,2019-03-22 16:00:00
2019-03-22,3,81,17,15.091,99.11,0,0,2019-03-22 17:00:00
2019-03-22,3,81,18,14.804,100.0,0,0,2019-03-22 18:00:00
2019-03-22,3,81,19,14.517,100.0,0,0,2019-03-22 19:00:00
2019-03-22,3,81,20,14.421,100.0,0,0,2019-03-22 20:00:00
2019-03-22,3,81,21,14.421,100.0,0,0,2019-03-22 21:00:00
2019-03-22,3,81,22,14.325,100.0,0,0,2019-03-22 22:00:00
2019-03-22,3,81,23,14.325,100.0,0,0,2019-03-22 23:00:00
2019-03-23,3,82,0,14.23,100.0,0,0,2019-03-23 00:00:00
2019-03-23,3,82,1,14.23,100.0,0,0,2019-03-23 01:00:00
2019-03-23,3,82,2,14.23,100.0,0,0,2019-03-23 02:00:00
2019-03-23,3,82,3,14.134,100.0,0,0,2019-03-23 03:00:00
2019-03-23,3,82,4,14.23,100.0,0,0,2019-03-23 04:00:00
2019-03-23,3,82,5,14.23,100.0,0,0,2019-03-23 05:00:00
2019-03-23,3,82,6,14.134,100.0,0,0,2019-03-23 06:00:00
2019-03-23,3,82,7,14.134,100.0,0,0,2019-03-23 07:00:00
2019-03-23,3,82,8,14.23,100.0,0,0,2019-03-23 08:00:00
2019-03-23,3,82,9,14.134,100.0,0,0,2019-03-23 09:00:00
2019-03-23,3,82,10,14.421,100.0,0,0,2019-03-23 10:00:00
2019-03-23,3,82,11,15.378,100.0,0,0,2019-03-23 11:00:00
2019-03-23,3,82,12,16.903,100.0,0,0,2019-03-23 12:00:00
2019-03-23,3,82,13,18.045,100.0,0,0,2019-03-23 13:00:00
2019-03-23,3,82,14,17.95,99.4,0,0,2019-03-23 14:00:00
2019-03-23,3,82,15,17.855,99.39,0,0,2019-03-23 15:00:00
2019-03-23,3,82,16,17.475,99.35,0,0,2019-03-23 16:00:00
2019-03-23,3,82,17,17.475,99.35,0,0,2019-03-23 17:00:00
2019-03-23,3,82,18,16.808,99.28,0,0,2019-03-23 18:00:00
2019-03-23,3,82,19,16.618,100.0,0,0,2019-03-23 19:00:00
2019-03-23,3,82,20,16.427,100.0,0,0,2019-03-23 20:00:00
2019-03-23,3,82,21,16.332,100.0,0,0,2019-03-23 21:00:00
2019-03-23,3,82,22,16.332,100.0,0,0,2019-03-23 22:00:00
2019-03-23,3,82,23,16.141,100.0,0,0,2019-03-23 23:00:00
2019-03-24,3,83,0,15.951,100.0,0,0,2019-03-24 00:00:00
2019-03-24,3,83,1,16.046,100.0,0,0,2019-03-24 01:00:00
2019-03-24,3,83,2,16.141,100.0,0,0,2019-03-24 02:00:00
2019-03-24,3,83,3,16.141,100.0,0,0,2019-03-24 03:00:00
2019-03-24,3,83,4,16.141,100.0,0,0,2019-03-24 04:00:00
2019-03-24,3,83,5,16.141,100.0,0,0,2019-03-24 05:00:00
2019-03-24,3,83,6,16.046,100.0,0,0,2019-03-24 06:00:00
2019-03-24,3,83,7,16.046,100.0,0,0,2019-03-24 07:00:00
2019-03-24,3,83,8,15.951,100.0,0,0,2019-03-24 08:00:00
2019-03-24,3,83,9,16.141,100.0,0,0,2019-03-24 09:00:00
2019-03-24,3,83,10,16.713,100.0,0,0,2019-03-24 10:00:00
2019-03-24,3,83,11,17.475,100.0,0,0,2019-03-24 11:00:00
2019-03-24,3,83,12,18.521,100.0,0,0,2019-03-24 12:00:00
2019-03-24,3,83,13,18.901,100.0,0,0,2019-03-24 13:00:00
2019-03-24,3,83,14,19.567,100.0,0,0,2019-03-24 14:00:00
2019-03-24,3,83,15,19.948,98.19,0,0,2019-03-24 15:00:00
2019-03-24,3,83,16,19.758,98.17,0,0,2019-03-24 16:00:00
2019-03-24,3,83,17,19.282,98.13,0,0,2019-03-24 17:00:00
2019-03-24,3,83,18,18.996,98.1,0,0,2019-03-24 18:00:00
2019-03-24,3,83,19,18.616,98.07,0,0,2019-03-24 19:00:00
2019-03-24,3,83,20,17.57,99.36,0,0,2019-03-24 20:00:00
2019-03-24,3,83,21,17.094,99.31,0,0,2019-03-24 21:00:00
2019-03-24,3,83,22,16.903,100.0,0,0,2019-03-24 22:00:00
2019-03-24,3,83,23,16.808,100.0,0,0,2019-03-24 23:00:00
2019-03-25,3,84,0,16.427,100.0,0,0,2019-03-25 00:00:00
2019-03-25,3,84,1,16.141,100.0,0,0,2019-03-25 01:00:00
2019-03-25,3,84,2,16.046,100.0,0,0,2019-03-25 02:00:00
2019-03-25,3,84,3,15.664,100.0,0,0,2019-03-25 03:00:00
2019-03-25,3,84,4,15.664,100.0,0,0,2019-03-25 04:00:00
2019-03-25,3,84,5,16.046,100.0,0,0,2019-03-25 05:00:00
2019-03-25,3,84,6,15.951,100.0,0,0,2019-03-25 06:00:00
2019-03-25,3,84,7,15.951,100.0,0,0,2019-03-25 07:00:00
2019-03-25,3,84,8,16.141,100.0,0,0,2019-03-25 08:00:00
2019-03-25,3,84,9,16.427,100.0,0,0,2019-03-25 09:00:00
2019-03-25,3,84,10,16.523,100.0,0,0,2019-03-25 10:00:00
2019-03-25,3,84,11,17.284,100.0,0,0,2019-03-25 11:00:00
2019-03-25,3,84,12,17.57,100.0,0,0,2019-03-25 12:00:00
2019-03-25,3,84,13,17.95,100.0,0,0,2019-03-25 13:00:00
2019-03-25,3,84,14,17.855,100.0,0,0,2019-03-25 14:00:00
2019-03-25,3,84,15,18.236,100.0,0,0,2019-03-25 15:00:00
2019-03-25,3,84,16,18.045,100.0,0,0,2019-03-25 16:00:00
2019-03-25,3,84,17,17.95,100.0,0,0,2019-03-25 17:00:00
2019-03-25,3,84,18,18.521,100.0,0,0,2019-03-25 18:00:00
2019-03-25,3,84,19,17.855,100.0,0,0,2019-03-25 19:00:00
2019-03-25,3,84,20,17.57,100.0,0,0,2019-03-25 20:00:00
2019-03-25,3,84,21,17.475,100.0,0,0,2019-03-25 21:00:00
2019-03-25,3,84,22,17.379,100.0,0,0,2019-03-25 22:00:00
2019-03-25,3,84,23,17.189,100.0,0,0,2019-03-25 23:00:00
2019-03-26,3,85,0,16.808,100.0,0,0,2019-03-26 00:00:00
2019-03-26,3,85,1,16.618,100.0,0,0,2019-03-26 01:00:00
2019-03-26,3,85,2,16.713,100.0,0,0,2019-03-26 02:00:00
2019-03-26,3,85,3,16.808,100.0,0,0,2019-03-26 03:00:00
2019-03-26,3,85,4,16.808,100.0,0,0,2019-03-26 04:00:00
2019-03-26,3,85,5,16.808,100.0,0,0,2019-03-26 05:00:00
2019-03-26,3,85,6,16.618,100.0,0,0,2019-03-26 06:00:00
2019-03-26,3,85,7,16.427,100.0,0,0,2019-03-26 07:00:00
2019-03-26,3,85,8,15.76,100.0,0,0,2019-03-26 08:00:00
2019-03-26,3,85,9,15.664,100.0,0,0,2019-03-26 09:00:00
2019-03-26,3,85,10,15.473,100.0,0,0,2019-03-26 10:00:00
2019-03-26,3,85,11,15.282,100.0,0,0,2019-03-26 11:00:00
2019-03-26,3,85,12,15.091,100.0,0,0,2019-03-26 12:00:00
2019-03-26,3,85,13,15.282,100.0,0,0,2019-03-26 13:00:00
2019-03-26,3,85,14,15.282,100.0,0,0,2019-03-26 14:00:00
2019-03-26,3,85,15,14.996,100.0,0,0,2019-03-26 15:00:00
2019-03-26,3,85,16,14.23,100.0,0,0,2019-03-26 16:00:00
2019-03-26,3,85,17,14.038,100.0,0,0,2019-03-26 17:00:00
2019-03-26,3,85,18,13.942,100.0,0,0,2019-03-26 18:00:00
2019-03-26,3,85,19,13.654,100.0,0,0,2019-03-26 19:00:00
2019-03-26,3,85,20,13.461,100.0,0,0,2019-03-26 20:00:00
2019-03-26,3,85,21,13.269,100.0,0,0,2019-03-26 21:00:00
2019-03-26,3,85,22,13.076,100.0,0,0,2019-03-26 22:00:00
2019-03-26,3,85,23,12.69,100.0,0,0,2019-03-26 23:00:00
2019-03-27,3,86,0,12.69,100.0,0,0,2019-03-27 00:00:00
2019-03-27,3,86,1,12.304,100.0,0,0,2019-03-27 01:00:00
2019-03-27,3,86,2,12.304,100.0,0,0,2019-03-27 02:00:00
2019-03-27,3,86,3,11.916,100.0,0,0,2019-03-27 03:00:00
2019-03-27,3,86,4,11.528,100.0,0,0,2019-03-27 04:00:00
2019-03-27,3,86,5,11.334,100.0,0,0,2019-03-27 05:00:00
2019-03-27,3,86,6,11.431,100.0,0,0,2019-03-27 06:00:00
2019-03-27,3,86,7,11.431,100.0,0,0,2019-03-27 07:00:00
2019-03-27,3,86,8,11.528,100.0,0,0,2019-03-27 08:00:00
2019-03-27,3,86,9,11.334,100.0,0,0,2019-03-27 09:00:00
2019-03-27,3,86,10,11.819,100.0,0,0,2019-03-27 10:00:00
2019-03-27,3,86,11,12.11,100.0,0,0,2019-03-27 11:00:00
2019-03-27,3,86,12,12.304,100.0,0,0,2019-03-27 12:00:00
2019-03-27,3,86,13,12.594,100.0,0,0,2019-03-27 13:00:00
2019-03-27,3,86,14,12.497,100.0,0,0,2019-03-27 14:00:00
2019-03-27,3,86,15,12.401,100.0,0,0,2019-03-27 15:00:00
2019-03-27,3,86,16,12.497,100.0,0,0,2019-03-27 16:00:00
2019-03-27,3,86,17,12.594,100.0,0,0,2019-03-27 17:00:00
2019-03-27,3,86,18,12.497,100.0,0,0,2019-03-27 18:00:00
2019-03-27,3,86,19,12.594,100.0,0,0,2019-03-27 19:00:00
2019-03-27,3,86,20,12.594,100.0,0,0,2019-03-27 20:00:00
2019-03-27,3,86,21,12.69,100.0,0,0,2019-03-27 21:00:00
2019-03-27,3,86,22,12.787,100.0,0,0,2019-03-27 22:00:00
2019-03-27,3,86,23,12.69,100.0,0,0,2019-03-27 23:00:00
2019-03-28,3,87,0,12.787,100.0,0,0,2019-03-28 00:00:00
2019-03-28,3,87,1,12.787,100.0,0,0,2019-03-28 01:00:00
2019-03-28,3,87,2,12.69,100.0,0,0,2019-03-28 02:00:00
2019-03-28,3,87,3,12.69,100.0,0,0,2019-03-28 03:00:00
2019-03-28,3,87,4,12.497,100.0,0,0,2019-03-28 04:00:00
2019-03-28,3,87,5,12.401,100.0,0,0,2019-03-28 05:00:00
2019-03-28,3,87,6,12.013,100.0,0,0,2019-03-28 06:00:00
2019-03-28,3,87,7,12.013,100.0,0,0,2019-03-28 07:00:00
2019-03-28,3,87,8,11.916,100.0,0,0,2019-03-28 08:00:00
2019-03-28,3,87,9,11.722,100.0,0,0,2019-03-28 09:00:00
2019-03-28,3,87,10,12.013,100.0,0,0,2019-03-28 10:00:00
2019-03-28,3,87,11,12.69,100.0,0,0,2019-03-28 11:00:00
2019-03-28,3,87,12,13.173,100.0,0,0,2019-03-28 12:00:00
2019-03-28,3,87,13,13.846,100.0,0,0,2019-03-28 13:00:00
2019-03-28,3,87,14,14.134,100.0,0,0,2019-03-28 14:00:00
2019-03-28,3,87,15,15.091,100.0,0,0,2019-03-28 15:00:00
2019-03-28,3,87,16,14.996,100.0,0,0,2019-03-28 16:00:00
2019-03-28,3,87,17,14.9,100.0,0,0,2019-03-28 17:00:00
2019-03-28,3,87,18,14.804,100.0,0,0,2019-03-28 18:00:00
2019-03-28,3,87,19,14.421,100.0,0,0,2019-03-28 19:00:00
2019-03-28,3,87,20,14.23,100.0,0,0,2019-03-28 20:00:00
2019-03-28,3,87,21,14.134,100.0,0,0,2019-03-28 21:00:00
2019-03-28,3,87,22,14.134,100.0,0,0,2019-03-28 22:00:00
2019-03-28,3,87,23,14.134,100.0,0,0,2019-03-28 23:00:00
2019-03-29,3,88,0,14.23,100.0,0,0,2019-03-29 00:00:00
2019-03-29,3,88,1,14.134,100.0,0,0,2019-03-29 01:00:00
2019-03-29,3,88,2,14.134,100.0,0,0,2019-03-29 02:00:00
2019-03-29,3,88,3,14.134,100.0,0,0,2019-03-29 03:00:00
2019-03-29,3,88,4,14.134,100.0,0,0,2019-03-29 04:00:00
2019-03-29,3,88,5,14.23,100.0,0,0,2019-03-29 05:00:00
2019-03-29,3,88,6,13.942,100.0,0,0,2019-03-29 06:00:00
2019-03-29,3,88,7,13.558,100.0,0,0,2019-03-29 07:00:00
2019-03-29,3,88,8,13.461,100.0,0,0,2019-03-29 08:00:00
2019-03-29,3,88,9,13.75,100.0,0,0,2019-03-29 09:00:00
2019-03-29,3,88,10,14.325,100.0,0,0,2019-03-29 10:00:00
2019-03-29,3,88,11,15.282,100.0,0,0,2019-03-29 11:00:00
2019-03-29,3,88,12,16.713,100.0,0,0,2019-03-29 12:00:00
2019-03-29,3,88,13,18.236,100.0,0,0,2019-03-29 13:00:00
2019-03-29,3,88,14,19.092,100.0,0,0,2019-03-29 14:00:00
2019-03-29,3,88,15,19.567,100.0,0,0,2019-03-29 15:00:00
2019-03-29,3,88,16,19.092,100.0,0,0,2019-03-29 16:00:00
2019-03-29,3,88,17,18.616,100.0,0,0,2019-03-29 17:00:00
2019-03-29,3,88,18,18.14,100.0,0,0,2019-03-29 18:00:00
2019-03-29,3,88,19,17.76,100.0,0,0,2019-03-29 19:00:00
2019-03-29,3,88,20,17.665,100.0,0,0,2019-03-29 20:00:00
2019-03-29,3,88,21,17.57,100.0,0,0,2019-03-29 21:00:00
2019-03-29,3,88,22,17.665,100.0,0,0,2019-03-29 22:00:00
2019-03-29,3,88,23,17.665,100.0,0,0,2019-03-29 23:00:00
2019-03-30,3,89,0,17.665,100.0,0,0,2019-03-30 00:00:00
2019-03-30,3,89,1,17.76,100.0,0,0,2019-03-30 01:00:00
2019-03-30,3,89,2,17.665,100.0,0,0,2019-03-30 02:00:00
2019-03-30,3,89,3,17.665,100.0,0,0,2019-03-30 03:00:00
2019-03-30,3,89,4,17.665,100.0,0,0,2019-03-30 04:00:00
2019-03-30,3,89,5,17.665,100.0,0,0,2019-03-30 05:00:00
2019-03-30,3,89,6,17.665,100.0,0,0,2019-03-30 06:00:00
2019-03-30,3,89,7,17.57,100.0,0,0,2019-03-30 07:00:00
2019-03-30,3,89,8,17.284,100.0,0,0,2019-03-30 08:00:00
2019-03-30,3,89,9,17.379,100.0,0,0,2019-03-30 09:00:00
2019-03-30,3,89,10,18.14,100.0,0,0,2019-03-30 10:00:00
2019-03-30,3,89,11,18.521,100.0,0,0,2019-03-30 11:00:00
2019-03-30,3,89,12,20.043,100.0,0,0,2019-03-30 12:00:00
2019-03-30,3,89,13,20.805,100.0,0,0,2019-03-30 13:00:00
2019-03-30,3,89,14,20.901,100.0,0,0,2019-03-30 14:00:00
2019-03-30,3,89,15,20.615,100.0,0,0,2019-03-30 15:00:00
2019-03-30,3,89,16,20.805,100.0,0,0,2019-03-30 16:00:00
2019-03-30,3,89,17,20.519,100.0,0,0,2019-03-30 17:00:00
2019-03-30,3,89,18,20.043,100.0,0,0,2019-03-30 18:00:00
2019-03-30,3,89,19,19.853,100.0,0,0,2019-03-30 19:00:00
2019-03-30,3,89,20,19.662,100.0,0,0,2019-03-30 20:00:00
2019-03-30,3,89,21,19.567,100.0,0,0,2019-03-30 21:00:00
2019-03-30,3,89,22,19.567,100.0,0,0,2019-03-30 22:00:00
2019-03-30,3,89,23,19.567,100.0,0,0,2019-03-30 23:00:00
2019-03-31,3,90,0,19.472,100.0,0,0,2019-03-31 00:00:00
2019-03-31,3,90,1,19.567,100.0,0,0,2019-03-31 01:00:00
2019-03-31,3,90,2,19.472,100.0,0,0,2019-03-31 02:00:00
2019-03-31,3,90,3,19.377,100.0,0,0,2019-03-31 03:00:00
2019-03-31,3,90,4,19.377,100.0,0,0,2019-03-31 04:00:00
2019-03-31,3,90,5,19.377,100.0,0,0,2019-03-31 05:00:00
2019-03-31,3,90,6,19.472,100.0,0,0,2019-03-31 06:00:00
2019-03-31,3,90,7,19.377,100.0,0,0,2019-03-31 07:00:00
2019-03-31,3,90,8,19.377,100.0,0,0,2019-03-31 08:00:00
2019-03-31,3,90,9,19.662,100.0,0,0,2019-03-31 09:00:00
2019-03-31,3,90,10,20.234,100.0,0,0,2019-03-31 10:00:00
2019-03-31,3,90,11,20.615,100.0,0,0,2019-03-31 11:00:00
2019-03-31,3,90,12,20.901,100.0,0,0,2019-03-31 12:00:00
2019-03-31,3,90,13,21.378,100.0,0,0,2019-03-31 13:00:00
2019-03-31,3,90,14,21.091,100.0,0,0,2019-03-31 14:00:00
2019-03-31,3,90,15,21.091,100.0,0,0,2019-03-31 15:00:00
2019-03-31,3,90,16,20.519,100.0,0,0,2019-03-31 16:00:00
2019-03-31,3,90,17,20.424,100.0,0,0,2019-03-31 17:00:00
2019-03-31,3,90,18,20.234,100.0,0,0,2019-03-31 18:00:00
2019-03-31,3,90,19,20.138,100.0,0,0,2019-03-31 19:00:00
2019-03-31,3,90,20,20.043,100.0,0,0,2019-03-31 20:00:00
2019-03-31,3,90,21,19.948,100.0,0,0,2019-03-31 21:00:00
2019-03-31,3,90,22,19.853,100.0,0,0,2019-03-31 22:00:00
2019-03-31,3,90,23,19.758,100.0,0,0,2019-03-31 23:00:00
2019-04-01,4,91,0,19.567,100.0,0,0,2019-04-01 00:00:00
2019-04-01,4,91,1,19.472,100.0,0,0,2019-04-01 01:00:00
2019-04-01,4,91,2,19.377,100.0,0,0,2019-04-01 02:00:00
2019-04-01,4,91,3,19.187,100.0,0,0,2019-04-01 03:00:00
2019-04-01,4,91,4,18.236,100.0,0,0,2019-04-01 04:00:00
2019-04-01,4,91,5,17.855,100.0,0,0,2019-04-01 05:00:00
2019-04-01,4,91,6,17.95,100.0,0,0,2019-04-01 06:00:00
2019-04-01,4,91,7,17.855,100.0,0,0,2019-04-01 07:00:00
2019-04-01,4,91,8,18.14,100.0,0,0,2019-04-01 08:00:00
2019-04-01,4,91,9,18.236,100.0,0,0,2019-04-01 09:00:00
2019-04-01,4,91,10,18.711,100.0,0,0,2019-04-01 10:00:00
2019-04-01,4,91,11,19.472,100.0,0,0,2019-04-01 11:00:00
2019-04-01,4,91,12,20.424,100.0,0,0,2019-04-01 12:00:00
2019-04-01,4,91,13,21.282,100.0,0,0,2019-04-01 13:00:00
2019-04-01,4,91,14,22.142,100.0,0,0,2019-04-01 14:00:00
2019-04-01,4,91,15,22.812,100.0,0,0,2019-04-01 15:00:00
2019-04-01,4,91,16,22.525,100.0,0,0,2019-04-01 16:00:00
2019-04-01,4,91,17,21.282,100.0,0,0,2019-04-01 17:00:00
2019-04-01,4,91,18,20.805,100.0,0,0,2019-04-01 18:00:00
2019-04-01,4,91,19,20.424,100.0,0,0,2019-04-01 19:00:00
2019-04-01,4,91,20,20.138,100.0,0,0,2019-04-01 20:00:00
2019-04-01,4,91,21,19.948,100.0,0,0,2019-04-01 21:00:00
2019-04-01,4,91,22,19.948,100.0,0,0,2019-04-01 22:00:00
2019-04-01,4,91,23,19.853,100.0,0,0,2019-04-01 23:00:00
2019-04-02,4,92,0,19.567,100.0,0,0,2019-04-02 00:00:00
2019-04-02,4,92,1,19.377,100.0,0,0,2019-04-02 01:00:00
2019-04-02,4,92,2,18.901,100.0,0,0,2019-04-02 02:00:00
2019-04-02,4,92,3,18.901,100.0,0,0,2019-04-02 03:00:00
2019-04-02,4,92,4,18.996,100.0,0,0,2019-04-02 04:00:00
2019-04-02,4,92,5,18.901,100.0,0,0,2019-04-02 05:00:00
2019-04-02,4,92,6,18.901,100.0,0,0,2019-04-02 06:00:00
2019-04-02,4,92,7,18.711,100.0,0,0,2019-04-02 07:00:00
2019-04-02,4,92,8,18.711,100.0,0,0,2019-04-02 08:00:00
2019-04-02,4,92,9,18.711,100.0,0,0,2019-04-02 09:00:00
2019-04-02,4,92,10,18.711,100.0,0,0,2019-04-02 10:00:00
2019-04-02,4,92,11,18.806,100.0,0,0,2019-04-02 11:00:00
2019-04-02,4,92,12,18.806,100.0,0,0,2019-04-02 12:00:00
2019-04-02,4,92,13,18.14,100.0,0,0,2019-04-02 13:00:00
2019-04-02,4,92,14,18.331,100.0,0,0,2019-04-02 14:00:00
2019-04-02,4,92,15,18.521,100.0,0,0,2019-04-02 15:00:00
2019-04-02,4,92,16,19.662,100.0,0,0,2019-04-02 16:00:00
2019-04-02,4,92,17,18.901,100.0,0,0,2019-04-02 17:00:00
2019-04-02,4,92,18,18.806,100.0,0,0,2019-04-02 18:00:00
2019-04-02,4,92,19,18.901,100.0,0,0,2019-04-02 19:00:00
2019-04-02,4,92,20,17.95,100.0,0,0,2019-04-02 20:00:00
2019-04-02,4,92,21,17.95,100.0,0,0,2019-04-02 21:00:00
2019-04-02,4,92,22,18.045,100.0,0,0,2019-04-02 22:00:00
2019-04-02,4,92,23,17.855,100.0,0,0,2019-04-02 23:00:00
2019-04-03,4,93,0,17.76,100.0,0,0,2019-04-03 00:00:00
2019-04-03,4,93,1,17.475,100.0,0,0,2019-04-03 01:00:00
2019-04-03,4,93,2,17.475,100.0,0,0,2019-04-03 02:00:00
2019-04-03,4,93,3,17.189,100.0,0,0,2019-04-03 03:00:00
2019-04-03,4,93,4,16.808,100.0,0,0,2019-04-03 04:00:00
2019-04-03,4,93,5,16.523,100.0,0,0,2019-04-03 05:00:00
2019-04-03,4,93,6,16.427,100.0,0,0,2019-04-03 06:00:00
2019-04-03,4,93,7,16.332,100.0,0,0,2019-04-03 07:00:00
2019-04-03,4,93,8,16.427,100.0,0,0,2019-04-03 08:00:00
2019-04-03,4,93,9,16.523,100.0,0,0,2019-04-03 09:00:00
2019-04-03,4,93,10,17.094,100.0,0,0,2019-04-03 10:00:00
2019-04-03,4,93,11,18.236,100.0,0,0,2019-04-03 11:00:00
2019-04-03,4,93,12,19.948,100.0,0,0,2019-04-03 12:00:00
2019-04-03,4,93,13,21.187,100.0,0,0,2019-04-03 13:00:00
2019-04-03,4,93,14,21.282,100.0,0,0,2019-04-03 14:00:00
2019-04-03,4,93,15,20.424,100.0,0,0,2019-04-03 15:00:00
2019-04-03,4,93,16,20.424,100.0,0,0,2019-04-03 16:00:00
2019-04-03,4,93,17,20.424,100.0,0,0,2019-04-03 17:00:00
2019-04-03,4,93,18,19.948,100.0,0,0,2019-04-03 18:00:00
2019-04-03,4,93,19,19.377,100.0,0,0,2019-04-03 19:00:00
2019-04-03,4,93,20,18.616,100.0,0,0,2019-04-03 20:00:00
2019-04-03,4,93,21,18.426,100.0,0,0,2019-04-03 21:00:00
2019-04-03,4,93,22,18.236,100.0,0,0,2019-04-03 22:00:00
2019-04-03,4,93,23,18.045,100.0,0,0,2019-04-03 23:00:00
2019-04-04,4,94,0,17.855,100.0,0,0,2019-04-04 00:00:00
2019-04-04,4,94,1,18.045,100.0,0,0,2019-04-04 01:00:00
2019-04-04,4,94,2,17.855,100.0,0,0,2019-04-04 02:00:00
2019-04-04,4,94,3,17.665,100.0,0,0,2019-04-04 03:00:00
2019-04-04,4,94,4,17.57,100.0,0,0,2019-04-04 04:00:00
2019-04-04,4,94,5,17.189,100.0,0,0,2019-04-04 05:00:00
2019-04-04,4,94,6,16.903,100.0,0,0,2019-04-04 06:00:00
2019-04-04,4,94,7,16.523,100.0,0,0,2019-04-04 07:00:00
2019-04-04,4,94,8,16.427,100.0,0,0,2019-04-04 08:00:00
2019-04-04,4,94,9,16.427,100.0,0,0,2019-04-04 09:00:00
2019-04-04,4,94,10,16.999,100.0,0,0,2019-04-04 10:00:00
2019-04-04,4,94,11,18.14,100.0,0,0,2019-04-04 11:00:00
2019-04-04,4,94,12,19.853,100.0,0,0,2019-04-04 12:00:00
2019-04-04,4,94,13,21.664,100.0,0,0,2019-04-04 13:00:00
2019-04-04,4,94,14,23.292,99.91,0,0,2019-04-04 14:00:00
2019-04-04,4,94,15,23.484,96.04,0,0,2019-04-04 15:00:00
2019-04-04,4,94,16,23.388,96.03,0,0,2019-04-04 16:00:00
2019-04-04,4,94,17,23.292,96.02,0,0,2019-04-04 17:00:00
2019-04-04,4,94,18,21.378,95.88,0,0,2019-04-04 18:00:00
2019-04-04,4,94,19,20.424,98.23,0,0,2019-04-04 19:00:00
2019-04-04,4,94,20,20.043,98.2,0,0,2019-04-04 20:00:00
2019-04-04,4,94,21,19.567,99.56,0,0,2019-04-04 21:00:00
2019-04-04,4,94,22,19.472,99.55,0,0,2019-04-04 22:00:00
2019-04-04,4,94,23,19.187,99.52,0,0,2019-04-04 23:00:00
2019-04-05,4,95,0,18.236,100.0,0,0,2019-04-05 00:00:00
2019-04-05,4,95,1,17.284,100.0,0,0,2019-04-05 01:00:00
2019-04-05,4,95,2,16.808,100.0,0,0,2019-04-05 02:00:00
2019-04-05,4,95,3,16.618,100.0,0,0,2019-04-05 03:00:00
2019-04-05,4,95,4,16.046,100.0,0,0,2019-04-05 04:00:00
2019-04-05,4,95,5,13.75,100.0,0,0,2019-04-05 05:00:00
2019-04-05,4,95,6,12.69,100.0,0,0,2019-04-05 06:00:00
2019-04-05,4,95,7,12.304,100.0,0,0,2019-04-05 07:00:00
2019-04-05,4,95,8,11.334,100.0,0,0,2019-04-05 08:00:00
2019-04-05,4,95,9,10.944,100.0,0,0,2019-04-05 09:00:00
2019-04-05,4,95,10,11.236,100.0,0,0,2019-04-05 10:00:00
2019-04-05,4,95,11,11.431,100.0,0,0,2019-04-05 11:00:00
2019-04-05,4,95,12,12.401,100.0,0,0,2019-04-05 12:00:00
2019-04-05,4,95,13,13.269,100.0,0,0,2019-04-05 13:00:00
2019-04-05,4,95,14,13.558,100.0,0,0,2019-04-05 14:00:00
2019-04-05,4,95,15,14.613,100.0,0,0,2019-04-05 15:00:00
2019-04-05,4,95,16,15.187,100.0,0,0,2019-04-05 16:00:00
2019-04-05,4,95,17,14.804,100.0,0,0,2019-04-05 17:00:00
2019-04-05,4,95,18,13.942,100.0,0,0,2019-04-05 18:00:00
2019-04-05,4,95,19,13.365,100.0,0,0,2019-04-05 19:00:00
2019-04-05,4,95,20,12.883,100.0,0,0,2019-04-05 20:00:00
2019-04-05,4,95,21,13.173,100.0,0,0,2019-04-05 21:00:00
2019-04-05,4,95,22,12.594,100.0,0,0,2019-04-05 22:00:00
2019-04-05,4,95,23,11.625,100.0,0,0,2019-04-05 23:00:00
2019-04-06,4,96,0,11.819,100.0,0,0,2019-04-06 00:00:00
2019-04-06,4,96,1,11.722,100.0,0,0,2019-04-06 01:00:00
2019-04-06,4,96,2,11.722,100.0,0,0,2019-04-06 02:00:00
2019-04-06,4,96,3,11.625,100.0,0,0,2019-04-06 03:00:00
2019-04-06,4,96,4,11.431,100.0,0,0,2019-04-06 04:00:00
2019-04-06,4,96,5,11.139,100.0,0,0,2019-04-06 05:00:00
2019-04-06,4,96,6,10.553,100.0,0,0,2019-04-06 06:00:00
2019-04-06,4,96,7,10.259,100.0,0,0,2019-04-06 07:00:00
2019-04-06,4,96,8,9.965,100.0,0,0,2019-04-06 08:00:00
2019-04-06,4,96,9,10.161,100.0,0,0,2019-04-06 09:00:00
2019-04-06,4,96,10,10.553,100.0,0,0,2019-04-06 10:00:00
2019-04-06,4,96,11,12.207,100.0,0,0,2019-04-06 11:00:00
2019-04-06,4,96,12,14.421,100.0,0,0,2019-04-06 12:00:00
2019-04-06,4,96,13,15.282,100.0,0,0,2019-04-06 13:00:00
2019-04-06,4,96,14,15.664,99.17,0,0,2019-04-06 14:00:00
2019-04-06,4,96,15,16.237,96.61,0,0,2019-04-06 15:00:00
2019-04-06,4,96,16,16.523,91.82,0,0,2019-04-06 16:00:00
2019-04-06,4,96,17,15.951,92.61,0,0,2019-04-06 17:00:00
2019-04-06,4,96,18,15.473,94.4,0,0,2019-04-06 18:00:00
2019-04-06,4,96,19,14.421,95.34,0,0,2019-04-06 19:00:00
2019-04-06,4,96,20,13.846,97.63,0,0,2019-04-06 20:00:00
2019-04-06,4,96,21,13.269,97.57,0,0,2019-04-06 21:00:00
2019-04-06,4,96,22,12.787,98.88,0,0,2019-04-06 22:00:00
2019-04-06,4,96,23,12.013,98.8,0,0,2019-04-06 23:00:00
2019-04-07,4,97,0,11.431,98.74,0,0,2019-04-07 00:00:00
2019-04-07,4,97,1,11.334,98.73,0,0,2019-04-07 01:00:00
2019-04-07,4,97,2,10.944,98.69,0,0,2019-04-07 02:00:00
2019-04-07,4,97,3,10.161,98.61,0,0,2019-04-07 03:00:00
2019-04-07,4,97,4,9.866,98.58,0,0,2019-04-07 04:00:00
2019-04-07,4,97,5,9.866,100.0,0,0,2019-04-07 05:00:00
2019-04-07,4,97,6,9.768,100.0,0,0,2019-04-07 06:00:00
2019-04-07,4,97,7,9.768,100.0,0,0,2019-04-07 07:00:00
2019-04-07,4,97,8,10.063,100.0,0,0,2019-04-07 08:00:00
2019-04-07,4,97,9,10.651,100.0,0,0,2019-04-07 09:00:00
2019-04-07,4,97,10,11.625,100.0,0,0,2019-04-07 10:00:00
2019-04-07,4,97,11,13.558,100.0,0,0,2019-04-07 11:00:00
2019-04-07,4,97,12,16.332,97.86,0,0,2019-04-07 12:00:00
2019-04-07,4,97,13,18.236,91.9,0,0,2019-04-07 13:00:00
2019-04-07,4,97,14,18.806,82.32,0,0,2019-04-07 14:00:00
2019-04-07,4,97,15,19.092,79.07,0,0,2019-04-07 15:00:00
2019-04-07,4,97,16,19.377,78.49,0,0,2019-04-07 16:00:00
2019-04-07,4,97,17,19.282,78.23,0,0,2019-04-07 17:00:00
2019-04-07,4,97,18,18.901,81.59,0,0,2019-04-07 18:00:00
2019-04-07,4,97,19,17.094,87.25,0,0,2019-04-07 19:00:00
2019-04-07,4,97,20,15.569,91.77,0,0,2019-04-07 20:00:00
2019-04-07,4,97,21,14.804,94.35,0,0,2019-04-07 21:00:00
2019-04-07,4,97,22,14.134,95.32,0,0,2019-04-07 22:00:00
2019-04-07,4,97,23,13.654,96.39,0,0,2019-04-07 23:00:00
2019-04-08,4,98,0,13.173,96.35,0,0,2019-04-08 00:00:00
2019-04-08,4,98,1,12.98,97.55,0,0,2019-04-08 01:00:00
2019-04-08,4,98,2,12.594,97.51,0,0,2019-04-08 02:00:00
2019-04-08,4,98,3,12.207,97.47,0,0,2019-04-08 03:00:00
2019-04-08,4,98,4,11.916,98.79,0,0,2019-04-08 04:00:00
2019-04-08,4,98,5,11.722,98.77,0,0,2019-04-08 05:00:00
2019-04-08,4,98,6,10.846,98.68,0,0,2019-04-08 06:00:00
2019-04-08,4,98,7,10.357,97.3,0,0,2019-04-08 07:00:00
2019-04-08,4,98,8,10.161,97.28,0,0,2019-04-08 08:00:00
2019-04-08,4,98,9,10.259,97.29,0,0,2019-04-08 09:00:00
2019-04-08,4,98,10,11.041,97.36,0,0,2019-04-08 10:00:00
2019-04-08,4,98,11,13.461,95.27,0,0,2019-04-08 11:00:00
2019-04-08,4,98,12,16.523,89.64,0,0,2019-04-08 12:00:00
2019-04-08,4,98,13,18.711,80.93,0,0,2019-04-08 13:00:00
2019-04-08,4,98,14,19.472,75.37,0,0,2019-04-08 14:00:00
2019-04-08,4,98,15,19.853,65.95,0,0,2019-04-08 15:00:00
2019-04-08,4,98,16,19.662,64.4,0,0,2019-04-08 16:00:00
2019-04-08,4,98,17,19.853,59.6,0,0,2019-04-08 17:00:00
2019-04-08,4,98,18,18.996,70.6,0,0,2019-04-08 18:00:00
2019-04-08,4,98,19,17.57,82.01,0,0,2019-04-08 19:00:00
2019-04-08,4,98,20,16.046,89.63,0,0,2019-04-08 20:00:00
2019-04-08,4,98,21,15.378,92.57,0,0,2019-04-08 21:00:00
2019-04-08,4,98,22,14.996,94.36,0,0,2019-04-08 22:00:00
2019-04-08,4,98,23,14.9,95.38,0,0,2019-04-08 23:00:00
2019-04-09,4,99,0,14.421,95.34,0,0,2019-04-09 00:00:00
2019-04-09,4,99,1,13.942,96.41,0,0,2019-04-09 01:00:00
2019-04-09,4,99,2,13.942,96.41,0,0,2019-04-09 02:00:00
2019-04-09,4,99,3,13.75,97.62,0,0,2019-04-09 03:00:00
2019-04-09,4,99,4,13.365,97.58,0,0,2019-04-09 04:00:00
2019-04-09,4,99,5,12.98,97.55,0,0,2019-04-09 05:00:00
2019-04-09,4,99,6,13.173,97.56,0,0,2019-04-09 06:00:00
2019-04-09,4,99,7,13.365,98.94,0,0,2019-04-09 07:00:00
2019-04-09,4,99,8,12.98,98.9,0,0,2019-04-09 08:00:00
2019-04-09,4,99,9,13.654,98.97,0,0,2019-04-09 09:00:00
2019-04-09,4,99,10,13.75,98.98,0,0,2019-04-09 10:00:00
2019-04-09,4,99,11,15.187,99.12,0,0,2019-04-09 11:00:00
2019-04-09,4,99,12,17.57,97.97,0,0,2019-04-09 12:00:00
2019-04-09,4,99,13,19.472,91.17,0,0,2019-04-09 13:00:00
2019-04-09,4,99,14,19.948,78.44,0,0,2019-04-09 14:00:00
2019-04-09,4,99,15,19.187,73.27,0,0,2019-04-09 15:00:00
2019-04-09,4,99,16,19.662,78.47,0,0,2019-04-09 16:00:00
2019-04-09,4,99,17,19.948,80.21,0,0,2019-04-09 17:00:00
2019-04-09,4,99,18,19.092,83.47,0,0,2019-04-09 18:00:00
2019-04-09,4,99,19,18.045,88.41,0,0,2019-04-09 19:00:00
2019-04-09,4,99,20,17.57,91.87,0,0,2019-04-09 20:00:00
2019-04-09,4,99,21,17.284,93.57,0,0,2019-04-09 21:00:00
2019-04-09,4,99,22,16.999,94.5,0,0,2019-04-09 22:00:00
2019-04-09,4,99,23,16.808,95.53,0,0,2019-04-09 23:00:00
2019-04-10,4,100,0,16.713,96.65,0,0,2019-04-10 00:00:00
2019-04-10,4,100,1,16.713,97.89,0,0,2019-04-10 01:00:00
2019-04-10,4,100,2,16.523,97.88,0,0,2019-04-10 02:00:00
2019-04-10,4,100,3,16.523,97.88,0,0,2019-04-10 03:00:00
2019-04-10,4,100,4,16.332,97.86,0,0,2019-04-10 04:00:00
2019-04-10,4,100,5,16.332,99.24,0,0,2019-04-10 05:00:00
2019-04-10,4,100,6,16.237,99.23,0,0,2019-04-10 06:00:00
2019-04-10,4,100,7,16.046,99.21,0,0,2019-04-10 07:00:00
2019-04-10,4,100,8,15.855,99.19,0,0,2019-04-10 08:00:00
2019-04-10,4,100,9,16.237,99.23,0,0,2019-04-10 09:00:00
2019-04-10,4,100,10,16.332,99.24,0,0,2019-04-10 10:00:00
2019-04-10,4,100,11,16.237,99.23,0,0,2019-04-10 11:00:00
2019-04-10,4,100,12,16.237,99.23,0,0,2019-04-10 12:00:00
2019-04-10,4,100,13,16.713,99.28,0,0,2019-04-10 13:00:00
2019-04-10,4,100,14,17.57,99.36,0,0,2019-04-10 14:00:00
2019-04-10,4,100,15,18.236,98.03,0,0,2019-04-10 15:00:00
2019-04-10,4,100,16,17.76,94.56,0,0,2019-04-10 16:00:00
2019-04-10,4,100,17,17.094,94.51,0,0,2019-04-10 17:00:00
2019-04-10,4,100,18,16.523,95.5,0,0,2019-04-10 18:00:00
2019-04-10,4,100,19,16.237,96.61,0,0,2019-04-10 19:00:00
2019-04-10,4,100,20,16.237,97.85,0,0,2019-04-10 20:00:00
2019-04-10,4,100,21,15.855,97.81,0,0,2019-04-10 21:00:00
2019-04-10,4,100,22,15.473,97.78,0,0,2019-04-10 22:00:00
2019-04-10,4,100,23,15.378,99.14,0,0,2019-04-10 23:00:00
2019-04-11,4,101,0,14.804,97.72,0,0,2019-04-11 00:00:00
2019-04-11,4,101,1,14.613,97.7,0,0,2019-04-11 01:00:00
2019-04-11,4,101,2,14.517,99.06,0,0,2019-04-11 02:00:00
2019-04-11,4,101,3,14.517,99.06,0,0,2019-04-11 03:00:00
2019-04-11,4,101,4,14.517,99.06,0,0,2019-04-11 04:00:00
2019-04-11,4,101,5,14.421,99.05,0,0,2019-04-11 05:00:00
2019-04-11,4,101,6,14.325,99.04,0,0,2019-04-11 06:00:00
2019-04-11,4,101,7,14.23,100.0,0,0,2019-04-11 07:00:00
2019-04-11,4,101,8,14.038,100.0,0,0,2019-04-11 08:00:00
2019-04-11,4,101,9,14.23,100.0,0,0,2019-04-11 09:00:00
2019-04-11,4,101,10,14.709,100.0,0,0,2019-04-11 10:00:00
2019-04-11,4,101,11,14.804,100.0,0,0,2019-04-11 11:00:00
2019-04-11,4,101,12,15.951,100.0,0,0,2019-04-11 12:00:00
2019-04-11,4,101,13,16.999,100.0,0,0,2019-04-11 13:00:00
2019-04-11,4,101,14,17.094,100.0,0,0,2019-04-11 14:00:00
2019-04-11,4,101,15,16.808,100.0,0,0,2019-04-11 15:00:00
2019-04-11,4,101,16,16.808,100.0,0,0,2019-04-11 16:00:00
2019-04-11,4,101,17,16.618,100.0,0,0,2019-04-11 17:00:00
2019-04-11,4,101,18,16.046,100.0,0,0,2019-04-11 18:00:00
2019-04-11,4,101,19,15.855,100.0,0,0,2019-04-11 19:00:00
2019-04-11,4,101,20,15.187,100.0,0,0,2019-04-11 20:00:00
2019-04-11,4,101,21,14.9,100.0,0,0,2019-04-11 21:00:00
2019-04-11,4,101,22,14.517,100.0,0,0,2019-04-11 22:00:00
2019-04-11,4,101,23,14.23,100.0,0,0,2019-04-11 23:00:00
2019-04-12,4,102,0,14.134,100.0,0,0,2019-04-12 00:00:00
2019-04-12,4,102,1,13.846,100.0,0,0,2019-04-12 01:00:00
2019-04-12,4,102,2,13.75,100.0,0,0,2019-04-12 02:00:00
2019-04-12,4,102,3,13.654,100.0,0,0,2019-04-12 03:00:00
2019-04-12,4,102,4,13.75,100.0,0,0,2019-04-12 04:00:00
2019-04-12,4,102,5,13.654,100.0,0,0,2019-04-12 05:00:00
2019-04-12,4,102,6,13.654,100.0,0,0,2019-04-12 06:00:00
2019-04-12,4,102,7,13.654,100.0,0,0,2019-04-12 07:00:00
2019-04-12,4,102,8,13.558,100.0,0,0,2019-04-12 08:00:00
2019-04-12,4,102,9,14.038,100.0,0,0,2019-04-12 09:00:00
2019-04-12,4,102,10,14.421,100.0,0,0,2019-04-12 10:00:00
2019-04-12,4,102,11,14.613,100.0,0,0,2019-04-12 11:00:00
2019-04-12,4,102,12,15.091,100.0,0,0,2019-04-12 12:00:00
2019-04-12,4,102,13,14.804,100.0,0,0,2019-04-12 13:00:00
2019-04-12,4,102,14,14.804,100.0,0,0,2019-04-12 14:00:00
2019-04-12,4,102,15,14.804,100.0,0,0,2019-04-12 15:00:00
2019-04-12,4,102,16,14.709,100.0,0,0,2019-04-12 16:00:00
2019-04-12,4,102,17,14.421,100.0,0,0,2019-04-12 17:00:00
2019-04-12,4,102,18,14.517,100.0,0,0,2019-04-12 18:00:00
2019-04-12,4,102,19,14.421,100.0,0,0,2019-04-12 19:00:00
2019-04-12,4,102,20,14.421,100.0,0,0,2019-04-12 20:00:00
2019-04-12,4,102,21,14.325,100.0,0,0,2019-04-12 21:00:00
2019-04-12,4,102,22,13.654,100.0,0,0,2019-04-12 22:00:00
2019-04-12,4,102,23,13.365,100.0,0,0,2019-04-12 23:00:00
2019-04-13,4,103,0,13.076,100.0,0,0,2019-04-13 00:00:00
2019-04-13,4,103,1,12.69,100.0,0,0,2019-04-13 01:00:00
2019-04-13,4,103,2,12.401,100.0,0,0,2019-04-13 02:00:00
2019-04-13,4,103,3,12.304,100.0,0,0,2019-04-13 03:00:00
2019-04-13,4,103,4,12.207,100.0,0,0,2019-04-13 04:00:00
2019-04-13,4,103,5,12.11,100.0,0,0,2019-04-13 05:00:00
2019-04-13,4,103,6,11.722,100.0,0,0,2019-04-13 06:00:00
2019-04-13,4,103,7,11.625,100.0,0,0,2019-04-13 07:00:00
2019-04-13,4,103,8,11.236,100.0,0,0,2019-04-13 08:00:00
2019-04-13,4,103,9,11.139,100.0,0,0,2019-04-13 09:00:00
2019-04-13,4,103,10,12.11,100.0,0,0,2019-04-13 10:00:00
2019-04-13,4,103,11,13.942,100.0,0,0,2019-04-13 11:00:00
2019-04-13,4,103,12,15.473,100.0,0,0,2019-04-13 12:00:00
2019-04-13,4,103,13,16.713,100.0,0,0,2019-04-13 13:00:00
2019-04-13,4,103,14,17.665,100.0,0,0,2019-04-13 14:00:00
2019-04-13,4,103,15,18.806,99.48,0,0,2019-04-13 15:00:00
2019-04-13,4,103,16,19.853,96.92,0,0,2019-04-13 16:00:00
2019-04-13,4,103,17,20.138,90.45,0,0,2019-04-13 17:00:00
2019-04-13,4,103,18,19.282,91.16,0,0,2019-04-13 18:00:00
2019-04-13,4,103,19,17.665,93.59,0,0,2019-04-13 19:00:00
2019-04-13,4,103,20,16.713,95.52,0,0,2019-04-13 20:00:00
2019-04-13,4,103,21,16.618,96.64,0,0,2019-04-13 21:00:00
2019-04-13,4,103,22,16.618,97.89,0,0,2019-04-13 22:00:00
2019-04-13,4,103,23,16.332,97.86,0,0,2019-04-13 23:00:00
2019-04-14,4,104,0,14.996,97.73,0,0,2019-04-14 00:00:00
2019-04-14,4,104,1,14.134,97.65,0,0,2019-04-14 01:00:00
2019-04-14,4,104,2,13.365,97.58,0,0,2019-04-14 02:00:00
2019-04-14,4,104,3,13.076,98.91,0,0,2019-04-14 03:00:00
2019-04-14,4,104,4,12.787,98.88,0,0,2019-04-14 04:00:00
2019-04-14,4,104,5,12.69,98.87,0,0,2019-04-14 05:00:00
2019-04-14,4,104,6,12.401,98.84,0,0,2019-04-14 06:00:00
2019-04-14,4,104,7,12.304,98.83,0,0,2019-04-14 07:00:00
2019-04-14,4,104,8,12.304,100.0,0,0,2019-04-14 08:00:00
2019-04-14,4,104,9,12.594,100.0,0,0,2019-04-14 09:00:00
2019-04-14,4,104,10,13.846,100.0,0,0,2019-04-14 10:00:00
2019-04-14,4,104,11,15.473,100.0,0,0,2019-04-14 11:00:00
2019-04-14,4,104,12,17.475,100.0,0,0,2019-04-14 12:00:00
2019-04-14,4,104,13,20.043,96.93,0,0,2019-04-14 13:00:00
2019-04-14,4,104,14,20.043,91.98,0,0,2019-04-14 14:00:00
2019-04-14,4,104,15,20.71,86.19,0,0,2019-04-14 15:00:00
2019-04-14,4,104,16,20.519,83.85,0,0,2019-04-14 16:00:00
2019-04-14,4,104,17,19.662,86.2,0,0,2019-04-14 17:00:00
2019-04-14,4,104,18,18.996,90.41,0,0,2019-04-14 18:00:00
2019-04-14,4,104,19,17.95,91.88,0,0,2019-04-14 19:00:00
2019-04-14,4,104,20,16.808,92.65,0,0,2019-04-14 20:00:00
2019-04-14,4,104,21,16.713,95.52,0,0,2019-04-14 21:00:00
2019-04-14,4,104,22,16.903,96.67,0,0,2019-04-14 22:00:00
2019-04-14,4,104,23,16.808,96.66,0,0,2019-04-14 23:00:00
2019-04-15,4,105,0,16.332,96.62,0,0,2019-04-15 00:00:00
2019-04-15,4,105,1,16.237,96.61,0,0,2019-04-15 01:00:00
2019-04-15,4,105,2,16.046,96.59,0,0,2019-04-15 02:00:00
2019-04-15,4,105,3,15.569,96.55,0,0,2019-04-15 03:00:00
2019-04-15,4,105,4,15.473,96.54,0,0,2019-04-15 04:00:00
2019-04-15,4,105,5,15.569,96.55,0,0,2019-04-15 05:00:00
2019-04-15,4,105,6,15.569,96.55,0,0,2019-04-15 06:00:00
2019-04-15,4,105,7,15.569,96.55,0,0,2019-04-15 07:00:00
2019-04-15,4,105,8,15.569,96.55,0,0,2019-04-15 08:00:00
2019-04-15,4,105,9,15.378,96.53,0,0,2019-04-15 09:00:00
2019-04-15,4,105,10,15.855,96.58,0,0,2019-04-15 10:00:00
2019-04-15,4,105,11,17.665,95.59,0,0,2019-04-15 11:00:00
2019-04-15,4,105,12,19.092,88.43,0,0,2019-04-15 12:00:00
2019-04-15,4,105,13,20.519,84.73,0,0,2019-04-15 13:00:00
2019-04-15,4,105,14,20.424,85.2,0,0,2019-04-15 14:00:00
2019-04-15,4,105,15,20.234,87.27,0,0,2019-04-15 15:00:00
2019-04-15,4,105,16,20.043,90.44,0,0,2019-04-15 16:00:00
2019-04-15,4,105,17,19.758,90.43,0,0,2019-04-15 17:00:00
2019-04-15,4,105,18,19.758,91.97,0,0,2019-04-15 18:00:00
2019-04-15,4,105,19,18.901,92.77,0,0,2019-04-15 19:00:00
2019-04-15,4,105,20,18.236,94.59,0,0,2019-04-15 20:00:00
2019-04-15,4,105,21,17.855,95.61,0,0,2019-04-15 21:00:00
2019-04-15,4,105,22,17.665,96.73,0,0,2019-04-15 22:00:00
2019-04-15,4,105,23,16.999,97.92,0,0,2019-04-15 23:00:00
2019-04-16,4,106,0,16.999,97.92,0,0,2019-04-16 00:00:00
2019-04-16,4,106,1,16.713,97.89,0,0,2019-04-16 01:00:00
2019-04-16,4,106,2,16.808,97.9,0,0,2019-04-16 02:00:00
2019-04-16,4,106,3,16.713,97.89,0,0,2019-04-16 03:00:00
2019-04-16,4,106,4,16.332,97.86,0,0,2019-04-16 04:00:00
2019-04-16,4,106,5,16.427,99.25,0,0,2019-04-16 05:00:00
2019-04-16,4,106,6,16.141,99.22,0,0,2019-04-16 06:00:00
2019-04-16,4,106,7,15.951,99.2,0,0,2019-04-16 07:00:00
2019-04-16,4,106,8,15.569,100.0,0,0,2019-04-16 08:00:00
2019-04-16,4,106,9,15.664,100.0,0,0,2019-04-16 09:00:00
2019-04-16,4,106,10,16.141,100.0,0,0,2019-04-16 10:00:00
2019-04-16,4,106,11,16.427,100.0,0,0,2019-04-16 11:00:00
2019-04-16,4,106,12,16.999,100.0,0,0,2019-04-16 12:00:00
2019-04-16,4,106,13,17.094,100.0,0,0,2019-04-16 13:00:00
2019-04-16,4,106,14,17.95,100.0,0,0,2019-04-16 14:00:00
2019-04-16,4,106,15,17.57,100.0,0,0,2019-04-16 15:00:00
2019-04-16,4,106,16,17.57,100.0,0,0,2019-04-16 16:00:00
2019-04-16,4,106,17,17.475,100.0,0,0,2019-04-16 17:00:00
2019-04-16,4,106,18,17.665,100.0,0,0,2019-04-16 18:00:00
2019-04-16,4,106,19,17.284,100.0,0,0,2019-04-16 19:00:00
2019-04-16,4,106,20,17.189,100.0,0,0,2019-04-16 20:00:00
2019-04-16,4,106,21,16.999,100.0,0,0,2019-04-16 21:00:00
2019-04-16,4,106,22,16.427,100.0,0,0,2019-04-16 22:00:00
2019-04-16,4,106,23,16.523,100.0,0,0,2019-04-16 23:00:00
2019-04-17,4,107,0,16.523,100.0,0,0,2019-04-17 00:00:00
2019-04-17,4,107,1,16.618,100.0,0,0,2019-04-17 01:00:00
2019-04-17,4,107,2,16.618,100.0,0,0,2019-04-17 02:00:00
2019-04-17,4,107,3,16.523,100.0,0,0,2019-04-17 03:00:00
2019-04-17,4,107,4,16.523,100.0,0,0,2019-04-17 04:00:00
2019-04-17,4,107,5,16.427,100.0,0,0,2019-04-17 05:00:00
2019-04-17,4,107,6,16.237,100.0,0,0,2019-04-17 06:00:00
2019-04-17,4,107,7,16.141,100.0,0,0,2019-04-17 07:00:00
2019-04-17,4,107,8,16.237,100.0,0,0,2019-04-17 08:00:00
2019-04-17,4,107,9,16.523,100.0,0,0,2019-04-17 09:00:00
2019-04-17,4,107,10,16.903,100.0,0,0,2019-04-17 10:00:00
2019-04-17,4,107,11,17.094,100.0,0,0,2019-04-17 11:00:00
2019-04-17,4,107,12,17.665,100.0,0,0,2019-04-17 12:00:00
2019-04-17,4,107,13,17.95,100.0,0,0,2019-04-17 13:00:00
2019-04-17,4,107,14,18.045,100.0,0,0,2019-04-17 14:00:00
2019-04-17,4,107,15,17.95,100.0,0,0,2019-04-17 15:00:00
2019-04-17,4,107,16,18.045,100.0,0,0,2019-04-17 16:00:00
2019-04-17,4,107,17,17.855,100.0,0,0,2019-04-17 17:00:00
2019-04-17,4,107,18,17.76,100.0,0,0,2019-04-17 18:00:00
2019-04-17,4,107,19,17.57,100.0,0,0,2019-04-17 19:00:00
2019-04-17,4,107,20,17.475,100.0,0,0,2019-04-17 20:00:00
2019-04-17,4,107,21,17.284,100.0,0,0,2019-04-17 21:00:00
2019-04-17,4,107,22,17.284,100.0,0,0,2019-04-17 22:00:00
2019-04-17,4,107,23,17.189,100.0,0,0,2019-04-17 23:00:00
2019-04-18,4,108,0,17.189,100.0,0,0,2019-04-18 00:00:00
2019-04-18,4,108,1,17.094,100.0,0,0,2019-04-18 01:00:00
2019-04-18,4,108,2,17.094,100.0,0,0,2019-04-18 02:00:00
2019-04-18,4,108,3,16.999,100.0,0,0,2019-04-18 03:00:00
2019-04-18,4,108,4,16.999,100.0,0,0,2019-04-18 04:00:00
2019-04-18,4,108,5,16.999,100.0,0,0,2019-04-18 05:00:00
2019-04-18,4,108,6,16.999,100.0,0,0,2019-04-18 06:00:00
2019-04-18,4,108,7,16.999,100.0,0,0,2019-04-18 07:00:00
2019-04-18,4,108,8,16.618,100.0,0,0,2019-04-18 08:00:00
2019-04-18,4,108,9,17.094,100.0,0,0,2019-04-18 09:00:00
2019-04-18,4,108,10,17.76,100.0,0,0,2019-04-18 10:00:00
2019-04-18,4,108,11,18.236,100.0,0,0,2019-04-18 11:00:00
2019-04-18,4,108,12,18.996,100.0,0,0,2019-04-18 12:00:00
2019-04-18,4,108,13,19.758,100.0,0,0,2019-04-18 13:00:00
2019-04-18,4,108,14,19.662,100.0,0,0,2019-04-18 14:00:00
2019-04-18,4,108,15,19.567,100.0,0,0,2019-04-18 15:00:00
2019-04-18,4,108,16,19.377,100.0,0,0,2019-04-18 16:00:00
2019-04-18,4,108,17,19.092,100.0,0,0,2019-04-18 17:00:00
2019-04-18,4,108,18,18.901,100.0,0,0,2019-04-18 18:00:00
2019-04-18,4,108,19,18.616,100.0,0,0,2019-04-18 19:00:00
2019-04-18,4,108,20,18.521,100.0,0,0,2019-04-18 20:00:00
2019-04-18,4,108,21,18.331,100.0,0,0,2019-04-18 21:00:00
2019-04-18,4,108,22,18.14,100.0,0,0,2019-04-18 22:00:00
2019-04-18,4,108,23,17.665,100.0,0,0,2019-04-18 23:00:00
2019-04-19,4,109,0,17.665,100.0,0,0,2019-04-19 00:00:00
2019-04-19,4,109,1,17.855,100.0,0,0,2019-04-19 01:00:00
2019-04-19,4,109,2,17.855,100.0,0,0,2019-04-19 02:00:00
2019-04-19,4,109,3,17.855,100.0,0,0,2019-04-19 03:00:00
2019-04-19,4,109,4,17.76,100.0,0,0,2019-04-19 04:00:00
2019-04-19,4,109,5,17.665,100.0,0,0,2019-04-19 05:00:00
2019-04-19,4,109,6,17.665,100.0,0,0,2019-04-19 06:00:00
2019-04-19,4,109,7,17.665,100.0,0,0,2019-04-19 07:00:00
2019-04-19,4,109,8,17.57,100.0,0,0,2019-04-19 08:00:00
2019-04-19,4,109,9,17.855,100.0,0,0,2019-04-19 09:00:00
2019-04-19,4,109,10,17.284,100.0,0,0,2019-04-19 10:00:00
2019-04-19,4,109,11,18.045,100.0,0,0,2019-04-19 11:00:00
2019-04-19,4,109,12,20.234,100.0,0,0,2019-04-19 12:00:00
2019-04-19,4,109,13,23.869,100.0,0,0,2019-04-19 13:00:00
2019-04-19,4,109,14,22.429,99.83,0,0,2019-04-19 14:00:00
2019-04-19,4,109,15,22.333,95.95,0,0,2019-04-19 15:00:00
2019-04-19,4,109,16,22.238,93.87,0,0,2019-04-19 16:00:00
2019-04-19,4,109,17,21.951,94.85,0,0,2019-04-19 17:00:00
2019-04-19,4,109,18,20.901,95.84,0,0,2019-04-19 18:00:00
2019-04-19,4,109,19,20.234,96.95,0,0,2019-04-19 19:00:00
2019-04-19,4,109,20,19.853,98.18,0,0,2019-04-19 20:00:00
2019-04-19,4,109,21,19.662,99.56,0,0,2019-04-19 21:00:00
2019-04-19,4,109,22,19.662,99.56,0,0,2019-04-19 22:00:00
2019-04-19,4,109,23,19.567,100.0,0,0,2019-04-19 23:00:00
2019-04-20,4,110,0,19.472,100.0,0,0,2019-04-20 00:00:00
2019-04-20,4,110,1,19.472,100.0,0,0,2019-04-20 01:00:00
2019-04-20,4,110,2,19.282,100.0,0,0,2019-04-20 02:00:00
2019-04-20,4,110,3,19.092,100.0,0,0,2019-04-20 03:00:00
2019-04-20,4,110,4,19.092,100.0,0,0,2019-04-20 04:00:00
2019-04-20,4,110,5,19.092,100.0,0,0,2019-04-20 05:00:00
2019-04-20,4,110,6,18.996,100.0,0,0,2019-04-20 06:00:00
2019-04-20,4,110,7,18.521,100.0,0,0,2019-04-20 07:00:00
2019-04-20,4,110,8,18.616,100.0,0,0,2019-04-20 08:00:00
2019-04-20,4,110,9,18.616,100.0,0,0,2019-04-20 09:00:00
2019-04-20,4,110,10,19.092,100.0,0,0,2019-04-20 10:00:00
2019-04-20,4,110,11,19.758,100.0,0,0,2019-04-20 11:00:00
2019-04-20,4,110,12,20.519,100.0,0,0,2019-04-20 12:00:00
2019-04-20,4,110,13,21.378,99.73,0,0,2019-04-20 13:00:00
2019-04-20,4,110,14,21.282,95.87,0,0,2019-04-20 14:00:00
2019-04-20,4,110,15,20.519,94.75,0,0,2019-04-20 15:00:00
2019-04-20,4,110,16,20.519,95.81,0,0,2019-04-20 16:00:00
2019-04-20,4,110,17,19.758,96.91,0,0,2019-04-20 17:00:00
2019-04-20,4,110,18,19.567,98.16,0,0,2019-04-20 18:00:00
2019-04-20,4,110,19,19.377,98.14,0,0,2019-04-20 19:00:00
2019-04-20,4,110,20,18.806,99.48,0,0,2019-04-20 20:00:00
2019-04-20,4,110,21,18.331,99.43,0,0,2019-04-20 21:00:00
2019-04-20,4,110,22,18.14,99.42,1,0,2019-04-20 22:00:00
2019-04-20,4,110,23,18.045,100.0,0,0,2019-04-20 23:00:00
2019-04-21,4,111,0,17.665,100.0,0,0,2019-04-21 00:00:00
2019-04-21,4,111,1,17.475,100.0,0,0,2019-04-21 01:00:00
2019-04-21,4,111,2,17.57,100.0,0,0,2019-04-21 02:00:00
2019-04-21,4,111,3,17.57,100.0,0,0,2019-04-21 03:00:00
2019-04-21,4,111,4,17.379,100.0,0,0,2019-04-21 04:00:00
2019-04-21,4,111,5,17.379,100.0,0,0,2019-04-21 05:00:00
2019-04-21,4,111,6,17.475,100.0,0,0,2019-04-21 06:00:00
2019-04-21,4,111,7,17.379,100.0,0,0,2019-04-21 07:00:00
2019-04-21,4,111,8,17.284,100.0,0,0,2019-04-21 08:00:00
2019-04-21,4,111,9,17.284,100.0,0,0,2019-04-21 09:00:00
2019-04-21,4,111,10,17.855,100.0,0,0,2019-04-21 10:00:00
2019-04-21,4,111,11,18.045,100.0,0,0,2019-04-21 11:00:00
2019-04-21,4,111,12,18.711,100.0,0,0,2019-04-21 12:00:00
2019-04-21,4,111,13,18.711,100.0,0,0,2019-04-21 13:00:00
2019-04-21,4,111,14,19.282,100.0,0,0,2019-04-21 14:00:00
2019-04-21,4,111,15,18.806,100.0,0,0,2019-04-21 15:00:00
2019-04-21,4,111,16,18.14,99.42,0,0,2019-04-21 16:00:00
2019-04-21,4,111,17,18.236,99.43,0,0,2019-04-21 17:00:00
2019-04-21,4,111,18,18.045,99.41,0,0,2019-04-21 18:00:00
2019-04-21,4,111,19,17.57,100.0,0,0,2019-04-21 19:00:00
2019-04-21,4,111,20,17.475,100.0,0,0,2019-04-21 20:00:00
2019-04-21,4,111,21,17.379,100.0,0,0,2019-04-21 21:00:00
2019-04-21,4,111,22,17.284,100.0,0,0,2019-04-21 22:00:00
2019-04-21,4,111,23,17.094,100.0,0,0,2019-04-21 23:00:00
2019-04-22,4,112,0,17.189,100.0,0,0,2019-04-22 00:00:00
2019-04-22,4,112,1,16.999,100.0,0,0,2019-04-22 01:00:00
2019-04-22,4,112,2,16.999,100.0,0,0,2019-04-22 02:00:00
2019-04-22,4,112,3,16.999,100.0,0,0,2019-04-22 03:00:00
2019-04-22,4,112,4,16.903,100.0,0,0,2019-04-22 04:00:00
2019-04-22,4,112,5,16.999,100.0,0,0,2019-04-22 05:00:00
2019-04-22,4,112,6,16.903,100.0,0,0,2019-04-22 06:00:00
2019-04-22,4,112,7,16.713,100.0,0,0,2019-04-22 07:00:00
2019-04-22,4,112,8,16.523,100.0,0,0,2019-04-22 08:00:00
2019-04-22,4,112,9,16.618,100.0,0,0,2019-04-22 09:00:00
2019-04-22,4,112,10,16.999,100.0,0,0,2019-04-22 10:00:00
2019-04-22,4,112,11,17.57,100.0,0,0,2019-04-22 11:00:00
2019-04-22,4,112,12,17.57,100.0,0,0,2019-04-22 12:00:00
2019-04-22,4,112,13,17.57,100.0,0,0,2019-04-22 13:00:00
2019-04-22,4,112,14,17.665,100.0,0,0,2019-04-22 14:00:00
2019-04-22,4,112,15,17.665,100.0,0,0,2019-04-22 15:00:00
2019-04-22,4,112,16,17.57,100.0,0,0,2019-04-22 16:00:00
2019-04-22,4,112,17,17.379,100.0,0,0,2019-04-22 17:00:00
2019-04-22,4,112,18,16.713,100.0,0,0,2019-04-22 18:00:00
2019-04-22,4,112,19,16.427,100.0,0,0,2019-04-22 19:00:00
2019-04-22,4,112,20,16.141,100.0,0,0,2019-04-22 20:00:00
2019-04-22,4,112,21,16.046,100.0,0,0,2019-04-22 21:00:00
2019-04-22,4,112,22,15.76,100.0,0,0,2019-04-22 22:00:00
2019-04-22,4,112,23,15.664,100.0,0,0,2019-04-22 23:00:00
2019-04-23,4,113,0,15.187,100.0,0,0,2019-04-23 00:00:00
2019-04-23,4,113,1,14.804,100.0,0,0,2019-04-23 01:00:00
2019-04-23,4,113,2,14.613,100.0,0,0,2019-04-23 02:00:00
2019-04-23,4,113,3,14.23,100.0,0,0,2019-04-23 03:00:00
2019-04-23,4,113,4,14.134,100.0,0,0,2019-04-23 04:00:00
2019-04-23,4,113,5,13.846,100.0,0,0,2019-04-23 05:00:00
2019-04-23,4,113,6,13.558,100.0,0,0,2019-04-23 06:00:00
2019-04-23,4,113,7,13.365,100.0,0,0,2019-04-23 07:00:00
2019-04-23,4,113,8,13.365,100.0,0,0,2019-04-23 08:00:00
2019-04-23,4,113,9,13.75,100.0,0,0,2019-04-23 09:00:00
2019-04-23,4,113,10,14.23,100.0,0,0,2019-04-23 10:00:00
2019-04-23,4,113,11,14.9,100.0,0,0,2019-04-23 11:00:00
2019-04-23,4,113,12,15.091,100.0,0,0,2019-04-23 12:00:00
2019-04-23,4,113,13,15.187,100.0,0,0,2019-04-23 13:00:00
2019-04-23,4,113,14,15.187,100.0,0,0,2019-04-23 14:00:00
2019-04-23,4,113,15,15.091,100.0,0,0,2019-04-23 15:00:00
2019-04-23,4,113,16,15.187,100.0,0,0,2019-04-23 16:00:00
2019-04-23,4,113,17,14.613,100.0,0,0,2019-04-23 17:00:00
2019-04-23,4,113,18,14.325,100.0,0,0,2019-04-23 18:00:00
2019-04-23,4,113,19,14.325,100.0,0,0,2019-04-23 19:00:00
2019-04-23,4,113,20,14.134,100.0,0,0,2019-04-23 20:00:00
2019-04-23,4,113,21,13.654,100.0,0,0,2019-04-23 21:00:00
2019-04-23,4,113,22,13.654,100.0,0,0,2019-04-23 22:00:00
2019-04-23,4,113,23,13.269,100.0,0,0,2019-04-23 23:00:00
2019-04-24,4,114,0,13.173,100.0,0,0,2019-04-24 00:00:00
2019-04-24,4,114,1,12.98,100.0,0,0,2019-04-24 01:00:00
2019-04-24,4,114,2,12.787,100.0,0,0,2019-04-24 02:00:00
2019-04-24,4,114,3,12.69,100.0,0,0,2019-04-24 03:00:00
2019-04-24,4,114,4,12.69,100.0,0,0,2019-04-24 04:00:00
2019-04-24,4,114,5,12.98,100.0,0,0,2019-04-24 05:00:00
2019-04-24,4,114,6,12.883,100.0,0,0,2019-04-24 06:00:00
2019-04-24,4,114,7,12.98,100.0,0,0,2019-04-24 07:00:00
2019-04-24,4,114,8,13.076,100.0,0,0,2019-04-24 08:00:00
2019-04-24,4,114,9,13.654,100.0,0,0,2019-04-24 09:00:00
2019-04-24,4,114,10,14.038,100.0,0,0,2019-04-24 10:00:00
2019-04-24,4,114,11,14.038,100.0,0,0,2019-04-24 11:00:00
2019-04-24,4,114,12,14.613,100.0,0,0,2019-04-24 12:00:00
2019-04-24,4,114,13,15.282,100.0,0,0,2019-04-24 13:00:00
2019-04-24,4,114,14,15.664,100.0,0,0,2019-04-24 14:00:00
2019-04-24,4,114,15,15.569,100.0,0,0,2019-04-24 15:00:00
2019-04-24,4,114,16,15.378,100.0,0,0,2019-04-24 16:00:00
2019-04-24,4,114,17,15.187,100.0,0,0,2019-04-24 17:00:00
2019-04-24,4,114,18,14.804,100.0,0,0,2019-04-24 18:00:00
2019-04-24,4,114,19,14.23,100.0,0,0,2019-04-24 19:00:00
2019-04-24,4,114,20,13.846,100.0,0,0,2019-04-24 20:00:00
2019-04-24,4,114,21,13.365,100.0,0,0,2019-04-24 21:00:00
2019-04-24,4,114,22,12.883,100.0,0,0,2019-04-24 22:00:00
2019-04-24,4,114,23,12.497,100.0,0,0,2019-04-24 23:00:00
2019-04-25,4,115,0,12.497,100.0,0,0,2019-04-25 00:00:00
2019-04-25,4,115,1,12.401,100.0,0,0,2019-04-25 01:00:00
2019-04-25,4,115,2,12.497,100.0,0,0,2019-04-25 02:00:00
2019-04-25,4,115,3,12.207,100.0,0,0,2019-04-25 03:00:00
2019-04-25,4,115,4,12.207,100.0,0,0,2019-04-25 04:00:00
2019-04-25,4,115,5,12.304,100.0,0,0,2019-04-25 05:00:00
2019-04-25,4,115,6,12.207,100.0,0,0,2019-04-25 06:00:00
2019-04-25,4,115,7,12.11,100.0,0,0,2019-04-25 07:00:00
2019-04-25,4,115,8,12.013,100.0,0,0,2019-04-25 08:00:00
2019-04-25,4,115,9,12.594,100.0,0,0,2019-04-25 09:00:00
2019-04-25,4,115,10,12.69,100.0,0,0,2019-04-25 10:00:00
2019-04-25,4,115,11,13.654,100.0,0,0,2019-04-25 11:00:00
2019-04-25,4,115,12,13.846,100.0,0,0,2019-04-25 12:00:00
2019-04-25,4,115,13,14.038,100.0,0,0,2019-04-25 13:00:00
2019-04-25,4,115,14,14.325,100.0,0,0,2019-04-25 14:00:00
2019-04-25,4,115,15,14.23,100.0,0,0,2019-04-25 15:00:00
2019-04-25,4,115,16,13.558,100.0,0,0,2019-04-25 16:00:00
2019-04-25,4,115,17,13.365,100.0,0,0,2019-04-25 17:00:00
2019-04-25,4,115,18,13.365,100.0,0,0,2019-04-25 18:00:00
2019-04-25,4,115,19,12.98,100.0,0,0,2019-04-25 19:00:00
2019-04-25,4,115,20,12.69,100.0,0,0,2019-04-25 20:00:00
2019-04-25,4,115,21,12.69,100.0,0,0,2019-04-25 21:00:00
2019-04-25,4,115,22,12.69,100.0,0,0,2019-04-25 22:00:00
2019-04-25,4,115,23,12.594,100.0,0,0,2019-04-25 23:00:00
2019-04-26,4,116,0,12.787,100.0,0,0,2019-04-26 00:00:00
2019-04-26,4,116,1,12.787,100.0,0,0,2019-04-26 01:00:00
2019-04-26,4,116,2,12.787,100.0,0,0,2019-04-26 02:00:00
2019-04-26,4,116,3,12.787,100.0,0,0,2019-04-26 03:00:00
2019-04-26,4,116,4,12.883,100.0,0,0,2019-04-26 04:00:00
2019-04-26,4,116,5,12.883,100.0,0,0,2019-04-26 05:00:00
2019-04-26,4,116,6,12.98,100.0,0,0,2019-04-26 06:00:00
2019-04-26,4,116,7,12.787,100.0,0,0,2019-04-26 07:00:00
2019-04-26,4,116,8,12.883,100.0,0,0,2019-04-26 08:00:00
2019-04-26,4,116,9,13.076,100.0,0,0,2019-04-26 09:00:00
2019-04-26,4,116,10,13.269,100.0,0,0,2019-04-26 10:00:00
2019-04-26,4,116,11,13.365,100.0,0,0,2019-04-26 11:00:00
2019-04-26,4,116,12,13.75,100.0,0,0,2019-04-26 12:00:00
2019-04-26,4,116,13,14.325,100.0,0,0,2019-04-26 13:00:00
2019-04-26,4,116,14,14.709,100.0,0,0,2019-04-26 14:00:00
2019-04-26,4,116,15,14.325,100.0,0,0,2019-04-26 15:00:00
2019-04-26,4,116,16,14.613,100.0,0,0,2019-04-26 16:00:00
2019-04-26,4,116,17,14.134,100.0,0,0,2019-04-26 17:00:00
2019-04-26,4,116,18,13.75,100.0,0,0,2019-04-26 18:00:00
2019-04-26,4,116,19,12.98,100.0,0,0,2019-04-26 19:00:00
2019-04-26,4,116,20,12.787,100.0,0,0,2019-04-26 20:00:00
2019-04-26,4,116,21,12.69,100.0,0,0,2019-04-26 21:00:00
2019-04-26,4,116,22,12.787,100.0,0,0,2019-04-26 22:00:00
2019-04-26,4,116,23,12.883,100.0,0,0,2019-04-26 23:00:00
2019-04-27,4,117,0,12.883,100.0,0,0,2019-04-27 00:00:00
2019-04-27,4,117,1,12.883,100.0,0,0,2019-04-27 01:00:00
2019-04-27,4,117,2,12.98,100.0,0,0,2019-04-27 02:00:00
2019-04-27,4,117,3,12.787,100.0,0,0,2019-04-27 03:00:00
2019-04-27,4,117,4,12.594,100.0,0,0,2019-04-27 04:00:00
2019-04-27,4,117,5,12.207,100.0,0,0,2019-04-27 05:00:00
2019-04-27,4,117,6,12.013,100.0,0,0,2019-04-27 06:00:00
2019-04-27,4,117,7,11.722,100.0,0,0,2019-04-27 07:00:00
2019-04-27,4,117,8,11.431,100.0,0,0,2019-04-27 08:00:00
2019-04-27,4,117,9,11.528,100.0,0,0,2019-04-27 09:00:00
2019-04-27,4,117,10,12.11,100.0,0,0,2019-04-27 10:00:00
2019-04-27,4,117,11,13.269,100.0,0,0,2019-04-27 11:00:00
2019-04-27,4,117,12,14.613,100.0,0,0,2019-04-27 12:00:00
2019-04-27,4,117,13,15.569,100.0,0,0,2019-04-27 13:00:00
2019-04-27,4,117,14,16.427,100.0,0,0,2019-04-27 14:00:00
2019-04-27,4,117,15,16.618,100.0,0,0,2019-04-27 15:00:00
2019-04-27,4,117,16,16.523,99.26,0,0,2019-04-27 16:00:00
2019-04-27,4,117,17,16.141,99.22,0,0,2019-04-27 17:00:00
2019-04-27,4,117,18,15.664,99.17,0,0,2019-04-27 18:00:00
2019-04-27,4,117,19,14.804,99.09,0,0,2019-04-27 19:00:00
2019-04-27,4,117,20,13.846,100.0,0,0,2019-04-27 20:00:00
2019-04-27,4,117,21,13.942,100.0,0,0,2019-04-27 21:00:00
2019-04-27,4,117,22,13.942,100.0,0,0,2019-04-27 22:00:00
2019-04-27,4,117,23,13.461,100.0,0,0,2019-04-27 23:00:00
2019-04-28,4,118,0,12.883,100.0,0,0,2019-04-28 00:00:00
2019-04-28,4,118,1,12.883,100.0,0,0,2019-04-28 01:00:00
2019-04-28,4,118,2,12.013,100.0,0,0,2019-04-28 02:00:00
2019-04-28,4,118,3,10.846,100.0,0,0,2019-04-28 03:00:00
2019-04-28,4,118,4,10.161,100.0,0,0,2019-04-28 04:00:00
2019-04-28,4,118,5,9.866,100.0,0,0,2019-04-28 05:00:00
2019-04-28,4,118,6,9.669,100.0,0,0,2019-04-28 06:00:00
2019-04-28,4,118,7,9.669,100.0,0,0,2019-04-28 07:00:00
2019-04-28,4,118,8,9.866,100.0,0,0,2019-04-28 08:00:00
2019-04-28,4,118,9,10.161,100.0,0,0,2019-04-28 09:00:00
2019-04-28,4,118,10,10.553,100.0,0,0,2019-04-28 10:00:00
2019-04-28,4,118,11,12.401,100.0,0,0,2019-04-28 11:00:00
2019-04-28,4,118,12,14.996,99.1,0,0,2019-04-28 12:00:00
2019-04-28,4,118,13,19.377,94.67,0,0,2019-04-28 13:00:00
2019-04-28,4,118,14,19.567,87.27,0,0,2019-04-28 14:00:00
2019-04-28,4,118,15,18.331,87.82,0,0,2019-04-28 15:00:00
2019-04-28,4,118,16,18.045,86.21,0,0,2019-04-28 16:00:00
2019-04-28,4,118,17,19.472,81.22,0,0,2019-04-28 17:00:00
2019-04-28,4,118,18,17.57,87.82,0,0,2019-04-28 18:00:00
2019-04-28,4,118,19,16.046,91.79,0,0,2019-04-28 19:00:00
2019-04-28,4,118,20,15.664,94.41,0,0,2019-04-28 20:00:00
2019-04-28,4,118,21,15.569,96.55,0,0,2019-04-28 21:00:00
2019-04-28,4,118,22,15.473,97.78,0,0,2019-04-28 22:00:00
2019-04-28,4,118,23,15.378,97.77,0,0,2019-04-28 23:00:00
2019-04-29,4,119,0,14.996,97.73,0,0,2019-04-29 00:00:00
2019-04-29,4,119,1,14.613,97.7,0,0,2019-04-29 01:00:00
2019-04-29,4,119,2,13.942,97.64,0,0,2019-04-29 02:00:00
2019-04-29,4,119,3,13.461,98.95,0,0,2019-04-29 03:00:00
2019-04-29,4,119,4,12.883,98.89,0,0,2019-04-29 04:00:00
2019-04-29,4,119,5,13.269,98.93,0,0,2019-04-29 05:00:00
2019-04-29,4,119,6,13.269,98.93,0,0,2019-04-29 06:00:00
2019-04-29,4,119,7,12.883,98.89,0,0,2019-04-29 07:00:00
2019-04-29,4,119,8,12.883,98.89,0,0,2019-04-29 08:00:00
2019-04-29,4,119,9,13.076,98.91,0,0,2019-04-29 09:00:00
2019-04-29,4,119,10,13.558,98.96,0,0,2019-04-29 10:00:00
2019-04-29,4,119,11,14.325,99.04,0,0,2019-04-29 11:00:00
2019-04-29,4,119,12,16.046,97.83,0,0,2019-04-29 12:00:00
2019-04-29,4,119,13,20.043,94.72,0,0,2019-04-29 13:00:00
2019-04-29,4,119,14,19.662,86.2,0,0,2019-04-29 14:00:00
2019-04-29,4,119,15,19.092,85.7,0,0,2019-04-29 15:00:00
2019-04-29,4,119,16,18.616,84.77,0,0,2019-04-29 16:00:00
2019-04-29,4,119,17,17.379,86.21,0,0,2019-04-29 17:00:00
2019-04-29,4,119,18,16.237,91.03,0,0,2019-04-29 18:00:00
2019-04-29,4,119,19,15.76,93.47,0,0,2019-04-29 19:00:00
2019-04-29,4,119,20,15.569,95.43,1,0,2019-04-29 20:00:00
2019-04-29,4,119,21,15.473,97.78,0,0,2019-04-29 21:00:00
2019-04-29,4,119,22,15.473,97.78,2,0,2019-04-29 22:00:00
2019-04-29,4,119,23,15.473,97.78,0,0,2019-04-29 23:00:00
2019-04-30,4,120,0,15.473,99.15,0,0,2019-04-30 00:00:00
2019-04-30,4,120,1,15.282,99.13,0,0,2019-04-30 01:00:00
2019-04-30,4,120,2,15.282,99.13,0,0,2019-04-30 02:00:00
2019-04-30,4,120,3,15.187,99.12,0,0,2019-04-30 03:00:00
2019-04-30,4,120,4,15.187,100.0,0,0,2019-04-30 04:00:00
2019-04-30,4,120,5,15.187,100.0,0,0,2019-04-30 05:00:00
2019-04-30,4,120,6,15.091,100.0,0,0,2019-04-30 06:00:00
2019-04-30,4,120,7,15.091,100.0,0,0,2019-04-30 07:00:00
2019-04-30,4,120,8,14.9,100.0,0,0,2019-04-30 08:00:00
2019-04-30,4,120,9,15.091,100.0,0,0,2019-04-30 09:00:00
2019-04-30,4,120,10,15.187,100.0,0,0,2019-04-30 10:00:00
2019-04-30,4,120,11,15.569,100.0,0,0,2019-04-30 11:00:00
2019-04-30,4,120,12,15.951,100.0,0,0,2019-04-30 12:00:00
2019-04-30,4,120,13,16.046,100.0,0,0,2019-04-30 13:00:00
2019-04-30,4,120,14,15.855,100.0,0,0,2019-04-30 14:00:00
2019-04-30,4,120,15,15.855,100.0,0,0,2019-04-30 15:00:00
2019-04-30,4,120,16,16.046,100.0,0,0,2019-04-30 16:00:00
2019-04-30,4,120,17,16.141,100.0,0,0,2019-04-30 17:00:00
2019-04-30,4,120,18,15.282,100.0,0,0,2019-04-30 18:00:00
2019-04-30,4,120,19,14.709,100.0,0,0,2019-04-30 19:00:00
2019-04-30,4,120,20,14.038,100.0,0,0,2019-04-30 20:00:00
2019-04-30,4,120,21,13.942,100.0,0,0,2019-04-30 21:00:00
2019-04-30,4,120,22,13.942,100.0,0,0,2019-04-30 22:00:00
2019-04-30,4,120,23,14.038,100.0,0,0,2019-04-30 23:00:00
2019-05-01,5,121,0,13.942,100.0,0,0,2019-05-01 00:00:00
2019-05-01,5,121,1,14.038,100.0,0,0,2019-05-01 01:00:00
2019-05-01,5,121,2,13.942,100.0,0,0,2019-05-01 02:00:00
2019-05-01,5,121,3,13.654,100.0,0,0,2019-05-01 03:00:00
2019-05-01,5,121,4,13.461,100.0,0,0,2019-05-01 04:00:00
2019-05-01,5,121,5,13.173,100.0,0,0,2019-05-01 05:00:00
2019-05-01,5,121,6,13.173,100.0,0,0,2019-05-01 06:00:00
2019-05-01,5,121,7,13.076,100.0,0,0,2019-05-01 07:00:00
2019-05-01,5,121,8,12.98,100.0,0,0,2019-05-01 08:00:00
2019-05-01,5,121,9,13.076,100.0,0,0,2019-05-01 09:00:00
2019-05-01,5,121,10,13.365,100.0,0,0,2019-05-01 10:00:00
2019-05-01,5,121,11,13.75,100.0,0,0,2019-05-01 11:00:00
2019-05-01,5,121,12,14.038,100.0,0,0,2019-05-01 12:00:00
2019-05-01,5,121,13,14.613,100.0,0,0,2019-05-01 13:00:00
2019-05-01,5,121,14,15.091,100.0,0,0,2019-05-01 14:00:00
2019-05-01,5,121,15,15.855,100.0,0,0,2019-05-01 15:00:00
2019-05-01,5,121,16,15.76,100.0,0,0,2019-05-01 16:00:00
2019-05-01,5,121,17,15.569,100.0,0,0,2019-05-01 17:00:00
2019-05-01,5,121,18,14.9,100.0,0,0,2019-05-01 18:00:00
2019-05-01,5,121,19,14.517,100.0,0,0,2019-05-01 19:00:00
2019-05-01,5,121,20,14.517,100.0,0,0,2019-05-01 20:00:00
2019-05-01,5,121,21,14.23,100.0,0,0,2019-05-01 21:00:00
2019-05-01,5,121,22,13.75,100.0,0,0,2019-05-01 22:00:00
2019-05-01,5,121,23,13.654,100.0,0,0,2019-05-01 23:00:00
2019-05-02,5,122,0,12.98,100.0,0,0,2019-05-02 00:00:00
2019-05-02,5,122,1,12.69,100.0,0,0,2019-05-02 01:00:00
2019-05-02,5,122,2,12.207,100.0,0,0,2019-05-02 02:00:00
2019-05-02,5,122,3,12.497,100.0,0,0,2019-05-02 03:00:00
2019-05-02,5,122,4,12.69,100.0,0,0,2019-05-02 04:00:00
2019-05-02,5,122,5,12.497,100.0,0,0,2019-05-02 05:00:00
2019-05-02,5,122,6,12.207,100.0,0,0,2019-05-02 06:00:00
2019-05-02,5,122,7,11.625,100.0,0,0,2019-05-02 07:00:00
2019-05-02,5,122,8,11.139,100.0,0,0,2019-05-02 08:00:00
2019-05-02,5,122,9,11.528,100.0,0,0,2019-05-02 09:00:00
2019-05-02,5,122,10,12.401,100.0,0,0,2019-05-02 10:00:00
2019-05-02,5,122,11,13.75,100.0,0,0,2019-05-02 11:00:00
2019-05-02,5,122,12,15.378,100.0,0,0,2019-05-02 12:00:00
2019-05-02,5,122,13,18.045,100.0,0,0,2019-05-02 13:00:00
2019-05-02,5,122,14,18.236,100.0,0,0,2019-05-02 14:00:00
2019-05-02,5,122,15,17.094,99.31,0,0,2019-05-02 15:00:00
2019-05-02,5,122,16,17.855,99.39,0,0,2019-05-02 16:00:00
2019-05-02,5,122,17,17.284,97.95,0,0,2019-05-02 17:00:00
2019-05-02,5,122,18,16.618,97.89,0,0,2019-05-02 18:00:00
2019-05-02,5,122,19,15.855,99.19,0,0,2019-05-02 19:00:00
2019-05-02,5,122,20,15.569,99.16,0,0,2019-05-02 20:00:00
2019-05-02,5,122,21,15.664,100.0,0,0,2019-05-02 21:00:00
2019-05-02,5,122,22,15.569,100.0,0,0,2019-05-02 22:00:00
2019-05-02,5,122,23,15.473,100.0,0,0,2019-05-02 23:00:00
2019-05-03,5,123,0,14.996,100.0,0,0,2019-05-03 00:00:00
2019-05-03,5,123,1,14.804,100.0,0,0,2019-05-03 01:00:00
2019-05-03,5,123,2,14.421,100.0,0,0,2019-05-03 02:00:00
2019-05-03,5,123,3,13.558,100.0,0,0,2019-05-03 03:00:00
2019-05-03,5,123,4,12.69,100.0,0,0,2019-05-03 04:00:00
2019-05-03,5,123,5,11.916,100.0,0,0,2019-05-03 05:00:00
2019-05-03,5,123,6,11.528,100.0,0,0,2019-05-03 06:00:00
2019-05-03,5,123,7,11.334,100.0,0,0,2019-05-03 07:00:00
2019-05-03,5,123,8,11.334,100.0,0,0,2019-05-03 08:00:00
2019-05-03,5,123,9,11.334,100.0,0,0,2019-05-03 09:00:00
2019-05-03,5,123,10,11.722,100.0,0,0,2019-05-03 10:00:00
2019-05-03,5,123,11,13.942,100.0,0,0,2019-05-03 11:00:00
2019-05-03,5,123,12,16.427,99.25,0,0,2019-05-03 12:00:00
2019-05-03,5,123,13,20.329,95.8,0,0,2019-05-03 13:00:00
2019-05-03,5,123,14,21.282,89.1,0,0,2019-05-03 14:00:00
2019-05-03,5,123,15,22.429,77.43,1,0,2019-05-03 15:00:00
2019-05-03,5,123,16,21.091,81.49,0,0,2019-05-03 16:00:00
2019-05-03,5,123,17,21.378,82.21,0,0,2019-05-03 17:00:00
2019-05-03,5,123,18,19.377,87.27,0,0,2019-05-03 18:00:00
2019-05-03,5,123,19,17.855,91.88,0,0,2019-05-03 19:00:00
2019-05-03,5,123,20,17.284,93.57,0,0,2019-05-03 20:00:00
2019-05-03,5,123,21,16.903,95.53,0,0,2019-05-03 21:00:00
2019-05-03,5,123,22,16.618,96.64,0,0,2019-05-03 22:00:00
2019-05-03,5,123,23,16.618,97.89,0,0,2019-05-03 23:00:00
2019-05-04,5,124,0,16.427,97.87,0,0,2019-05-04 00:00:00
2019-05-04,5,124,1,16.332,97.86,0,0,2019-05-04 01:00:00
2019-05-04,5,124,2,16.237,99.23,0,0,2019-05-04 02:00:00
2019-05-04,5,124,3,16.046,99.21,0,0,2019-05-04 03:00:00
2019-05-04,5,124,4,15.569,99.16,0,0,2019-05-04 04:00:00
2019-05-04,5,124,5,15.091,99.11,0,0,2019-05-04 05:00:00
2019-05-04,5,124,6,13.846,97.63,0,0,2019-05-04 06:00:00
2019-05-04,5,124,7,13.076,97.55,0,0,2019-05-04 07:00:00
2019-05-04,5,124,8,12.787,97.53,0,0,2019-05-04 08:00:00
2019-05-04,5,124,9,12.787,98.88,0,0,2019-05-04 09:00:00
2019-05-04,5,124,10,13.269,98.93,0,0,2019-05-04 10:00:00
2019-05-04,5,124,11,14.613,99.07,0,0,2019-05-04 11:00:00
2019-05-04,5,124,12,16.618,99.27,0,0,2019-05-04 12:00:00
2019-05-04,5,124,13,19.377,95.72,0,0,2019-05-04 13:00:00
2019-05-04,5,124,14,18.711,90.4,0,0,2019-05-04 14:00:00
2019-05-04,5,124,15,18.236,89.04,0,0,2019-05-04 15:00:00
2019-05-04,5,124,16,17.855,91.88,0,0,2019-05-04 16:00:00
2019-05-04,5,124,17,17.284,93.57,0,0,2019-05-04 17:00:00
2019-05-04,5,124,18,16.903,95.53,0,0,2019-05-04 18:00:00
2019-05-04,5,124,19,16.713,96.65,0,0,2019-05-04 19:00:00
2019-05-04,5,124,20,16.523,97.88,0,0,2019-05-04 20:00:00
2019-05-04,5,124,21,16.523,97.88,0,0,2019-05-04 21:00:00
2019-05-04,5,124,22,16.523,99.26,0,0,2019-05-04 22:00:00
2019-05-04,5,124,23,16.427,99.25,0,0,2019-05-04 23:00:00
2019-05-05,5,125,0,16.427,99.25,0,0,2019-05-05 00:00:00
2019-05-05,5,125,1,16.427,99.25,0,0,2019-05-05 01:00:00
2019-05-05,5,125,2,16.237,99.23,0,0,2019-05-05 02:00:00
2019-05-05,5,125,3,16.237,99.23,0,0,2019-05-05 03:00:00
2019-05-05,5,125,4,16.237,99.23,0,0,2019-05-05 04:00:00
2019-05-05,5,125,5,16.237,100.0,0,0,2019-05-05 05:00:00
2019-05-05,5,125,6,16.141,100.0,0,0,2019-05-05 06:00:00
2019-05-05,5,125,7,16.141,100.0,0,0,2019-05-05 07:00:00
2019-05-05,5,125,8,15.855,100.0,0,0,2019-05-05 08:00:00
2019-05-05,5,125,9,16.237,100.0,0,0,2019-05-05 09:00:00
2019-05-05,5,125,10,16.903,100.0,0,0,2019-05-05 10:00:00
2019-05-05,5,125,11,17.57,99.36,0,0,2019-05-05 11:00:00
2019-05-05,5,125,12,18.616,99.46,0,0,2019-05-05 12:00:00
2019-05-05,5,125,13,19.662,96.9,0,0,2019-05-05 13:00:00
2019-05-05,5,125,14,19.092,91.94,0,0,2019-05-05 14:00:00
2019-05-05,5,125,15,18.901,92.77,0,0,2019-05-05 15:00:00
2019-05-05,5,125,16,19.472,91.96,0,0,2019-05-05 16:00:00
2019-05-05,5,125,17,20.805,89.09,0,0,2019-05-05 17:00:00
2019-05-05,5,125,18,19.377,90.42,0,0,2019-05-05 18:00:00
2019-05-05,5,125,19,18.045,93.61,0,0,2019-05-05 19:00:00
2019-05-05,5,125,20,17.76,95.6,0,0,2019-05-05 20:00:00
2019-05-05,5,125,21,17.665,96.73,0,0,2019-05-05 21:00:00
2019-05-05,5,125,22,17.094,96.68,0,0,2019-05-05 22:00:00
2019-05-05,5,125,23,16.618,97.89,0,0,2019-05-05 23:00:00
2019-05-06,5,126,0,16.332,97.86,0,0,2019-05-06 00:00:00
2019-05-06,5,126,1,16.141,97.84,0,0,2019-05-06 01:00:00
2019-05-06,5,126,2,16.332,99.24,0,0,2019-05-06 02:00:00
2019-05-06,5,126,3,16.046,99.21,0,0,2019-05-06 03:00:00
2019-05-06,5,126,4,16.427,99.25,0,0,2019-05-06 04:00:00
2019-05-06,5,126,5,16.332,99.24,0,0,2019-05-06 05:00:00
2019-05-06,5,126,6,16.046,99.21,0,0,2019-05-06 06:00:00
2019-05-06,5,126,7,16.141,99.22,0,0,2019-05-06 07:00:00
2019-05-06,5,126,8,16.046,99.21,0,0,2019-05-06 08:00:00
2019-05-06,5,126,9,16.332,99.24,0,0,2019-05-06 09:00:00
2019-05-06,5,126,10,16.903,99.29,0,0,2019-05-06 10:00:00
2019-05-06,5,126,11,17.379,99.34,0,0,2019-05-06 11:00:00
2019-05-06,5,126,12,18.045,98.02,0,0,2019-05-06 12:00:00
2019-05-06,5,126,13,18.996,93.67,0,0,2019-05-06 13:00:00
2019-05-06,5,126,14,18.521,89.04,0,0,2019-05-06 14:00:00
2019-05-06,5,126,15,18.426,86.72,0,0,2019-05-06 15:00:00
2019-05-06,5,126,16,18.236,89.04,0,0,2019-05-06 16:00:00
2019-05-06,5,126,17,17.665,91.87,0,0,2019-05-06 17:00:00
2019-05-06,5,126,18,17.284,93.57,1,0,2019-05-06 18:00:00
2019-05-06,5,126,19,16.903,95.53,0,0,2019-05-06 19:00:00
2019-05-06,5,126,20,16.618,95.51,0,0,2019-05-06 20:00:00
2019-05-06,5,126,21,16.618,96.64,0,0,2019-05-06 21:00:00
2019-05-06,5,126,22,16.523,96.63,0,0,2019-05-06 22:00:00
2019-05-06,5,126,23,16.427,97.87,0,0,2019-05-06 23:00:00
2019-05-07,5,127,0,16.237,97.85,0,0,2019-05-07 00:00:00
2019-05-07,5,127,1,16.237,97.85,0,0,2019-05-07 01:00:00
2019-05-07,5,127,2,16.046,99.21,0,0,2019-05-07 02:00:00
2019-05-07,5,127,3,15.855,99.19,0,0,2019-05-07 03:00:00
2019-05-07,5,127,4,15.76,99.18,0,0,2019-05-07 04:00:00
2019-05-07,5,127,5,15.569,99.16,0,0,2019-05-07 05:00:00
2019-05-07,5,127,6,15.569,99.16,0,0,2019-05-07 06:00:00
2019-05-07,5,127,7,15.569,99.16,0,0,2019-05-07 07:00:00
2019-05-07,5,127,8,15.569,99.16,0,0,2019-05-07 08:00:00
2019-05-07,5,127,9,15.664,99.17,0,0,2019-05-07 09:00:00
2019-05-07,5,127,10,16.046,99.21,0,0,2019-05-07 10:00:00
2019-05-07,5,127,11,16.332,100.0,0,0,2019-05-07 11:00:00
2019-05-07,5,127,12,16.618,100.0,0,0,2019-05-07 12:00:00
2019-05-07,5,127,13,16.903,99.29,0,0,2019-05-07 13:00:00
2019-05-07,5,127,14,17.475,99.35,0,0,2019-05-07 14:00:00
2019-05-07,5,127,15,17.665,97.98,0,0,2019-05-07 15:00:00
2019-05-07,5,127,16,17.665,97.98,0,0,2019-05-07 16:00:00
2019-05-07,5,127,17,16.903,96.67,0,0,2019-05-07 17:00:00
2019-05-07,5,127,18,16.427,97.87,0,0,2019-05-07 18:00:00
2019-05-07,5,127,19,16.332,97.86,0,0,2019-05-07 19:00:00
2019-05-07,5,127,20,16.046,99.21,0,0,2019-05-07 20:00:00
2019-05-07,5,127,21,15.951,99.2,0,0,2019-05-07 21:00:00
2019-05-07,5,127,22,15.855,99.19,0,0,2019-05-07 22:00:00
2019-05-07,5,127,23,15.855,99.19,0,0,2019-05-07 23:00:00
2019-05-08,5,128,0,15.855,100.0,0,0,2019-05-08 00:00:00
2019-05-08,5,128,1,15.951,100.0,0,0,2019-05-08 01:00:00
2019-05-08,5,128,2,15.951,100.0,0,0,2019-05-08 02:00:00
2019-05-08,5,128,3,15.76,100.0,0,0,2019-05-08 03:00:00
2019-05-08,5,128,4,15.76,100.0,0,0,2019-05-08 04:00:00
2019-05-08,5,128,5,15.76,100.0,0,0,2019-05-08 05:00:00
2019-05-08,5,128,6,15.76,100.0,0,0,2019-05-08 06:00:00
2019-05-08,5,128,7,15.664,100.0,0,0,2019-05-08 07:00:00
2019-05-08,5,128,8,15.664,100.0,0,0,2019-05-08 08:00:00
2019-05-08,5,128,9,15.951,100.0,0,0,2019-05-08 09:00:00
2019-05-08,5,128,10,16.713,100.0,0,0,2019-05-08 10:00:00
2019-05-08,5,128,11,17.094,100.0,0,0,2019-05-08 11:00:00
2019-05-08,5,128,12,17.475,100.0,0,0,2019-05-08 12:00:00
2019-05-08,5,128,13,17.57,100.0,0,0,2019-05-08 13:00:00
2019-05-08,5,128,14,17.95,100.0,0,0,2019-05-08 14:00:00
2019-05-08,5,128,15,17.95,100.0,0,0,2019-05-08 15:00:00
2019-05-08,5,128,16,18.045,100.0,0,0,2019-05-08 16:00:00
2019-05-08,5,128,17,17.57,99.36,0,0,2019-05-08 17:00:00
2019-05-08,5,128,18,17.189,100.0,0,0,2019-05-08 18:00:00
2019-05-08,5,128,19,17.094,100.0,0,0,2019-05-08 19:00:00
2019-05-08,5,128,20,16.618,100.0,0,0,2019-05-08 20:00:00
2019-05-08,5,128,21,16.618,100.0,0,0,2019-05-08 21:00:00
2019-05-08,5,128,22,16.618,100.0,0,0,2019-05-08 22:00:00
2019-05-08,5,128,23,16.523,100.0,0,0,2019-05-08 23:00:00
2019-05-09,5,129,0,16.523,100.0,0,0,2019-05-09 00:00:00
2019-05-09,5,129,1,16.523,100.0,0,0,2019-05-09 01:00:00
2019-05-09,5,129,2,16.332,100.0,0,0,2019-05-09 02:00:00
2019-05-09,5,129,3,16.332,100.0,0,0,2019-05-09 03:00:00
2019-05-09,5,129,4,16.332,100.0,0,0,2019-05-09 04:00:00
2019-05-09,5,129,5,16.332,100.0,0,0,2019-05-09 05:00:00
2019-05-09,5,129,6,16.237,100.0,0,0,2019-05-09 06:00:00
2019-05-09,5,129,7,16.237,100.0,0,0,2019-05-09 07:00:00
2019-05-09,5,129,8,15.664,100.0,0,0,2019-05-09 08:00:00
2019-05-09,5,129,9,15.378,100.0,0,0,2019-05-09 09:00:00
2019-05-09,5,129,10,15.664,100.0,0,0,2019-05-09 10:00:00
2019-05-09,5,129,11,16.427,100.0,0,0,2019-05-09 11:00:00
2019-05-09,5,129,12,18.236,100.0,0,0,2019-05-09 12:00:00
2019-05-09,5,129,13,19.758,100.0,0,0,2019-05-09 13:00:00
2019-05-09,5,129,14,21.664,99.76,0,0,2019-05-09 14:00:00
2019-05-09,5,129,15,21.76,94.83,0,0,2019-05-09 15:00:00
2019-05-09,5,129,16,19.662,93.71,0,0,2019-05-09 16:00:00
2019-05-09,5,129,17,18.711,95.67,0,0,2019-05-09 17:00:00
2019-05-09,5,129,18,18.236,96.78,0,0,2019-05-09 18:00:00
2019-05-09,5,129,19,18.045,98.02,0,0,2019-05-09 19:00:00
2019-05-09,5,129,20,17.475,97.96,0,0,2019-05-09 20:00:00
2019-05-09,5,129,21,17.57,99.36,0,0,2019-05-09 21:00:00
2019-05-09,5,129,22,17.665,99.37,0,0,2019-05-09 22:00:00
2019-05-09,5,129,23,17.76,99.38,0,0,2019-05-09 23:00:00
2019-05-10,5,130,0,17.76,100.0,0,0,2019-05-10 00:00:00
2019-05-10,5,130,1,17.189,100.0,0,0,2019-05-10 01:00:00
2019-05-10,5,130,2,16.523,100.0,0,0,2019-05-10 02:00:00
2019-05-10,5,130,3,16.332,100.0,0,0,2019-05-10 03:00:00
2019-05-10,5,130,4,16.523,100.0,0,0,2019-05-10 04:00:00
2019-05-10,5,130,5,16.427,100.0,0,0,2019-05-10 05:00:00
2019-05-10,5,130,6,16.141,100.0,0,0,2019-05-10 06:00:00
2019-05-10,5,130,7,16.332,100.0,0,0,2019-05-10 07:00:00
2019-05-10,5,130,8,16.332,100.0,0,0,2019-05-10 08:00:00
2019-05-10,5,130,9,16.808,100.0,0,0,2019-05-10 09:00:00
2019-05-10,5,130,10,16.713,100.0,0,0,2019-05-10 10:00:00
2019-05-10,5,130,11,17.379,100.0,0,0,2019-05-10 11:00:00
2019-05-10,5,130,12,17.855,100.0,0,0,2019-05-10 12:00:00
2019-05-10,5,130,13,18.331,99.43,0,0,2019-05-10 13:00:00
2019-05-10,5,130,14,17.95,98.01,0,0,2019-05-10 14:00:00
2019-05-10,5,130,15,17.094,96.68,0,0,2019-05-10 15:00:00
2019-05-10,5,130,16,16.332,96.62,0,0,2019-05-10 16:00:00
2019-05-10,5,130,17,16.046,97.83,0,0,2019-05-10 17:00:00
2019-05-10,5,130,18,15.569,97.79,0,0,2019-05-10 18:00:00
2019-05-10,5,130,19,13.942,97.64,0,0,2019-05-10 19:00:00
2019-05-10,5,130,20,13.654,97.61,0,0,2019-05-10 20:00:00
2019-05-10,5,130,21,13.75,98.98,0,0,2019-05-10 21:00:00
2019-05-10,5,130,22,13.846,98.99,0,0,2019-05-10 22:00:00
2019-05-10,5,130,23,13.654,98.97,0,0,2019-05-10 23:00:00
2019-05-11,5,131,0,13.75,100.0,0,0,2019-05-11 00:00:00
2019-05-11,5,131,1,13.846,100.0,0,0,2019-05-11 01:00:00
2019-05-11,5,131,2,13.75,100.0,0,0,2019-05-11 02:00:00
2019-05-11,5,131,3,12.69,100.0,0,0,2019-05-11 03:00:00
2019-05-11,5,131,4,12.013,100.0,0,0,2019-05-11 04:00:00
2019-05-11,5,131,5,11.625,100.0,0,0,2019-05-11 05:00:00
2019-05-11,5,131,6,11.139,98.71,0,0,2019-05-11 06:00:00
2019-05-11,5,131,7,11.431,100.0,0,0,2019-05-11 07:00:00
2019-05-11,5,131,8,10.944,100.0,0,0,2019-05-11 08:00:00
2019-05-11,5,131,9,9.768,98.57,0,0,2019-05-11 09:00:00
2019-05-11,5,131,10,10.161,100.0,0,0,2019-05-11 10:00:00
2019-05-11,5,131,11,10.357,98.63,0,0,2019-05-11 11:00:00
2019-05-11,5,131,12,10.748,100.0,0,0,2019-05-11 12:00:00
2019-05-11,5,131,13,10.846,98.68,0,0,2019-05-11 13:00:00
2019-05-11,5,131,14,10.846,98.68,0,0,2019-05-11 14:00:00
2019-05-11,5,131,15,10.651,97.33,0,0,2019-05-11 15:00:00
2019-05-11,5,131,16,10.846,98.68,0,0,2019-05-11 16:00:00
2019-05-11,5,131,17,9.571,98.55,0,0,2019-05-11 17:00:00
2019-05-11,5,131,18,8.978,98.49,0,0,2019-05-11 18:00:00
2019-05-11,5,131,19,8.581,98.45,0,0,2019-05-11 19:00:00
2019-05-11,5,131,20,7.983,98.39,0,0,2019-05-11 20:00:00
2019-05-11,5,131,21,7.682,98.36,0,0,2019-05-11 21:00:00
2019-05-11,5,131,22,7.481,98.34,0,0,2019-05-11 22:00:00
2019-05-11,5,131,23,7.481,98.34,0,0,2019-05-11 23:00:00
2019-05-12,5,132,0,7.481,98.34,0,0,2019-05-12 00:00:00
2019-05-12,5,132,1,7.582,98.35,0,0,2019-05-12 01:00:00
2019-05-12,5,132,2,7.582,98.35,0,0,2019-05-12 02:00:00
2019-05-12,5,132,3,7.682,98.36,0,0,2019-05-12 03:00:00
2019-05-12,5,132,4,7.481,98.34,0,0,2019-05-12 04:00:00
2019-05-12,5,132,5,7.381,98.33,0,0,2019-05-12 05:00:00
2019-05-12,5,132,6,6.775,98.26,0,0,2019-05-12 06:00:00
2019-05-12,5,132,7,6.573,98.24,0,0,2019-05-12 07:00:00
2019-05-12,5,132,8,6.674,98.25,0,0,2019-05-12 08:00:00
2019-05-12,5,132,9,6.877,98.27,0,0,2019-05-12 09:00:00
2019-05-12,5,132,10,7.381,99.82,0,0,2019-05-12 10:00:00
2019-05-12,5,132,11,9.373,100.0,0,0,2019-05-12 11:00:00
2019-05-12,5,132,12,12.401,100.0,0,0,2019-05-12 12:00:00
2019-05-12,5,132,13,15.76,95.44,0,0,2019-05-12 13:00:00
2019-05-12,5,132,14,16.618,85.72,0,0,2019-05-12 14:00:00
2019-05-12,5,132,15,17.475,74.4,0,0,2019-05-12 15:00:00
2019-05-12,5,132,16,17.189,69.56,0,0,2019-05-12 16:00:00
2019-05-12,5,132,17,17.379,72.66,0,0,2019-05-12 17:00:00
2019-05-12,5,132,18,15.282,74.3,0,0,2019-05-12 18:00:00
2019-05-12,5,132,19,12.787,84.06,0,0,2019-05-12 19:00:00
2019-05-12,5,132,20,12.11,88.9,0,0,2019-05-12 20:00:00
2019-05-12,5,132,21,11.528,91.58,0,0,2019-05-12 21:00:00
2019-05-12,5,132,22,11.334,93.19,0,0,2019-05-12 22:00:00
2019-05-12,5,132,23,10.748,94.07,0,0,2019-05-12 23:00:00
2019-05-13,5,133,0,10.455,95.03,0,0,2019-05-13 00:00:00
2019-05-13,5,133,1,10.063,95.0,0,0,2019-05-13 01:00:00
2019-05-13,5,133,2,10.161,96.08,0,0,2019-05-13 02:00:00
2019-05-13,5,133,3,9.768,96.05,0,0,2019-05-13 03:00:00
2019-05-13,5,133,4,9.373,96.02,0,0,2019-05-13 04:00:00
2019-05-13,5,133,5,8.978,95.98,0,0,2019-05-13 05:00:00
2019-05-13,5,133,6,8.779,97.15,0,0,2019-05-13 06:00:00
2019-05-13,5,133,7,8.382,97.11,0,0,2019-05-13 07:00:00
2019-05-13,5,133,8,8.282,97.1,0,0,2019-05-13 08:00:00
2019-05-13,5,133,9,8.581,97.13,0,0,2019-05-13 09:00:00
2019-05-13,5,133,10,9.275,97.19,0,0,2019-05-13 10:00:00
2019-05-13,5,133,11,11.334,93.19,0,0,2019-05-13 11:00:00
2019-05-13,5,133,12,13.75,88.94,0,0,2019-05-13 12:00:00
2019-05-13,5,133,13,17.284,82.75,0,0,2019-05-13 13:00:00
2019-05-13,5,133,14,19.662,68.52,0,0,2019-05-13 14:00:00
2019-05-13,5,133,15,17.76,57.44,0,0,2019-05-13 15:00:00
2019-05-13,5,133,16,16.903,60.13,0,0,2019-05-13 16:00:00
2019-05-13,5,133,17,17.95,68.0,0,0,2019-05-13 17:00:00
2019-05-13,5,133,18,16.523,76.11,0,0,2019-05-13 18:00:00
2019-05-13,5,133,19,14.9,85.28,0,0,2019-05-13 19:00:00
2019-05-13,5,133,20,14.23,89.58,0,0,2019-05-13 20:00:00
2019-05-13,5,133,21,13.942,91.69,0,0,2019-05-13 21:00:00
2019-05-13,5,133,22,13.461,92.47,0,0,2019-05-13 22:00:00
2019-05-13,5,133,23,13.269,94.24,0,0,2019-05-13 23:00:00
2019-05-14,5,134,0,13.269,95.25,0,0,2019-05-14 00:00:00
2019-05-14,5,134,1,13.076,95.24,0,0,2019-05-14 01:00:00
2019-05-14,5,134,2,12.497,95.19,0,0,2019-05-14 02:00:00
2019-05-14,5,134,3,11.916,95.14,0,0,2019-05-14 03:00:00
2019-05-14,5,134,4,11.431,96.19,0,0,2019-05-14 04:00:00
2019-05-14,5,134,5,11.625,96.21,0,0,2019-05-14 05:00:00
2019-05-14,5,134,6,11.528,97.41,0,0,2019-05-14 06:00:00
2019-05-14,5,134,7,11.334,97.39,0,0,2019-05-14 07:00:00
2019-05-14,5,134,8,11.431,97.4,0,0,2019-05-14 08:00:00
2019-05-14,5,134,9,10.553,97.32,0,0,2019-05-14 09:00:00
2019-05-14,5,134,10,10.553,97.32,0,0,2019-05-14 10:00:00
2019-05-14,5,134,11,12.013,97.45,0,0,2019-05-14 11:00:00
2019-05-14,5,134,12,13.558,96.38,0,0,2019-05-14 12:00:00
2019-05-14,5,134,13,16.427,89.0,0,0,2019-05-14 13:00:00
2019-05-14,5,134,14,18.14,80.32,0,0,2019-05-14 14:00:00
2019-05-14,5,134,15,16.427,77.23,0,0,2019-05-14 15:00:00
2019-05-14,5,134,16,15.473,80.79,0,0,2019-05-14 16:00:00
2019-05-14,5,134,17,14.709,84.0,0,0,2019-05-14 17:00:00
2019-05-14,5,134,18,14.038,86.72,0,0,2019-05-14 18:00:00
2019-05-14,5,134,19,13.365,88.34,0,0,2019-05-14 19:00:00
2019-05-14,5,134,20,13.173,91.65,0,0,2019-05-14 20:00:00
2019-05-14,5,134,21,13.076,93.3,0,0,2019-05-14 21:00:00
2019-05-14,5,134,22,12.787,94.21,0,0,2019-05-14 22:00:00
2019-05-14,5,134,23,12.594,95.2,0,0,2019-05-14 23:00:00
2019-05-15,5,135,0,12.207,96.26,0,0,2019-05-15 00:00:00
2019-05-15,5,135,1,12.11,97.46,0,0,2019-05-15 01:00:00
2019-05-15,5,135,2,12.013,97.45,0,0,2019-05-15 02:00:00
2019-05-15,5,135,3,11.916,97.45,0,0,2019-05-15 03:00:00
2019-05-15,5,135,4,11.819,97.44,0,0,2019-05-15 04:00:00
2019-05-15,5,135,5,11.819,98.78,0,0,2019-05-15 05:00:00
2019-05-15,5,135,6,11.819,98.78,0,0,2019-05-15 06:00:00
2019-05-15,5,135,7,11.722,98.77,0,0,2019-05-15 07:00:00
2019-05-15,5,135,8,11.819,98.78,0,0,2019-05-15 08:00:00
2019-05-15,5,135,9,11.916,98.79,0,0,2019-05-15 09:00:00
2019-05-15,5,135,10,12.11,98.81,0,0,2019-05-15 10:00:00
2019-05-15,5,135,11,12.497,98.85,0,0,2019-05-15 11:00:00
2019-05-15,5,135,12,13.269,98.93,0,0,2019-05-15 12:00:00
2019-05-15,5,135,13,14.709,99.08,0,0,2019-05-15 13:00:00
2019-05-15,5,135,14,14.325,96.44,0,0,2019-05-15 14:00:00
2019-05-15,5,135,15,14.421,95.34,0,0,2019-05-15 15:00:00
2019-05-15,5,135,16,14.709,92.54,0,0,2019-05-15 16:00:00
2019-05-15,5,135,17,14.325,92.52,0,0,2019-05-15 17:00:00
2019-05-15,5,135,18,13.269,93.32,0,0,2019-05-15 18:00:00
2019-05-15,5,135,19,12.11,94.16,0,0,2019-05-15 19:00:00
2019-05-15,5,135,20,12.013,95.15,0,0,2019-05-15 20:00:00
2019-05-15,5,135,21,11.819,96.23,0,0,2019-05-15 21:00:00
2019-05-15,5,135,22,11.528,97.41,0,0,2019-05-15 22:00:00
2019-05-15,5,135,23,11.528,97.41,0,0,2019-05-15 23:00:00
2019-05-16,5,136,0,11.722,97.43,0,0,2019-05-16 00:00:00
2019-05-16,5,136,1,11.722,97.43,0,0,2019-05-16 01:00:00
2019-05-16,5,136,2,11.334,97.39,0,0,2019-05-16 02:00:00
2019-05-16,5,136,3,11.041,97.36,0,0,2019-05-16 03:00:00
2019-05-16,5,136,4,11.139,98.71,0,0,2019-05-16 04:00:00
2019-05-16,5,136,5,10.748,98.67,0,0,2019-05-16 05:00:00
2019-05-16,5,136,6,9.965,97.26,0,0,2019-05-16 06:00:00
2019-05-16,5,136,7,9.373,97.2,0,0,2019-05-16 07:00:00
2019-05-16,5,136,8,8.978,97.17,0,0,2019-05-16 08:00:00
2019-05-16,5,136,9,9.077,98.5,0,0,2019-05-16 09:00:00
2019-05-16,5,136,10,9.472,98.54,0,0,2019-05-16 10:00:00
2019-05-16,5,136,11,10.944,98.69,0,0,2019-05-16 11:00:00
2019-05-16,5,136,12,12.883,97.54,0,0,2019-05-16 12:00:00
2019-05-16,5,136,13,15.091,91.75,0,0,2019-05-16 13:00:00
2019-05-16,5,136,14,14.996,84.84,0,0,2019-05-16 14:00:00
2019-05-16,5,136,15,15.664,81.1,0,0,2019-05-16 15:00:00
2019-05-16,5,136,16,15.378,83.2,0,0,2019-05-16 16:00:00
2019-05-16,5,136,17,16.141,79.57,0,0,2019-05-16 17:00:00
2019-05-16,5,136,18,14.517,81.16,0,0,2019-05-16 18:00:00
2019-05-16,5,136,19,12.69,86.72,0,0,2019-05-16 19:00:00
2019-05-16,5,136,20,11.916,89.51,0,0,2019-05-16 20:00:00
2019-05-16,5,136,21,12.11,91.6,0,0,2019-05-16 21:00:00
2019-05-16,5,136,22,12.207,93.25,0,0,2019-05-16 22:00:00
2019-05-16,5,136,23,12.207,93.25,0,0,2019-05-16 23:00:00
2019-05-17,5,137,0,12.207,94.17,0,0,2019-05-17 00:00:00
2019-05-17,5,137,1,12.207,95.17,0,0,2019-05-17 01:00:00
2019-05-17,5,137,2,12.207,95.17,0,0,2019-05-17 02:00:00
2019-05-17,5,137,3,12.11,96.25,0,0,2019-05-17 03:00:00
2019-05-17,5,137,4,12.013,96.25,0,0,2019-05-17 04:00:00
2019-05-17,5,137,5,11.916,96.24,0,0,2019-05-17 05:00:00
2019-05-17,5,137,6,11.916,96.24,0,0,2019-05-17 06:00:00
2019-05-17,5,137,7,11.916,97.45,0,0,2019-05-17 07:00:00
2019-05-17,5,137,8,11.625,97.42,0,0,2019-05-17 08:00:00
2019-05-17,5,137,9,11.528,97.41,0,0,2019-05-17 09:00:00
2019-05-17,5,137,10,11.916,97.45,0,0,2019-05-17 10:00:00
2019-05-17,5,137,11,12.304,95.17,0,0,2019-05-17 11:00:00
2019-05-17,5,137,12,12.69,94.2,0,0,2019-05-17 12:00:00
2019-05-17,5,137,13,13.173,92.45,0,0,2019-05-17 13:00:00
2019-05-17,5,137,14,13.654,90.93,0,0,2019-05-17 14:00:00
2019-05-17,5,137,15,14.804,86.22,0,0,2019-05-17 15:00:00
2019-05-17,5,137,16,14.517,84.84,0,0,2019-05-17 16:00:00
2019-05-17,5,137,17,13.75,86.23,0,0,2019-05-17 17:00:00
2019-05-17,5,137,18,13.173,88.92,0,0,2019-05-17 18:00:00
2019-05-17,5,137,19,12.69,90.89,0,0,2019-05-17 19:00:00
2019-05-17,5,137,20,12.497,93.27,0,0,2019-05-17 20:00:00
2019-05-17,5,137,21,12.401,95.18,0,0,2019-05-17 21:00:00
2019-05-17,5,137,22,12.401,95.18,0,0,2019-05-17 22:00:00
2019-05-17,5,137,23,12.401,96.28,0,0,2019-05-17 23:00:00
2019-05-18,5,138,0,12.304,96.27,0,0,2019-05-18 00:00:00
2019-05-18,5,138,1,12.013,96.25,0,0,2019-05-18 01:00:00
2019-05-18,5,138,2,11.916,96.24,0,0,2019-05-18 02:00:00
2019-05-18,5,138,3,11.819,96.23,0,0,2019-05-18 03:00:00
2019-05-18,5,138,4,11.625,96.21,0,0,2019-05-18 04:00:00
2019-05-18,5,138,5,11.528,96.2,0,0,2019-05-18 05:00:00
2019-05-18,5,138,6,11.334,96.19,0,0,2019-05-18 06:00:00
2019-05-18,5,138,7,11.139,96.17,0,0,2019-05-18 07:00:00
2019-05-18,5,138,8,10.944,96.15,0,0,2019-05-18 08:00:00
2019-05-18,5,138,9,11.236,96.18,0,0,2019-05-18 09:00:00
2019-05-18,5,138,10,11.916,95.14,0,0,2019-05-18 10:00:00
2019-05-18,5,138,11,12.304,93.26,0,0,2019-05-18 11:00:00
2019-05-18,5,138,12,13.076,90.91,0,0,2019-05-18 12:00:00
2019-05-18,5,138,13,13.461,88.34,0,0,2019-05-18 13:00:00
2019-05-18,5,138,14,14.23,86.72,0,0,2019-05-18 14:00:00
2019-05-18,5,138,15,14.996,84.84,0,0,2019-05-18 15:00:00
2019-05-18,5,138,16,14.038,86.72,0,0,2019-05-18 16:00:00
2019-05-18,5,138,17,13.558,89.56,0,0,2019-05-18 17:00:00
2019-05-18,5,138,18,13.365,90.92,0,0,2019-05-18 18:00:00
2019-05-18,5,138,19,12.98,91.65,0,0,2019-05-18 19:00:00
2019-05-18,5,138,20,12.69,93.28,0,0,2019-05-18 20:00:00
2019-05-18,5,138,21,12.594,93.27,0,0,2019-05-18 21:00:00
2019-05-18,5,138,22,12.497,94.19,0,0,2019-05-18 22:00:00
2019-05-18,5,138,23,12.401,94.18,0,0,2019-05-18 23:00:00
2019-05-19,5,139,0,12.304,94.17,0,0,2019-05-19 00:00:00
2019-05-19,5,139,1,12.11,94.16,0,0,2019-05-19 01:00:00
2019-05-19,5,139,2,11.916,95.14,0,0,2019-05-19 02:00:00
2019-05-19,5,139,3,11.431,95.11,0,0,2019-05-19 03:00:00
2019-05-19,5,139,4,11.139,95.08,0,0,2019-05-19 04:00:00
2019-05-19,5,139,5,10.651,96.13,0,0,2019-05-19 05:00:00
2019-05-19,5,139,6,10.161,96.08,1,0,2019-05-19 06:00:00
2019-05-19,5,139,7,10.161,96.08,0,0,2019-05-19 07:00:00
2019-05-19,5,139,8,10.455,97.31,0,0,2019-05-19 08:00:00
2019-05-19,5,139,9,11.334,97.39,0,0,2019-05-19 09:00:00
2019-05-19,5,139,10,11.819,97.44,0,0,2019-05-19 10:00:00
2019-05-19,5,139,11,12.497,97.5,0,0,2019-05-19 11:00:00
2019-05-19,5,139,12,12.69,95.2,0,0,2019-05-19 12:00:00
2019-05-19,5,139,13,13.076,95.24,0,0,2019-05-19 13:00:00
2019-05-19,5,139,14,13.173,94.24,0,0,2019-05-19 14:00:00
2019-05-19,5,139,15,13.269,94.24,0,0,2019-05-19 15:00:00
2019-05-19,5,139,16,13.173,94.24,0,0,2019-05-19 16:00:00
2019-05-19,5,139,17,13.173,94.24,0,0,2019-05-19 17:00:00
2019-05-19,5,139,18,12.98,94.22,0,0,2019-05-19 18:00:00
2019-05-19,5,139,19,12.69,95.2,0,0,2019-05-19 19:00:00
2019-05-19,5,139,20,12.401,95.18,0,0,2019-05-19 20:00:00
2019-05-19,5,139,21,12.401,96.28,0,0,2019-05-19 21:00:00
2019-05-19,5,139,22,12.401,96.28,0,0,2019-05-19 22:00:00
2019-05-19,5,139,23,12.207,96.26,0,0,2019-05-19 23:00:00
2019-05-20,5,140,0,12.207,97.47,0,0,2019-05-20 00:00:00
2019-05-20,5,140,1,12.11,97.46,0,0,2019-05-20 01:00:00
2019-05-20,5,140,2,12.013,97.45,0,0,2019-05-20 02:00:00
2019-05-20,5,140,3,11.819,97.44,0,0,2019-05-20 03:00:00
2019-05-20,5,140,4,11.819,97.44,0,0,2019-05-20 04:00:00
2019-05-20,5,140,5,11.722,97.43,0,0,2019-05-20 05:00:00
2019-05-20,5,140,6,11.722,97.43,0,0,2019-05-20 06:00:00
2019-05-20,5,140,7,11.722,97.43,0,0,2019-05-20 07:00:00
2019-05-20,5,140,8,11.528,97.41,0,0,2019-05-20 08:00:00
2019-05-20,5,140,9,12.207,97.47,0,0,2019-05-20 09:00:00
2019-05-20,5,140,10,12.69,97.52,0,0,2019-05-20 10:00:00
2019-05-20,5,140,11,12.883,96.32,0,0,2019-05-20 11:00:00
2019-05-20,5,140,12,13.173,95.24,0,0,2019-05-20 12:00:00
2019-05-20,5,140,13,14.325,93.38,0,0,2019-05-20 13:00:00
2019-05-20,5,140,14,15.664,87.25,0,0,2019-05-20 14:00:00
2019-05-20,5,140,15,15.282,86.72,0,0,2019-05-20 15:00:00
2019-05-20,5,140,16,14.996,87.79,0,0,2019-05-20 16:00:00
2019-05-20,5,140,17,14.23,90.25,0,0,2019-05-20 17:00:00
2019-05-20,5,140,18,13.846,91.69,0,0,2019-05-20 18:00:00
2019-05-20,5,140,19,13.558,93.33,0,0,2019-05-20 19:00:00
2019-05-20,5,140,20,13.365,95.26,0,0,2019-05-20 20:00:00
2019-05-20,5,140,21,13.269,95.25,0,0,2019-05-20 21:00:00
2019-05-20,5,140,22,12.98,96.33,0,0,2019-05-20 22:00:00
2019-05-20,5,140,23,12.98,96.33,0,0,2019-05-20 23:00:00
2019-05-21,5,141,0,13.076,97.55,0,0,2019-05-21 00:00:00
2019-05-21,5,141,1,13.076,97.55,0,0,2019-05-21 01:00:00
2019-05-21,5,141,2,12.98,97.55,0,0,2019-05-21 02:00:00
2019-05-21,5,141,3,12.883,97.54,0,0,2019-05-21 03:00:00
2019-05-21,5,141,4,12.883,97.54,0,0,2019-05-21 04:00:00
2019-05-21,5,141,5,12.883,97.54,0,0,2019-05-21 05:00:00
2019-05-21,5,141,6,12.69,98.87,0,0,2019-05-21 06:00:00
2019-05-21,5,141,7,12.304,98.83,0,0,2019-05-21 07:00:00
2019-05-21,5,141,8,12.013,97.45,0,0,2019-05-21 08:00:00
2019-05-21,5,141,9,12.304,97.48,0,0,2019-05-21 09:00:00
2019-05-21,5,141,10,12.883,97.54,0,0,2019-05-21 10:00:00
2019-05-21,5,141,11,12.98,97.55,0,0,2019-05-21 11:00:00
2019-05-21,5,141,12,12.787,96.31,0,0,2019-05-21 12:00:00
2019-05-21,5,141,13,12.98,95.23,0,0,2019-05-21 13:00:00
2019-05-21,5,141,14,13.269,94.24,0,0,2019-05-21 14:00:00
2019-05-21,5,141,15,12.69,94.2,0,0,2019-05-21 15:00:00
2019-05-21,5,141,16,12.207,95.17,0,0,2019-05-21 16:00:00
2019-05-21,5,141,17,12.013,96.25,0,0,2019-05-21 17:00:00
2019-05-21,5,141,18,11.431,96.19,0,0,2019-05-21 18:00:00
2019-05-21,5,141,19,11.139,97.37,0,0,2019-05-21 19:00:00
2019-05-21,5,141,20,11.041,97.36,0,0,2019-05-21 20:00:00
2019-05-21,5,141,21,11.041,98.7,0,0,2019-05-21 21:00:00
2019-05-21,5,141,22,10.944,98.69,0,0,2019-05-21 22:00:00
2019-05-21,5,141,23,10.944,98.69,0,0,2019-05-21 23:00:00
2019-05-22,5,142,0,10.846,98.68,0,0,2019-05-22 00:00:00
2019-05-22,5,142,1,10.846,98.68,0,0,2019-05-22 01:00:00
2019-05-22,5,142,2,10.748,98.67,0,0,2019-05-22 02:00:00
2019-05-22,5,142,3,10.161,98.61,0,0,2019-05-22 03:00:00
2019-05-22,5,142,4,9.768,98.57,0,0,2019-05-22 04:00:00
2019-05-22,5,142,5,9.077,98.5,0,0,2019-05-22 05:00:00
2019-05-22,5,142,6,8.779,98.47,0,0,2019-05-22 06:00:00
2019-05-22,5,142,7,8.182,98.41,0,0,2019-05-22 07:00:00
2019-05-22,5,142,8,7.882,98.38,0,0,2019-05-22 08:00:00
2019-05-22,5,142,9,7.481,98.34,0,0,2019-05-22 09:00:00
2019-05-22,5,142,10,7.481,98.34,0,0,2019-05-22 10:00:00
2019-05-22,5,142,11,7.882,98.38,0,0,2019-05-22 11:00:00
2019-05-22,5,142,12,8.382,98.43,0,0,2019-05-22 12:00:00
2019-05-22,5,142,13,8.082,98.4,0,0,2019-05-22 13:00:00
2019-05-22,5,142,14,8.581,98.45,0,0,2019-05-22 14:00:00
2019-05-22,5,142,15,8.182,97.09,0,0,2019-05-22 15:00:00
2019-05-22,5,142,16,8.182,97.09,0,0,2019-05-22 16:00:00
2019-05-22,5,142,17,7.983,97.07,0,0,2019-05-22 17:00:00
2019-05-22,5,142,18,7.481,97.02,0,0,2019-05-22 18:00:00
2019-05-22,5,142,19,6.978,96.97,0,0,2019-05-22 19:00:00
2019-05-22,5,142,20,6.877,98.27,0,0,2019-05-22 20:00:00
2019-05-22,5,142,21,6.573,98.24,0,0,2019-05-22 21:00:00
2019-05-22,5,142,22,6.37,98.22,0,0,2019-05-22 22:00:00
2019-05-22,5,142,23,6.471,98.23,0,0,2019-05-22 23:00:00
2019-05-23,5,143,0,6.471,98.23,0,0,2019-05-23 00:00:00
2019-05-23,5,143,1,6.471,98.23,0,0,2019-05-23 01:00:00
2019-05-23,5,143,2,6.674,98.25,0,0,2019-05-23 02:00:00
2019-05-23,5,143,3,6.37,98.22,0,0,2019-05-23 03:00:00
2019-05-23,5,143,4,6.268,98.21,0,0,2019-05-23 04:00:00
2019-05-23,5,143,5,6.37,98.22,0,0,2019-05-23 05:00:00
2019-05-23,5,143,6,6.166,98.2,0,0,2019-05-23 06:00:00
2019-05-23,5,143,7,6.064,98.19,0,0,2019-05-23 07:00:00
2019-05-23,5,143,8,5.962,98.18,0,0,2019-05-23 08:00:00
2019-05-23,5,143,9,6.166,99.69,0,0,2019-05-23 09:00:00
2019-05-23,5,143,10,6.573,98.24,0,0,2019-05-23 10:00:00
2019-05-23,5,143,11,7.481,99.83,0,0,2019-05-23 11:00:00
2019-05-23,5,143,12,7.682,98.36,0,0,2019-05-23 12:00:00
2019-05-23,5,143,13,7.882,98.38,0,0,2019-05-23 13:00:00
2019-05-23,5,143,14,8.779,98.47,0,0,2019-05-23 14:00:00
2019-05-23,5,143,15,9.965,94.99,0,0,2019-05-23 15:00:00
2019-05-23,5,143,16,10.651,91.53,0,0,2019-05-23 16:00:00
2019-05-23,5,143,17,12.207,91.61,0,0,2019-05-23 17:00:00
2019-05-23,5,143,18,10.748,90.13,0,0,2019-05-23 18:00:00
2019-05-23,5,143,19,8.581,91.43,0,0,2019-05-23 19:00:00
2019-05-23,5,143,20,7.179,92.93,0,0,2019-05-23 20:00:00
2019-05-23,5,143,21,6.268,93.75,0,0,2019-05-23 21:00:00
2019-05-23,5,143,22,5.45,93.69,0,0,2019-05-23 22:00:00
2019-05-23,5,143,23,4.727,94.58,0,0,2019-05-23 23:00:00
2019-05-24,5,144,0,4.207,94.53,0,0,2019-05-24 00:00:00
2019-05-24,5,144,1,3.683,94.49,0,0,2019-05-24 01:00:00
2019-05-24,5,144,2,3.472,94.48,0,0,2019-05-24 02:00:00
2019-05-24,5,144,3,3.578,94.48,0,0,2019-05-24 03:00:00
2019-05-24,5,144,4,3.683,94.49,0,0,2019-05-24 04:00:00
2019-05-24,5,144,5,3.788,94.5,0,0,2019-05-24 05:00:00
2019-05-24,5,144,6,3.683,94.49,0,0,2019-05-24 06:00:00
2019-05-24,5,144,7,3.998,94.52,0,0,2019-05-24 07:00:00
2019-05-24,5,144,8,3.998,93.59,0,0,2019-05-24 08:00:00
2019-05-24,5,144,9,4.519,92.77,0,0,2019-05-24 09:00:00
2019-05-24,5,144,10,5.347,92.02,0,0,2019-05-24 10:00:00
2019-05-24,5,144,11,7.782,86.72,1,0,2019-05-24 11:00:00
2019-05-24,5,144,12,10.651,79.69,0,0,2019-05-24 12:00:00
2019-05-24,5,144,13,14.996,70.42,0,0,2019-05-24 13:00:00
2019-05-24,5,144,14,19.282,59.67,0,0,2019-05-24 14:00:00
2019-05-24,5,144,15,16.237,49.4,0,0,2019-05-24 15:00:00
2019-05-24,5,144,16,15.951,55.08,0,0,2019-05-24 16:00:00
2019-05-24,5,144,17,15.951,58.37,0,0,2019-05-24 17:00:00
2019-05-24,5,144,18,13.846,60.99,0,0,2019-05-24 18:00:00
2019-05-24,5,144,19,11.139,75.7,0,0,2019-05-24 19:00:00
2019-05-24,5,144,20,9.866,80.28,0,0,2019-05-24 20:00:00
2019-05-24,5,144,21,9.077,82.08,0,0,2019-05-24 21:00:00
2019-05-24,5,144,22,8.581,82.75,0,0,2019-05-24 22:00:00
2019-05-24,5,144,23,8.382,82.76,0,0,2019-05-24 23:00:00
2019-05-25,5,145,0,8.282,83.81,0,0,2019-05-25 00:00:00
2019-05-25,5,145,1,7.983,84.57,0,0,2019-05-25 01:00:00
2019-05-25,5,145,2,7.782,85.81,0,0,2019-05-25 02:00:00
2019-05-25,5,145,3,7.582,85.81,0,0,2019-05-25 03:00:00
2019-05-25,5,145,4,7.381,86.26,0,0,2019-05-25 04:00:00
2019-05-25,5,145,5,7.079,86.26,0,0,2019-05-25 05:00:00
2019-05-25,5,145,6,6.674,86.72,0,0,2019-05-25 06:00:00
2019-05-25,5,145,7,6.573,87.2,0,0,2019-05-25 07:00:00
2019-05-25,5,145,8,6.37,87.7,0,0,2019-05-25 08:00:00
2019-05-25,5,145,9,6.573,87.2,0,0,2019-05-25 09:00:00
2019-05-25,5,145,10,7.381,86.72,0,0,2019-05-25 10:00:00
2019-05-25,5,145,11,9.077,83.78,0,0,2019-05-25 11:00:00
2019-05-25,5,145,12,11.236,79.13,0,0,2019-05-25 12:00:00
2019-05-25,5,145,13,15.664,75.38,0,0,2019-05-25 13:00:00
2019-05-25,5,145,14,18.616,60.85,0,0,2019-05-25 14:00:00
2019-05-25,5,145,15,16.237,59.04,0,0,2019-05-25 15:00:00
2019-05-25,5,145,16,15.282,68.59,0,0,2019-05-25 16:00:00
2019-05-25,5,145,17,15.664,71.97,0,0,2019-05-25 17:00:00
2019-05-25,5,145,18,13.75,76.61,0,0,2019-05-25 18:00:00
2019-05-25,5,145,19,11.625,83.33,0,0,2019-05-25 19:00:00
2019-05-25,5,145,20,11.041,87.75,0,0,2019-05-25 20:00:00
2019-05-25,5,145,21,11.041,90.14,0,0,2019-05-25 21:00:00
2019-05-25,5,145,22,10.944,90.82,0,0,2019-05-25 22:00:00
2019-05-25,5,145,23,10.846,91.54,0,0,2019-05-25 23:00:00
2019-05-26,5,146,0,10.846,91.54,0,0,2019-05-26 00:00:00
2019-05-26,5,146,1,10.748,92.32,0,0,2019-05-26 01:00:00
2019-05-26,5,146,2,10.553,92.31,0,0,2019-05-26 02:00:00
2019-05-26,5,146,3,10.357,92.3,0,0,2019-05-26 03:00:00
2019-05-26,5,146,4,9.965,92.28,0,0,2019-05-26 04:00:00
2019-05-26,5,146,5,9.373,92.24,0,0,2019-05-26 05:00:00
2019-05-26,5,146,6,8.879,93.04,0,0,2019-05-26 06:00:00
2019-05-26,5,146,7,8.382,93.9,0,0,2019-05-26 07:00:00
2019-05-26,5,146,8,8.082,94.84,0,0,2019-05-26 08:00:00
2019-05-26,5,146,9,7.682,94.81,0,0,2019-05-26 09:00:00
2019-05-26,5,146,10,8.879,93.93,0,0,2019-05-26 10:00:00
2019-05-26,5,146,11,11.819,86.23,0,0,2019-05-26 11:00:00
2019-05-26,5,146,12,14.517,79.96,0,0,2019-05-26 12:00:00
2019-05-26,5,146,13,18.331,78.57,0,0,2019-05-26 13:00:00
2019-05-26,5,146,14,18.616,73.17,0,0,2019-05-26 14:00:00
2019-05-26,5,146,15,19.377,67.41,0,0,2019-05-26 15:00:00
2019-05-26,5,146,16,19.472,62.94,0,0,2019-05-26 16:00:00
2019-05-26,5,146,17,20.234,51.36,0,0,2019-05-26 17:00:00
2019-05-26,5,146,18,18.045,54.72,0,0,2019-05-26 18:00:00
2019-05-26,5,146,19,15.282,55.95,0,0,2019-05-26 19:00:00
2019-05-26,5,146,20,14.134,61.52,0,0,2019-05-26 20:00:00
2019-05-26,5,146,21,13.654,62.79,0,0,2019-05-26 21:00:00
2019-05-26,5,146,22,13.076,64.63,0,0,2019-05-26 22:00:00
2019-05-26,5,146,23,12.594,61.89,0,0,2019-05-26 23:00:00
2019-05-27,5,147,0,11.722,63.7,0,0,2019-05-27 00:00:00
2019-05-27,5,147,1,11.041,66.85,0,0,2019-05-27 01:00:00
2019-05-27,5,147,2,10.357,71.55,0,0,2019-05-27 02:00:00
2019-05-27,5,147,3,9.866,77.21,0,0,2019-05-27 03:00:00
2019-05-27,5,147,4,9.866,81.42,0,0,2019-05-27 04:00:00
2019-05-27,5,147,5,9.373,84.94,0,0,2019-05-27 05:00:00
2019-05-27,5,147,6,9.275,87.73,0,0,2019-05-27 06:00:00
2019-05-27,5,147,7,8.978,89.43,0,0,2019-05-27 07:00:00
2019-05-27,5,147,8,9.571,90.76,0,0,2019-05-27 08:00:00
2019-05-27,5,147,9,10.259,91.52,0,0,2019-05-27 09:00:00
2019-05-27,5,147,10,11.236,92.35,0,0,2019-05-27 10:00:00
2019-05-27,5,147,11,12.11,90.87,0,0,2019-05-27 11:00:00
2019-05-27,5,147,12,13.076,88.92,0,0,2019-05-27 12:00:00
2019-05-27,5,147,13,16.713,81.37,0,0,2019-05-27 13:00:00
2019-05-27,5,147,14,17.855,69.07,0,0,2019-05-27 14:00:00
2019-05-27,5,147,15,14.804,76.29,0,0,2019-05-27 15:00:00
2019-05-27,5,147,16,14.517,80.25,0,0,2019-05-27 16:00:00
2019-05-27,5,147,17,13.75,83.26,0,0,2019-05-27 17:00:00
2019-05-27,5,147,18,12.787,86.72,0,0,2019-05-27 18:00:00
2019-05-27,5,147,19,12.11,89.52,0,0,2019-05-27 19:00:00
2019-05-27,5,147,20,11.722,91.59,0,0,2019-05-27 20:00:00
2019-05-27,5,147,21,11.722,93.22,0,0,2019-05-27 21:00:00
2019-05-27,5,147,22,11.819,95.14,0,0,2019-05-27 22:00:00
2019-05-27,5,147,23,11.819,95.14,0,0,2019-05-27 23:00:00
2019-05-28,5,148,0,11.722,95.13,0,0,2019-05-28 00:00:00
2019-05-28,5,148,1,11.722,96.22,0,0,2019-05-28 01:00:00
2019-05-28,5,148,2,11.722,96.22,2,0,2019-05-28 02:00:00
2019-05-28,5,148,3,11.722,97.43,0,0,2019-05-28 03:00:00
2019-05-28,5,148,4,11.722,97.43,0,0,2019-05-28 04:00:00
2019-05-28,5,148,5,11.722,97.43,0,0,2019-05-28 05:00:00
2019-05-28,5,148,6,11.722,97.43,0,0,2019-05-28 06:00:00
2019-05-28,5,148,7,11.722,97.43,0,0,2019-05-28 07:00:00
2019-05-28,5,148,8,11.722,97.43,0,0,2019-05-28 08:00:00
2019-05-28,5,148,9,11.819,97.44,0,0,2019-05-28 09:00:00
2019-05-28,5,148,10,12.11,97.46,0,0,2019-05-28 10:00:00
2019-05-28,5,148,11,12.497,97.5,0,0,2019-05-28 11:00:00
2019-05-28,5,148,12,12.69,97.52,0,0,2019-05-28 12:00:00
2019-05-28,5,148,13,12.98,97.55,0,0,2019-05-28 13:00:00
2019-05-28,5,148,14,13.461,96.37,0,0,2019-05-28 14:00:00
2019-05-28,5,148,15,12.883,95.22,0,0,2019-05-28 15:00:00
2019-05-28,5,148,16,12.69,95.2,0,0,2019-05-28 16:00:00
2019-05-28,5,148,17,12.497,96.29,0,0,2019-05-28 17:00:00
2019-05-28,5,148,18,12.304,96.27,0,0,2019-05-28 18:00:00
2019-05-28,5,148,19,12.207,97.47,0,0,2019-05-28 19:00:00
2019-05-28,5,148,20,12.11,97.46,0,0,2019-05-28 20:00:00
2019-05-28,5,148,21,12.013,97.45,0,0,2019-05-28 21:00:00
2019-05-28,5,148,22,12.013,98.8,0,0,2019-05-28 22:00:00
2019-05-28,5,148,23,11.916,98.79,0,0,2019-05-28 23:00:00
2019-05-29,5,149,0,11.916,98.79,1,0,2019-05-29 00:00:00
2019-05-29,5,149,1,11.819,98.78,1,0,2019-05-29 01:00:00
2019-05-29,5,149,2,11.819,98.78,0,0,2019-05-29 02:00:00
2019-05-29,5,149,3,11.819,98.78,1,0,2019-05-29 03:00:00
2019-05-29,5,149,4,11.819,98.78,0,0,2019-05-29 04:00:00
2019-05-29,5,149,5,11.819,98.78,0,0,2019-05-29 05:00:00
2019-05-29,5,149,6,11.722,98.77,0,0,2019-05-29 06:00:00
2019-05-29,5,149,7,11.528,100.0,0,0,2019-05-29 07:00:00
2019-05-29,5,149,8,11.334,100.0,1,0,2019-05-29 08:00:00
2019-05-29,5,149,9,11.722,100.0,0,0,2019-05-29 09:00:00
2019-05-29,5,149,10,12.013,100.0,0,0,2019-05-29 10:00:00
2019-05-29,5,149,11,12.11,100.0,0,0,2019-05-29 11:00:00
2019-05-29,5,149,12,12.98,100.0,0,0,2019-05-29 12:00:00
2019-05-29,5,149,13,13.173,98.92,0,0,2019-05-29 13:00:00
2019-05-29,5,149,14,13.269,98.93,0,0,2019-05-29 14:00:00
2019-05-29,5,149,15,13.365,98.94,0,0,2019-05-29 15:00:00
2019-05-29,5,149,16,13.461,98.95,0,0,2019-05-29 16:00:00
2019-05-29,5,149,17,13.173,98.92,0,0,2019-05-29 17:00:00
2019-05-29,5,149,18,12.787,98.88,0,0,2019-05-29 18:00:00
2019-05-29,5,149,19,12.594,98.86,0,0,2019-05-29 19:00:00
2019-05-29,5,149,20,12.401,98.84,1,0,2019-05-29 20:00:00
2019-05-29,5,149,21,12.304,98.83,0,0,2019-05-29 21:00:00
2019-05-29,5,149,22,12.304,98.83,0,0,2019-05-29 22:00:00
2019-05-29,5,149,23,12.304,98.83,0,0,2019-05-29 23:00:00
2019-05-30,5,150,0,12.207,100.0,0,0,2019-05-30 00:00:00
2019-05-30,5,150,1,12.013,100.0,0,0,2019-05-30 01:00:00
2019-05-30,5,150,2,12.013,100.0,0,0,2019-05-30 02:00:00
2019-05-30,5,150,3,11.916,100.0,0,0,2019-05-30 03:00:00
2019-05-30,5,150,4,11.819,100.0,0,0,2019-05-30 04:00:00
2019-05-30,5,150,5,11.431,100.0,0,0,2019-05-30 05:00:00
2019-05-30,5,150,6,11.236,100.0,0,0,2019-05-30 06:00:00
2019-05-30,5,150,7,10.748,100.0,0,0,2019-05-30 07:00:00
2019-05-30,5,150,8,10.259,100.0,0,0,2019-05-30 08:00:00
2019-05-30,5,150,9,10.357,100.0,0,0,2019-05-30 09:00:00
2019-05-30,5,150,10,10.651,100.0,0,0,2019-05-30 10:00:00
2019-05-30,5,150,11,11.334,100.0,0,0,2019-05-30 11:00:00
2019-05-30,5,150,12,11.916,100.0,0,0,2019-05-30 12:00:00
2019-05-30,5,150,13,12.497,100.0,0,0,2019-05-30 13:00:00
2019-05-30,5,150,14,12.883,98.89,0,0,2019-05-30 14:00:00
2019-05-30,5,150,15,12.787,98.88,0,0,2019-05-30 15:00:00
2019-05-30,5,150,16,12.98,98.9,0,0,2019-05-30 16:00:00
2019-05-30,5,150,17,12.69,98.87,0,0,2019-05-30 17:00:00
2019-05-30,5,150,18,12.304,98.83,0,0,2019-05-30 18:00:00
2019-05-30,5,150,19,12.013,98.8,0,0,2019-05-30 19:00:00
2019-05-30,5,150,20,11.819,98.78,0,0,2019-05-30 20:00:00
2019-05-30,5,150,21,11.819,98.78,0,0,2019-05-30 21:00:00
2019-05-30,5,150,22,11.625,100.0,0,0,2019-05-30 22:00:00
2019-05-30,5,150,23,11.431,100.0,0,0,2019-05-30 23:00:00
2019-05-31,5,151,0,11.431,100.0,0,0,2019-05-31 00:00:00
2019-05-31,5,151,1,11.431,100.0,0,0,2019-05-31 01:00:00
2019-05-31,5,151,2,11.431,100.0,0,0,2019-05-31 02:00:00
2019-05-31,5,151,3,11.431,100.0,0,0,2019-05-31 03:00:00
2019-05-31,5,151,4,11.139,100.0,0,0,2019-05-31 04:00:00
2019-05-31,5,151,5,10.944,100.0,0,0,2019-05-31 05:00:00
2019-05-31,5,151,6,10.846,100.0,0,0,2019-05-31 06:00:00
2019-05-31,5,151,7,10.846,100.0,0,0,2019-05-31 07:00:00
2019-05-31,5,151,8,10.944,100.0,0,0,2019-05-31 08:00:00
2019-05-31,5,151,9,11.139,100.0,0,0,2019-05-31 09:00:00
2019-05-31,5,151,10,11.819,100.0,0,0,2019-05-31 10:00:00
2019-05-31,5,151,11,12.497,100.0,0,0,2019-05-31 11:00:00
2019-05-31,5,151,12,12.98,98.9,0,0,2019-05-31 12:00:00
2019-05-31,5,151,13,13.269,98.93,0,0,2019-05-31 13:00:00
2019-05-31,5,151,14,13.75,98.98,0,0,2019-05-31 14:00:00
2019-05-31,5,151,15,13.942,99.0,0,0,2019-05-31 15:00:00
2019-05-31,5,151,16,13.558,97.6,0,0,2019-05-31 16:00:00
2019-05-31,5,151,17,13.365,97.58,0,0,2019-05-31 17:00:00
2019-05-31,5,151,18,12.98,97.55,0,0,2019-05-31 18:00:00
2019-05-31,5,151,19,12.401,97.49,0,0,2019-05-31 19:00:00
2019-05-31,5,151,20,12.11,98.81,0,0,2019-05-31 20:00:00
2019-05-31,5,151,21,12.013,98.8,1,0,2019-05-31 21:00:00
2019-05-31,5,151,22,12.013,98.8,1,0,2019-05-31 22:00:00
2019-05-31,5,151,23,11.819,98.78,0,0,2019-05-31 23:00:00
2019-06-01,6,152,0,11.625,98.76,0,0,2019-06-01 00:00:00
2019-06-01,6,152,1,11.625,100.0,0,0,2019-06-01 01:00:00
2019-06-01,6,152,2,11.528,98.75,0,0,2019-06-01 02:00:00
2019-06-01,6,152,3,11.431,98.74,1,0,2019-06-01 03:00:00
2019-06-01,6,152,4,11.334,100.0,0,0,2019-06-01 04:00:00
2019-06-01,6,152,5,11.236,100.0,0,0,2019-06-01 05:00:00
2019-06-01,6,152,6,11.236,100.0,0,0,2019-06-01 06:00:00
2019-06-01,6,152,7,11.041,100.0,0,0,2019-06-01 07:00:00
2019-06-01,6,152,8,11.041,100.0,0,0,2019-06-01 08:00:00
2019-06-01,6,152,9,11.236,100.0,0,0,2019-06-01 09:00:00
2019-06-01,6,152,10,11.625,100.0,0,0,2019-06-01 10:00:00
2019-06-01,6,152,11,11.625,100.0,0,0,2019-06-01 11:00:00
2019-06-01,6,152,12,12.304,100.0,0,0,2019-06-01 12:00:00
2019-06-01,6,152,13,12.98,100.0,0,0,2019-06-01 13:00:00
2019-06-01,6,152,14,13.076,98.91,0,0,2019-06-01 14:00:00
2019-06-01,6,152,15,14.23,99.03,0,0,2019-06-01 15:00:00
2019-06-01,6,152,16,15.091,97.74,0,0,2019-06-01 16:00:00
2019-06-01,6,152,17,15.664,96.56,0,0,2019-06-01 17:00:00
2019-06-01,6,152,18,13.365,94.25,0,0,2019-06-01 18:00:00
2019-06-01,6,152,19,12.594,95.2,0,0,2019-06-01 19:00:00
2019-06-01,6,152,20,12.11,96.25,0,0,2019-06-01 20:00:00
2019-06-01,6,152,21,11.722,97.43,0,0,2019-06-01 21:00:00
2019-06-01,6,152,22,11.528,97.41,0,0,2019-06-01 22:00:00
2019-06-01,6,152,23,11.431,97.4,0,0,2019-06-01 23:00:00
2019-06-02,6,153,0,11.334,98.73,0,0,2019-06-02 00:00:00
2019-06-02,6,153,1,11.139,98.71,1,0,2019-06-02 01:00:00
2019-06-02,6,153,2,10.846,98.68,0,0,2019-06-02 02:00:00
2019-06-02,6,153,3,10.455,98.64,0,0,2019-06-02 03:00:00
2019-06-02,6,153,4,9.866,98.58,0,0,2019-06-02 04:00:00
2019-06-02,6,153,5,9.669,98.56,0,0,2019-06-02 05:00:00
2019-06-02,6,153,6,9.373,98.53,0,0,2019-06-02 06:00:00
2019-06-02,6,153,7,9.373,98.53,0,0,2019-06-02 07:00:00
2019-06-02,6,153,8,9.077,98.5,0,0,2019-06-02 08:00:00
2019-06-02,6,153,9,9.373,98.53,0,0,2019-06-02 09:00:00
2019-06-02,6,153,10,9.768,98.57,0,0,2019-06-02 10:00:00
2019-06-02,6,153,11,10.455,98.64,0,0,2019-06-02 11:00:00
2019-06-02,6,153,12,11.041,98.7,0,0,2019-06-02 12:00:00
2019-06-02,6,153,13,11.819,98.78,0,0,2019-06-02 13:00:00
2019-06-02,6,153,14,14.038,97.64,0,0,2019-06-02 14:00:00
2019-06-02,6,153,15,13.461,94.26,0,0,2019-06-02 15:00:00
2019-06-02,6,153,16,14.038,91.7,0,0,2019-06-02 16:00:00
2019-06-02,6,153,17,15.473,88.37,0,0,2019-06-02 17:00:00
2019-06-02,6,153,18,13.173,87.23,0,0,2019-06-02 18:00:00
2019-06-02,6,153,19,12.11,91.6,0,0,2019-06-02 19:00:00
2019-06-02,6,153,20,11.916,93.23,0,0,2019-06-02 20:00:00
2019-06-02,6,153,21,11.722,94.13,0,0,2019-06-02 21:00:00
2019-06-02,6,153,22,10.846,95.06,0,0,2019-06-02 22:00:00
2019-06-02,6,153,23,10.651,95.04,0,0,2019-06-02 23:00:00
2019-06-03,6,154,0,10.259,96.09,0,0,2019-06-03 00:00:00
2019-06-03,6,154,1,9.866,96.06,0,0,2019-06-03 01:00:00
2019-06-03,6,154,2,9.669,96.04,0,0,2019-06-03 02:00:00
2019-06-03,6,154,3,9.176,96.0,0,0,2019-06-03 03:00:00
2019-06-03,6,154,4,7.782,94.82,0,0,2019-06-03 04:00:00
2019-06-03,6,154,5,6.978,94.75,0,0,2019-06-03 05:00:00
2019-06-03,6,154,6,6.674,94.73,0,0,2019-06-03 06:00:00
2019-06-03,6,154,7,6.37,94.71,0,0,2019-06-03 07:00:00
2019-06-03,6,154,8,6.268,94.7,0,0,2019-06-03 08:00:00
2019-06-03,6,154,9,6.268,94.7,0,0,2019-06-03 09:00:00
2019-06-03,6,154,10,6.877,95.8,0,0,2019-06-03 10:00:00
2019-06-03,6,154,11,8.481,95.94,0,0,2019-06-03 11:00:00
2019-06-03,6,154,12,10.944,95.07,0,0,2019-06-03 12:00:00
2019-06-03,6,154,13,13.942,88.34,0,0,2019-06-03 13:00:00
2019-06-03,6,154,14,17.284,75.2,0,0,2019-06-03 14:00:00
2019-06-03,6,154,15,16.618,72.93,0,0,2019-06-03 15:00:00
2019-06-03,6,154,16,16.523,72.78,0,0,2019-06-03 16:00:00
2019-06-03,6,154,17,17.57,72.97,0,0,2019-06-03 17:00:00
2019-06-03,6,154,18,14.804,79.11,0,0,2019-06-03 18:00:00
2019-06-03,6,154,19,12.594,84.88,0,0,2019-06-03 19:00:00
2019-06-03,6,154,20,11.819,88.89,0,0,2019-06-03 20:00:00
2019-06-03,6,154,21,12.013,90.86,0,0,2019-06-03 21:00:00
2019-06-03,6,154,22,11.722,91.59,0,0,2019-06-03 22:00:00
2019-06-03,6,154,23,10.553,91.53,0,0,2019-06-03 23:00:00
2019-06-04,6,155,0,9.373,91.47,0,0,2019-06-04 00:00:00
2019-06-04,6,155,1,9.077,93.05,0,0,2019-06-04 01:00:00
2019-06-04,6,155,2,8.581,93.02,0,0,2019-06-04 02:00:00
2019-06-04,6,155,3,8.481,93.9,0,0,2019-06-04 03:00:00
2019-06-04,6,155,4,8.182,93.88,0,0,2019-06-04 04:00:00
2019-06-04,6,155,5,7.983,93.87,0,0,2019-06-04 05:00:00
2019-06-04,6,155,6,7.882,93.86,0,0,2019-06-04 06:00:00
2019-06-04,6,155,7,7.582,92.96,0,0,2019-06-04 07:00:00
2019-06-04,6,155,8,7.682,92.96,0,0,2019-06-04 08:00:00
2019-06-04,6,155,9,7.782,92.97,0,0,2019-06-04 09:00:00
2019-06-04,6,155,10,8.382,93.01,0,0,2019-06-04 10:00:00
2019-06-04,6,155,11,9.965,92.28,0,0,2019-06-04 11:00:00
2019-06-04,6,155,12,12.207,89.52,0,0,2019-06-04 12:00:00
2019-06-04,6,155,13,14.9,84.41,0,0,2019-06-04 13:00:00
2019-06-04,6,155,14,17.665,70.67,0,0,2019-06-04 14:00:00
2019-06-04,6,155,15,17.094,65.19,0,0,2019-06-04 15:00:00
2019-06-04,6,155,16,16.999,66.31,0,0,2019-06-04 16:00:00
2019-06-04,6,155,17,18.236,68.29,0,0,2019-06-04 17:00:00
2019-06-04,6,155,18,15.378,75.61,0,0,2019-06-04 18:00:00
2019-06-04,6,155,19,13.173,82.21,0,0,2019-06-04 19:00:00
2019-06-04,6,155,20,11.916,86.72,0,0,2019-06-04 20:00:00
2019-06-04,6,155,21,11.528,89.5,0,0,2019-06-04 21:00:00
2019-06-04,6,155,22,11.139,90.83,0,0,2019-06-04 22:00:00
2019-06-04,6,155,23,10.944,91.55,0,0,2019-06-04 23:00:00
2019-06-05,6,156,0,10.651,92.31,0,0,2019-06-05 00:00:00
2019-06-05,6,156,1,10.357,93.13,0,0,2019-06-05 01:00:00
2019-06-05,6,156,2,10.455,93.14,0,0,2019-06-05 02:00:00
2019-06-05,6,156,3,10.161,93.12,0,0,2019-06-05 03:00:00
2019-06-05,6,156,4,10.161,94.02,0,0,2019-06-05 04:00:00
2019-06-05,6,156,5,9.669,93.99,0,0,2019-06-05 05:00:00
2019-06-05,6,156,6,9.176,93.95,0,0,2019-06-05 06:00:00
2019-06-05,6,156,7,8.282,93.89,0,0,2019-06-05 07:00:00
2019-06-05,6,156,8,8.282,94.86,0,0,2019-06-05 08:00:00
2019-06-05,6,156,9,8.68,94.89,0,0,2019-06-05 09:00:00
2019-06-05,6,156,10,8.978,94.91,0,0,2019-06-05 10:00:00
2019-06-05,6,156,11,10.748,95.05,0,0,2019-06-05 11:00:00
2019-06-05,6,156,12,13.461,93.33,0,0,2019-06-05 12:00:00
2019-06-05,6,156,13,16.523,86.21,0,0,2019-06-05 13:00:00
2019-06-05,6,156,14,19.187,76.5,0,0,2019-06-05 14:00:00
2019-06-05,6,156,15,18.711,70.79,0,0,2019-06-05 15:00:00
2019-06-05,6,156,16,18.806,69.42,0,0,2019-06-05 16:00:00
2019-06-05,6,156,17,20.329,71.93,0,0,2019-06-05 17:00:00
2019-06-05,6,156,18,17.475,74.59,0,0,2019-06-05 18:00:00
2019-06-05,6,156,19,14.996,82.84,0,0,2019-06-05 19:00:00
2019-06-05,6,156,20,14.038,86.72,2,0,2019-06-05 20:00:00
2019-06-05,6,156,21,13.558,89.56,1,0,2019-06-05 21:00:00
2019-06-05,6,156,22,13.173,90.91,0,0,2019-06-05 22:00:00
2019-06-05,6,156,23,12.883,91.64,0,0,2019-06-05 23:00:00
2019-06-06,6,157,0,12.497,92.42,2,0,2019-06-06 00:00:00
2019-06-06,6,157,1,12.013,93.24,0,0,2019-06-06 01:00:00
2019-06-06,6,157,2,12.207,93.25,0,0,2019-06-06 02:00:00
2019-06-06,6,157,3,11.722,93.22,0,0,2019-06-06 03:00:00
2019-06-06,6,157,4,11.334,93.19,0,0,2019-06-06 04:00:00
2019-06-06,6,157,5,11.139,90.83,0,0,2019-06-06 05:00:00
2019-06-06,6,157,6,11.041,88.3,0,0,2019-06-06 06:00:00
2019-06-06,6,157,7,10.748,85.34,0,0,2019-06-06 07:00:00
2019-06-06,6,157,8,10.944,81.99,0,0,2019-06-06 08:00:00
2019-06-06,6,157,9,11.334,76.25,0,0,2019-06-06 09:00:00
2019-06-06,6,157,10,12.304,71.24,0,0,2019-06-06 10:00:00
2019-06-06,6,157,11,15.091,61.29,0,0,2019-06-06 11:00:00
2019-06-06,6,157,12,17.76,55.9,0,0,2019-06-06 12:00:00
2019-06-06,6,157,13,21.187,58.14,0,0,2019-06-06 13:00:00
2019-06-06,6,157,14,23.581,51.99,0,0,2019-06-06 14:00:00
2019-06-06,6,157,15,21.664,52.85,0,0,2019-06-06 15:00:00
2019-06-06,6,157,16,21.664,54.55,0,0,2019-06-06 16:00:00
2019-06-06,6,157,17,23.292,59.76,0,0,2019-06-06 17:00:00
2019-06-06,6,157,18,19.853,66.05,0,0,2019-06-06 18:00:00
2019-06-06,6,157,19,16.903,74.85,0,0,2019-06-06 19:00:00
2019-06-06,6,157,20,15.569,79.89,2,0,2019-06-06 20:00:00
2019-06-06,6,157,21,14.996,83.21,1,0,2019-06-06 21:00:00
2019-06-06,6,157,22,14.613,85.74,0,0,2019-06-06 22:00:00
2019-06-06,6,157,23,14.038,86.72,1,0,2019-06-06 23:00:00
2019-06-07,6,158,0,13.461,87.23,0,0,2019-06-07 00:00:00
2019-06-07,6,158,1,13.173,86.23,0,0,2019-06-07 01:00:00
2019-06-07,6,158,2,12.98,86.23,0,0,2019-06-07 02:00:00
2019-06-07,6,158,3,12.883,88.33,0,0,2019-06-07 03:00:00
2019-06-07,6,158,4,13.076,88.92,0,0,2019-06-07 04:00:00
2019-06-07,6,158,5,12.594,89.53,0,0,2019-06-07 05:00:00
2019-06-07,6,158,6,12.11,90.17,0,0,2019-06-07 06:00:00
2019-06-07,6,158,7,12.497,90.88,0,0,2019-06-07 07:00:00
2019-06-07,6,158,8,12.69,90.89,0,0,2019-06-07 08:00:00
2019-06-07,6,158,9,12.304,90.87,0,0,2019-06-07 09:00:00
2019-06-07,6,158,10,12.304,91.61,0,0,2019-06-07 10:00:00
2019-06-07,6,158,11,12.401,91.62,0,0,2019-06-07 11:00:00
2019-06-07,6,158,12,12.98,92.44,0,0,2019-06-07 12:00:00
2019-06-07,6,158,13,13.365,93.32,0,0,2019-06-07 13:00:00
2019-06-07,6,158,14,12.787,93.29,0,0,2019-06-07 14:00:00
2019-06-07,6,158,15,12.304,93.26,0,0,2019-06-07 15:00:00
2019-06-07,6,158,16,11.916,93.23,0,0,2019-06-07 16:00:00
2019-06-07,6,158,17,11.819,94.14,0,0,2019-06-07 17:00:00
2019-06-07,6,158,18,11.625,94.13,0,0,2019-06-07 18:00:00
2019-06-07,6,158,19,11.528,94.12,0,0,2019-06-07 19:00:00
2019-06-07,6,158,20,11.431,94.11,0,0,2019-06-07 20:00:00
2019-06-07,6,158,21,11.236,95.09,0,0,2019-06-07 21:00:00
2019-06-07,6,158,22,11.139,95.08,0,0,2019-06-07 22:00:00
2019-06-07,6,158,23,11.139,95.08,0,0,2019-06-07 23:00:00
2019-06-08,6,159,0,10.846,95.06,0,0,2019-06-08 00:00:00
2019-06-08,6,159,1,10.748,96.14,0,0,2019-06-08 01:00:00
2019-06-08,6,159,2,10.748,96.14,0,0,2019-06-08 02:00:00
2019-06-08,6,159,3,10.651,96.13,0,0,2019-06-08 03:00:00
2019-06-08,6,159,4,10.553,96.12,0,0,2019-06-08 04:00:00
2019-06-08,6,159,5,10.553,96.12,0,0,2019-06-08 05:00:00
2019-06-08,6,159,6,10.651,96.13,0,0,2019-06-08 06:00:00
2019-06-08,6,159,7,10.553,96.12,0,0,2019-06-08 07:00:00
2019-06-08,6,159,8,9.965,96.07,0,0,2019-06-08 08:00:00
2019-06-08,6,159,9,9.866,96.06,0,0,2019-06-08 09:00:00
2019-06-08,6,159,10,9.965,96.07,0,0,2019-06-08 10:00:00
2019-06-08,6,159,11,10.063,97.27,0,0,2019-06-08 11:00:00
2019-06-08,6,159,12,10.455,97.31,0,0,2019-06-08 12:00:00
2019-06-08,6,159,13,10.553,97.32,0,0,2019-06-08 13:00:00
2019-06-08,6,159,14,10.846,97.34,0,0,2019-06-08 14:00:00
2019-06-08,6,159,15,11.041,96.16,0,0,2019-06-08 15:00:00
2019-06-08,6,159,16,11.431,96.19,0,0,2019-06-08 16:00:00
2019-06-08,6,159,17,11.041,96.16,0,0,2019-06-08 17:00:00
2019-06-08,6,159,18,11.041,96.16,0,0,2019-06-08 18:00:00
2019-06-08,6,159,19,10.748,96.14,0,0,2019-06-08 19:00:00
2019-06-08,6,159,20,10.455,96.11,0,0,2019-06-08 20:00:00
2019-06-08,6,159,21,10.455,96.11,0,0,2019-06-08 21:00:00
2019-06-08,6,159,22,10.259,96.09,0,0,2019-06-08 22:00:00
2019-06-08,6,159,23,10.161,96.08,0,0,2019-06-08 23:00:00
2019-06-09,6,160,0,10.161,97.28,0,0,2019-06-09 00:00:00
2019-06-09,6,160,1,9.669,96.04,0,0,2019-06-09 01:00:00
2019-06-09,6,160,2,8.978,95.98,0,0,2019-06-09 02:00:00
2019-06-09,6,160,3,8.182,95.91,0,0,2019-06-09 03:00:00
2019-06-09,6,160,4,7.481,95.85,0,0,2019-06-09 04:00:00
2019-06-09,6,160,5,6.573,95.77,0,0,2019-06-09 05:00:00
2019-06-09,6,160,6,5.962,94.67,0,0,2019-06-09 06:00:00
2019-06-09,6,160,7,5.45,94.63,0,0,2019-06-09 07:00:00
2019-06-09,6,160,8,5.45,94.63,0,0,2019-06-09 08:00:00
2019-06-09,6,160,9,5.655,95.69,0,0,2019-06-09 09:00:00
2019-06-09,6,160,10,6.268,95.74,0,0,2019-06-09 10:00:00
2019-06-09,6,160,11,7.983,97.07,0,0,2019-06-09 11:00:00
2019-06-09,6,160,12,9.965,97.26,0,0,2019-06-09 12:00:00
2019-06-09,6,160,13,12.69,96.3,0,0,2019-06-09 13:00:00
2019-06-09,6,160,14,15.187,86.22,0,0,2019-06-09 14:00:00
2019-06-09,6,160,15,15.473,79.61,0,0,2019-06-09 15:00:00
2019-06-09,6,160,16,15.664,76.85,0,0,2019-06-09 16:00:00
2019-06-09,6,160,17,17.475,73.15,0,0,2019-06-09 17:00:00
2019-06-09,6,160,18,13.846,80.59,0,0,2019-06-09 18:00:00
2019-06-09,6,160,19,12.69,86.23,0,0,2019-06-09 19:00:00
2019-06-09,6,160,20,12.594,88.91,0,0,2019-06-09 20:00:00
2019-06-09,6,160,21,12.497,90.19,0,0,2019-06-09 21:00:00
2019-06-09,6,160,22,12.401,90.88,0,0,2019-06-09 22:00:00
2019-06-09,6,160,23,12.304,91.61,0,0,2019-06-09 23:00:00
2019-06-10,6,161,0,12.304,92.4,0,0,2019-06-10 00:00:00
2019-06-10,6,161,1,12.207,92.4,0,0,2019-06-10 01:00:00
2019-06-10,6,161,2,12.013,93.24,0,0,2019-06-10 02:00:00
2019-06-10,6,161,3,12.013,93.24,0,0,2019-06-10 03:00:00
2019-06-10,6,161,4,11.819,93.23,0,0,2019-06-10 04:00:00
2019-06-10,6,161,5,11.625,93.21,0,0,2019-06-10 05:00:00
2019-06-10,6,161,6,11.625,94.13,0,0,2019-06-10 06:00:00
2019-06-10,6,161,7,11.528,94.12,0,0,2019-06-10 07:00:00
2019-06-10,6,161,8,11.334,94.11,0,0,2019-06-10 08:00:00
2019-06-10,6,161,9,11.722,95.13,0,0,2019-06-10 09:00:00
2019-06-10,6,161,10,11.722,94.13,0,0,2019-06-10 10:00:00
2019-06-10,6,161,11,12.013,94.15,0,0,2019-06-10 11:00:00
2019-06-10,6,161,12,13.942,94.29,0,0,2019-06-10 12:00:00
2019-06-10,6,161,13,16.427,89.0,0,0,2019-06-10 13:00:00
2019-06-10,6,161,14,19.282,79.64,0,0,2019-06-10 14:00:00
2019-06-10,6,161,15,19.092,74.79,0,0,2019-06-10 15:00:00
2019-06-10,6,161,16,19.567,74.74,0,0,2019-06-10 16:00:00
2019-06-10,6,161,17,21.378,72.99,0,0,2019-06-10 17:00:00
2019-06-10,6,161,18,17.95,79.44,1,0,2019-06-10 18:00:00
2019-06-10,6,161,19,15.76,84.82,0,0,2019-06-10 19:00:00
2019-06-10,6,161,20,14.9,88.36,0,0,2019-06-10 20:00:00
2019-06-10,6,161,21,14.23,90.25,0,0,2019-06-10 21:00:00
2019-06-10,6,161,22,13.461,90.92,0,0,2019-06-10 22:00:00
2019-06-10,6,161,23,12.787,91.64,0,0,2019-06-10 23:00:00
2019-06-11,6,162,0,12.401,92.41,0,0,2019-06-11 00:00:00
2019-06-11,6,162,1,11.236,92.35,0,0,2019-06-11 01:00:00
2019-06-11,6,162,2,10.944,92.33,0,0,2019-06-11 02:00:00
2019-06-11,6,162,3,10.259,91.52,0,0,2019-06-11 03:00:00
2019-06-11,6,162,4,9.965,89.46,0,0,2019-06-11 04:00:00
2019-06-11,6,162,5,9.866,86.24,0,0,2019-06-11 05:00:00
2019-06-11,6,162,6,10.161,87.22,0,0,2019-06-11 06:00:00
2019-06-11,6,162,7,10.748,87.22,0,0,2019-06-11 07:00:00
2019-06-11,6,162,8,11.334,87.22,0,0,2019-06-11 08:00:00
2019-06-11,6,162,9,11.625,88.89,0,0,2019-06-11 09:00:00
2019-06-11,6,162,10,11.528,88.31,0,0,2019-06-11 10:00:00
2019-06-11,6,162,11,12.497,88.32,0,0,2019-06-11 11:00:00
2019-06-11,6,162,12,13.654,88.34,0,0,2019-06-11 12:00:00
2019-06-11,6,162,13,14.996,86.22,0,0,2019-06-11 13:00:00
2019-06-11,6,162,14,16.713,78.97,0,0,2019-06-11 14:00:00
2019-06-11,6,162,15,16.427,78.99,0,0,2019-06-11 15:00:00
2019-06-11,6,162,16,16.999,76.72,0,0,2019-06-11 16:00:00
2019-06-11,6,162,17,19.282,73.26,0,0,2019-06-11 17:00:00
2019-06-11,6,162,18,16.046,77.27,0,0,2019-06-11 18:00:00
2019-06-11,6,162,19,14.517,83.61,0,0,2019-06-11 19:00:00
2019-06-11,6,162,20,14.325,86.22,0,0,2019-06-11 20:00:00
2019-06-11,6,162,21,14.23,87.78,0,0,2019-06-11 21:00:00
2019-06-11,6,162,22,14.134,88.95,0,0,2019-06-11 22:00:00
2019-06-11,6,162,23,13.942,89.57,0,0,2019-06-11 23:00:00
2019-06-12,6,163,0,13.846,90.23,0,0,2019-06-12 00:00:00
2019-06-12,6,163,1,13.269,90.21,0,0,2019-06-12 01:00:00
2019-06-12,6,163,2,12.11,90.87,0,0,2019-06-12 02:00:00
2019-06-12,6,163,3,11.334,90.83,0,0,2019-06-12 03:00:00
2019-06-12,6,163,4,10.846,91.54,0,0,2019-06-12 04:00:00
2019-06-12,6,163,5,10.357,92.3,0,0,2019-06-12 05:00:00
2019-06-12,6,163,6,9.866,92.27,0,0,2019-06-12 06:00:00
2019-06-12,6,163,7,9.571,92.25,0,0,2019-06-12 07:00:00
2019-06-12,6,163,8,9.768,89.45,0,0,2019-06-12 08:00:00
2019-06-12,6,163,9,11.139,79.92,0,0,2019-06-12 09:00:00
2019-06-12,6,163,10,12.787,66.85,0,0,2019-06-12 10:00:00
2019-06-12,6,163,11,15.378,52.56,0,0,2019-06-12 11:00:00
2019-06-12,6,163,12,16.999,53.53,0,0,2019-06-12 12:00:00
2019-06-12,6,163,13,18.711,68.21,0,0,2019-06-12 13:00:00
2019-06-12,6,163,14,21.569,63.66,0,0,2019-06-12 14:00:00
2019-06-12,6,163,15,20.519,62.96,0,0,2019-06-12 15:00:00
2019-06-12,6,163,16,20.234,67.14,0,0,2019-06-12 16:00:00
2019-06-12,6,163,17,22.429,64.67,0,0,2019-06-12 17:00:00
2019-06-12,6,163,18,18.901,66.96,0,0,2019-06-12 18:00:00
2019-06-12,6,163,19,15.951,71.07,0,0,2019-06-12 19:00:00
2019-06-12,6,163,20,15.187,77.82,0,0,2019-06-12 20:00:00
2019-06-12,6,163,21,14.325,82.16,0,0,2019-06-12 21:00:00
2019-06-12,6,163,22,13.173,84.05,1,0,2019-06-12 22:00:00
2019-06-12,6,163,23,12.98,85.76,1,0,2019-06-12 23:00:00
2019-06-13,6,164,0,12.594,85.31,0,0,2019-06-13 00:00:00
2019-06-13,6,164,1,12.497,84.88,0,0,2019-06-13 01:00:00
2019-06-13,6,164,2,12.594,82.93,0,0,2019-06-13 02:00:00
2019-06-13,6,164,3,12.207,81.6,0,0,2019-06-13 03:00:00
2019-06-13,6,164,4,12.013,79.33,0,0,2019-06-13 04:00:00
2019-06-13,6,164,5,11.625,80.16,0,0,2019-06-13 05:00:00
2019-06-13,6,164,6,11.625,80.16,0,0,2019-06-13 06:00:00
2019-06-13,6,164,7,11.139,81.98,0,0,2019-06-13 07:00:00
2019-06-13,6,164,8,10.944,82.65,0,0,2019-06-13 08:00:00
2019-06-13,6,164,9,11.334,83.34,0,0,2019-06-13 09:00:00
2019-06-13,6,164,10,12.013,83.32,0,0,2019-06-13 10:00:00
2019-06-13,6,164,11,13.942,81.19,0,0,2019-06-13 11:00:00
2019-06-13,6,164,12,15.473,77.32,0,0,2019-06-13 12:00:00
2019-06-13,6,164,13,17.95,75.33,0,0,2019-06-13 13:00:00
2019-06-13,6,164,14,19.567,75.36,0,0,2019-06-13 14:00:00
2019-06-13,6,164,15,19.948,72.65,0,0,2019-06-13 15:00:00
2019-06-13,6,164,16,19.662,76.69,0,0,2019-06-13 16:00:00
2019-06-13,6,164,17,20.519,78.4,0,0,2019-06-13 17:00:00
2019-06-13,6,164,18,18.045,82.35,0,0,2019-06-13 18:00:00
2019-06-13,6,164,19,16.999,86.72,0,0,2019-06-13 19:00:00
2019-06-13,6,164,20,16.903,88.39,1,0,2019-06-13 20:00:00
2019-06-13,6,164,21,16.713,89.0,0,0,2019-06-13 21:00:00
2019-06-13,6,164,22,16.046,89.63,1,0,2019-06-13 22:00:00
2019-06-13,6,164,23,15.091,90.27,0,0,2019-06-13 23:00:00
2019-06-14,6,165,0,15.187,91.75,0,0,2019-06-14 00:00:00
2019-06-14,6,165,1,14.996,92.55,0,0,2019-06-14 01:00:00
2019-06-14,6,165,2,14.134,92.51,1,0,2019-06-14 02:00:00
2019-06-14,6,165,3,13.75,92.48,0,0,2019-06-14 03:00:00
2019-06-14,6,165,4,13.942,93.36,0,0,2019-06-14 04:00:00
2019-06-14,6,165,5,14.134,94.3,0,0,2019-06-14 05:00:00
2019-06-14,6,165,6,14.613,94.34,0,0,2019-06-14 06:00:00
2019-06-14,6,165,7,14.421,94.32,1,0,2019-06-14 07:00:00
2019-06-14,6,165,8,14.613,94.34,0,0,2019-06-14 08:00:00
2019-06-14,6,165,9,14.709,95.36,0,0,2019-06-14 09:00:00
2019-06-14,6,165,10,15.187,95.4,0,0,2019-06-14 10:00:00
2019-06-14,6,165,11,15.664,95.44,0,0,2019-06-14 11:00:00
2019-06-14,6,165,12,16.332,95.49,0,0,2019-06-14 12:00:00
2019-06-14,6,165,13,16.999,93.55,0,0,2019-06-14 13:00:00
2019-06-14,6,165,14,17.284,92.68,0,0,2019-06-14 14:00:00
2019-06-14,6,165,15,17.855,89.68,0,0,2019-06-14 15:00:00
2019-06-14,6,165,16,17.475,89.67,0,0,2019-06-14 16:00:00
2019-06-14,6,165,17,17.189,91.07,0,0,2019-06-14 17:00:00
2019-06-14,6,165,18,16.713,91.82,0,0,2019-06-14 18:00:00
2019-06-14,6,165,19,16.332,93.51,0,0,2019-06-14 19:00:00
2019-06-14,6,165,20,16.046,94.44,0,0,2019-06-14 20:00:00
2019-06-14,6,165,21,15.76,94.42,1,0,2019-06-14 21:00:00
2019-06-14,6,165,22,15.569,95.43,0,0,2019-06-14 22:00:00
2019-06-14,6,165,23,15.569,95.43,0,0,2019-06-14 23:00:00
2019-06-15,6,166,0,15.473,95.42,1,0,2019-06-15 00:00:00
2019-06-15,6,166,1,15.473,96.54,1,0,2019-06-15 01:00:00
2019-06-15,6,166,2,15.378,96.53,0,0,2019-06-15 02:00:00
2019-06-15,6,166,3,15.187,96.52,0,0,2019-06-15 03:00:00
2019-06-15,6,166,4,15.091,96.51,0,0,2019-06-15 04:00:00
2019-06-15,6,166,5,14.996,96.5,0,0,2019-06-15 05:00:00
2019-06-15,6,166,6,14.804,96.49,0,0,2019-06-15 06:00:00
2019-06-15,6,166,7,14.613,97.7,0,0,2019-06-15 07:00:00
2019-06-15,6,166,8,14.517,97.69,0,0,2019-06-15 08:00:00
2019-06-15,6,166,9,14.23,97.66,0,0,2019-06-15 09:00:00
2019-06-15,6,166,10,14.325,97.67,0,0,2019-06-15 10:00:00
2019-06-15,6,166,11,14.23,97.66,0,0,2019-06-15 11:00:00
2019-06-15,6,166,12,14.421,97.68,0,0,2019-06-15 12:00:00
2019-06-15,6,166,13,14.038,97.64,0,0,2019-06-15 13:00:00
2019-06-15,6,166,14,14.23,97.66,0,0,2019-06-15 14:00:00
2019-06-15,6,166,15,14.23,97.66,0,0,2019-06-15 15:00:00
2019-06-15,6,166,16,13.846,97.63,0,0,2019-06-15 16:00:00
2019-06-15,6,166,17,13.461,97.59,0,0,2019-06-15 17:00:00
2019-06-15,6,166,18,12.98,97.55,0,0,2019-06-15 18:00:00
2019-06-15,6,166,19,12.401,97.49,0,0,2019-06-15 19:00:00
2019-06-15,6,166,20,12.304,97.48,0,0,2019-06-15 20:00:00
2019-06-15,6,166,21,12.013,97.45,0,0,2019-06-15 21:00:00
2019-06-15,6,166,22,11.722,97.43,0,0,2019-06-15 22:00:00
2019-06-15,6,166,23,11.528,97.41,1,0,2019-06-15 23:00:00
2019-06-16,6,167,0,10.748,97.33,0,0,2019-06-16 00:00:00
2019-06-16,6,167,1,10.161,97.28,0,0,2019-06-16 01:00:00
2019-06-16,6,167,2,9.669,96.04,0,0,2019-06-16 02:00:00
2019-06-16,6,167,3,9.373,96.02,0,0,2019-06-16 03:00:00
2019-06-16,6,167,4,9.077,95.99,0,0,2019-06-16 04:00:00
2019-06-16,6,167,5,8.581,95.95,0,0,2019-06-16 05:00:00
2019-06-16,6,167,6,8.581,95.95,0,0,2019-06-16 06:00:00
2019-06-16,6,167,7,8.282,95.92,0,0,2019-06-16 07:00:00
2019-06-16,6,167,8,8.182,95.91,0,0,2019-06-16 08:00:00
2019-06-16,6,167,9,7.983,95.89,0,0,2019-06-16 09:00:00
2019-06-16,6,167,10,8.082,95.9,0,0,2019-06-16 10:00:00
2019-06-16,6,167,11,8.182,95.91,0,0,2019-06-16 11:00:00
2019-06-16,6,167,12,8.481,95.94,0,0,2019-06-16 12:00:00
2019-06-16,6,167,13,8.978,95.98,0,0,2019-06-16 13:00:00
2019-06-16,6,167,14,9.077,95.99,0,0,2019-06-16 14:00:00
2019-06-16,6,167,15,8.382,94.87,0,0,2019-06-16 15:00:00
2019-06-16,6,167,16,8.082,94.84,0,0,2019-06-16 16:00:00
2019-06-16,6,167,17,10.063,94.02,0,0,2019-06-16 17:00:00
2019-06-16,6,167,18,7.179,88.23,0,0,2019-06-16 18:00:00
2019-06-16,6,167,19,6.37,93.75,0,0,2019-06-16 19:00:00
2019-06-16,6,167,20,5.86,95.71,0,0,2019-06-16 20:00:00
2019-06-16,6,167,21,5.757,96.86,0,0,2019-06-16 21:00:00
2019-06-16,6,167,22,5.655,98.15,0,0,2019-06-16 22:00:00
2019-06-16,6,167,23,5.655,99.63,0,0,2019-06-16 23:00:00
2019-06-17,6,168,0,5.655,99.63,0,0,2019-06-17 00:00:00
2019-06-17,6,168,1,5.45,99.61,0,0,2019-06-17 01:00:00
2019-06-17,6,168,2,5.244,99.58,0,0,2019-06-17 02:00:00
2019-06-17,6,168,3,4.934,99.55,0,0,2019-06-17 03:00:00
2019-06-17,6,168,4,4.934,100.0,0,0,2019-06-17 04:00:00
2019-06-17,6,168,5,4.934,100.0,0,0,2019-06-17 05:00:00
2019-06-17,6,168,6,4.934,100.0,0,0,2019-06-17 06:00:00
2019-06-17,6,168,7,4.934,100.0,0,0,2019-06-17 07:00:00
2019-06-17,6,168,8,4.831,100.0,0,0,2019-06-17 08:00:00
2019-06-17,6,168,9,5.037,100.0,0,0,2019-06-17 09:00:00
2019-06-17,6,168,10,5.347,100.0,0,0,2019-06-17 10:00:00
2019-06-17,6,168,11,5.962,100.0,0,0,2019-06-17 11:00:00
2019-06-17,6,168,12,6.877,100.0,0,0,2019-06-17 12:00:00
2019-06-17,6,168,13,7.381,100.0,0,0,2019-06-17 13:00:00
2019-06-17,6,168,14,8.382,100.0,0,0,2019-06-17 14:00:00
2019-06-17,6,168,15,8.68,99.96,0,0,2019-06-17 15:00:00
2019-06-17,6,168,16,8.481,99.94,0,0,2019-06-17 16:00:00
2019-06-17,6,168,17,7.983,99.89,0,0,2019-06-17 17:00:00
2019-06-17,6,168,18,7.782,99.87,1,0,2019-06-17 18:00:00
2019-06-17,6,168,19,7.079,99.79,0,0,2019-06-17 19:00:00
2019-06-17,6,168,20,6.877,99.76,0,0,2019-06-17 20:00:00
2019-06-17,6,168,21,7.079,100.0,0,0,2019-06-17 21:00:00
2019-06-17,6,168,22,7.079,100.0,0,0,2019-06-17 22:00:00
2019-06-17,6,168,23,6.166,100.0,0,0,2019-06-17 23:00:00
2019-06-18,6,169,0,5.962,100.0,0,0,2019-06-18 00:00:00
2019-06-18,6,169,1,5.552,100.0,0,0,2019-06-18 01:00:00
2019-06-18,6,169,2,5.86,100.0,0,0,2019-06-18 02:00:00
2019-06-18,6,169,3,6.573,100.0,0,0,2019-06-18 03:00:00
2019-06-18,6,169,4,6.978,100.0,0,0,2019-06-18 04:00:00
2019-06-18,6,169,5,6.37,100.0,0,0,2019-06-18 05:00:00
2019-06-18,6,169,6,5.86,100.0,0,0,2019-06-18 06:00:00
2019-06-18,6,169,7,6.166,100.0,0,0,2019-06-18 07:00:00
2019-06-18,6,169,8,5.141,100.0,0,0,2019-06-18 08:00:00
2019-06-18,6,169,9,5.347,100.0,0,0,2019-06-18 09:00:00
2019-06-18,6,169,10,5.86,100.0,0,0,2019-06-18 10:00:00
2019-06-18,6,169,11,7.179,100.0,0,0,2019-06-18 11:00:00
2019-06-18,6,169,12,8.282,100.0,0,0,2019-06-18 12:00:00
2019-06-18,6,169,13,8.879,100.0,0,0,2019-06-18 13:00:00
2019-06-18,6,169,14,8.978,100.0,0,0,2019-06-18 14:00:00
2019-06-18,6,169,15,9.275,100.0,0,0,2019-06-18 15:00:00
2019-06-18,6,169,16,8.581,100.0,0,0,2019-06-18 16:00:00
2019-06-18,6,169,17,8.481,100.0,0,0,2019-06-18 17:00:00
2019-06-18,6,169,18,7.983,100.0,0,0,2019-06-18 18:00:00
2019-06-18,6,169,19,7.179,100.0,0,0,2019-06-18 19:00:00
2019-06-18,6,169,20,6.877,100.0,0,0,2019-06-18 20:00:00
2019-06-18,6,169,21,6.877,100.0,0,0,2019-06-18 21:00:00
2019-06-18,6,169,22,6.166,100.0,0,0,2019-06-18 22:00:00
2019-06-18,6,169,23,5.655,100.0,0,0,2019-06-18 23:00:00
2019-06-19,6,170,0,5.347,100.0,0,0,2019-06-19 00:00:00
2019-06-19,6,170,1,5.141,100.0,0,0,2019-06-19 01:00:00
2019-06-19,6,170,2,5.141,100.0,0,0,2019-06-19 02:00:00
2019-06-19,6,170,3,5.141,100.0,0,0,2019-06-19 03:00:00
2019-06-19,6,170,4,4.831,100.0,0,0,2019-06-19 04:00:00
2019-06-19,6,170,5,4.623,100.0,0,0,2019-06-19 05:00:00
2019-06-19,6,170,6,4.415,100.0,0,0,2019-06-19 06:00:00
2019-06-19,6,170,7,3.788,100.0,0,0,2019-06-19 07:00:00
2019-06-19,6,170,8,3.155,100.0,0,0,2019-06-19 08:00:00
2019-06-19,6,170,9,3.472,100.0,0,0,2019-06-19 09:00:00
2019-06-19,6,170,10,4.102,100.0,0,0,2019-06-19 10:00:00
2019-06-19,6,170,11,6.978,93.8,0,0,2019-06-19 11:00:00
2019-06-19,6,170,12,11.528,64.97,0,0,2019-06-19 12:00:00
2019-06-19,6,170,13,13.942,53.35,0,0,2019-06-19 13:00:00
2019-06-19,6,170,14,17.379,42.99,0,0,2019-06-19 14:00:00
2019-06-19,6,170,15,17.665,45.02,0,0,2019-06-19 15:00:00
2019-06-19,6,170,16,17.57,50.3,0,0,2019-06-19 16:00:00
2019-06-19,6,170,17,20.043,59.19,0,0,2019-06-19 17:00:00
2019-06-19,6,170,18,14.517,69.4,0,0,2019-06-19 18:00:00
2019-06-19,6,170,19,11.334,81.97,0,0,2019-06-19 19:00:00
2019-06-19,6,170,20,9.866,88.85,0,0,2019-06-19 20:00:00
2019-06-19,6,170,21,9.077,92.23,0,0,2019-06-19 21:00:00
2019-06-19,6,170,22,8.581,93.91,0,0,2019-06-19 22:00:00
2019-06-19,6,170,23,8.082,94.84,0,0,2019-06-19 23:00:00
2019-06-20,6,171,0,7.582,95.86,0,0,2019-06-20 00:00:00
2019-06-20,6,171,1,7.079,96.98,0,0,2019-06-20 01:00:00
2019-06-20,6,171,2,6.674,96.94,0,0,2019-06-20 02:00:00
2019-06-20,6,171,3,6.674,95.78,0,0,2019-06-20 03:00:00
2019-06-20,6,171,4,6.471,94.71,0,0,2019-06-20 04:00:00
2019-06-20,6,171,5,6.775,93.78,0,0,2019-06-20 05:00:00
2019-06-20,6,171,6,6.471,88.22,0,0,2019-06-20 06:00:00
2019-06-20,6,171,7,6.37,86.72,0,0,2019-06-20 07:00:00
2019-06-20,6,171,8,6.268,84.61,0,0,2019-06-20 08:00:00
2019-06-20,6,171,9,6.37,80.78,0,0,2019-06-20 09:00:00
2019-06-20,6,171,10,6.877,78.56,0,0,2019-06-20 10:00:00
2019-06-20,6,171,11,8.481,70.89,0,0,2019-06-20 11:00:00
2019-06-20,6,171,12,10.944,67.4,0,0,2019-06-20 12:00:00
2019-06-20,6,171,13,13.461,58.66,0,0,2019-06-20 13:00:00
2019-06-20,6,171,14,16.713,55.87,0,0,2019-06-20 14:00:00
2019-06-20,6,171,15,16.713,61.29,0,0,2019-06-20 15:00:00
2019-06-20,6,171,16,16.618,64.19,0,0,2019-06-20 16:00:00
2019-06-20,6,171,17,20.138,65.8,0,0,2019-06-20 17:00:00
2019-06-20,6,171,18,15.091,70.03,0,0,2019-06-20 18:00:00
2019-06-20,6,171,19,12.013,81.94,0,0,2019-06-20 19:00:00
2019-06-20,6,171,20,10.651,87.74,0,0,2019-06-20 20:00:00
2019-06-20,6,171,21,9.866,91.5,0,0,2019-06-20 21:00:00
2019-06-20,6,171,22,9.472,93.97,0,0,2019-06-20 22:00:00
2019-06-20,6,171,23,8.978,94.91,0,0,2019-06-20 23:00:00
2019-06-21,6,172,0,8.581,95.95,0,0,2019-06-21 00:00:00
2019-06-21,6,172,1,8.382,95.93,0,0,2019-06-21 01:00:00
2019-06-21,6,172,2,8.182,97.09,0,0,2019-06-21 02:00:00
2019-06-21,6,172,3,7.983,97.07,0,0,2019-06-21 03:00:00
2019-06-21,6,172,4,7.682,97.04,0,0,2019-06-21 04:00:00
2019-06-21,6,172,5,7.582,97.03,0,0,2019-06-21 05:00:00
2019-06-21,6,172,6,7.481,97.02,0,0,2019-06-21 06:00:00
2019-06-21,6,172,7,7.381,95.84,0,0,2019-06-21 07:00:00
2019-06-21,6,172,8,7.481,95.85,0,0,2019-06-21 08:00:00
2019-06-21,6,172,9,7.682,95.87,0,0,2019-06-21 09:00:00
2019-06-21,6,172,10,8.382,93.9,0,0,2019-06-21 10:00:00
2019-06-21,6,172,11,10.161,85.79,0,0,2019-06-21 11:00:00
2019-06-21,6,172,12,12.497,82.24,0,0,2019-06-21 12:00:00
2019-06-21,6,172,13,14.996,77.37,0,0,2019-06-21 13:00:00
2019-06-21,6,172,14,18.236,68.41,0,0,2019-06-21 14:00:00
2019-06-21,6,172,15,18.236,66.77,0,0,2019-06-21 15:00:00
2019-06-21,6,172,16,18.331,69.5,0,0,2019-06-21 16:00:00
2019-06-21,6,172,17,21.378,69.0,0,0,2019-06-21 17:00:00
2019-06-21,6,172,18,17.379,69.53,0,0,2019-06-21 18:00:00
2019-06-21,6,172,19,14.709,82.49,0,0,2019-06-21 19:00:00
2019-06-21,6,172,20,14.038,87.78,0,0,2019-06-21 20:00:00
2019-06-21,6,172,21,13.654,91.68,0,0,2019-06-21 21:00:00
2019-06-21,6,172,22,13.269,94.24,1,0,2019-06-21 22:00:00
2019-06-21,6,172,23,12.594,95.2,0,0,2019-06-21 23:00:00
2019-06-22,6,173,0,12.401,96.28,0,0,2019-06-22 00:00:00
2019-06-22,6,173,1,12.207,96.26,0,0,2019-06-22 01:00:00
2019-06-22,6,173,2,12.013,97.45,0,0,2019-06-22 02:00:00
2019-06-22,6,173,3,11.722,97.43,0,0,2019-06-22 03:00:00
2019-06-22,6,173,4,11.819,98.78,0,0,2019-06-22 04:00:00
2019-06-22,6,173,5,11.528,98.75,0,0,2019-06-22 05:00:00
2019-06-22,6,173,6,11.625,98.76,0,0,2019-06-22 06:00:00
2019-06-22,6,173,7,12.304,98.83,0,0,2019-06-22 07:00:00
2019-06-22,6,173,8,12.401,98.84,0,0,2019-06-22 08:00:00
2019-06-22,6,173,9,12.497,98.85,0,0,2019-06-22 09:00:00
2019-06-22,6,173,10,13.269,100.0,0,0,2019-06-22 10:00:00
2019-06-22,6,173,11,13.846,98.99,0,0,2019-06-22 11:00:00
2019-06-22,6,173,12,14.709,96.48,0,0,2019-06-22 12:00:00
2019-06-22,6,173,13,15.282,94.38,0,0,2019-06-22 13:00:00
2019-06-22,6,173,14,17.57,86.21,0,0,2019-06-22 14:00:00
2019-06-22,6,173,15,17.379,81.33,0,0,2019-06-22 15:00:00
2019-06-22,6,173,16,17.379,82.75,0,0,2019-06-22 16:00:00
2019-06-22,6,173,17,20.71,77.33,0,0,2019-06-22 17:00:00
2019-06-22,6,173,18,16.618,80.42,0,0,2019-06-22 18:00:00
2019-06-22,6,173,19,14.517,87.78,0,0,2019-06-22 19:00:00
2019-06-22,6,173,20,13.846,92.49,0,0,2019-06-22 20:00:00
2019-06-22,6,173,21,13.365,95.26,0,0,2019-06-22 21:00:00
2019-06-22,6,173,22,13.076,97.55,2,0,2019-06-22 22:00:00
2019-06-22,6,173,23,12.98,97.55,2,0,2019-06-22 23:00:00
2019-06-23,6,174,0,12.594,98.86,0,0,2019-06-23 00:00:00
2019-06-23,6,174,1,12.497,98.85,0,0,2019-06-23 01:00:00
2019-06-23,6,174,2,12.401,100.0,0,0,2019-06-23 02:00:00
2019-06-23,6,174,3,12.207,100.0,0,0,2019-06-23 03:00:00
2019-06-23,6,174,4,12.11,100.0,0,0,2019-06-23 04:00:00
2019-06-23,6,174,5,11.916,100.0,0,0,2019-06-23 05:00:00
2019-06-23,6,174,6,11.916,100.0,0,0,2019-06-23 06:00:00
2019-06-23,6,174,7,11.819,100.0,0,0,2019-06-23 07:00:00
2019-06-23,6,174,8,11.528,100.0,0,0,2019-06-23 08:00:00
2019-06-23,6,174,9,10.944,100.0,0,0,2019-06-23 09:00:00
2019-06-23,6,174,10,10.846,100.0,0,0,2019-06-23 10:00:00
2019-06-23,6,174,11,12.69,100.0,0,0,2019-06-23 11:00:00
2019-06-23,6,174,12,14.996,97.73,0,0,2019-06-23 12:00:00
2019-06-23,6,174,13,17.57,87.82,0,0,2019-06-23 13:00:00
2019-06-23,6,174,14,20.996,76.56,0,0,2019-06-23 14:00:00
2019-06-23,6,174,15,21.282,69.83,0,0,2019-06-23 15:00:00
2019-06-23,6,174,16,20.996,67.23,0,0,2019-06-23 16:00:00
2019-06-23,6,174,17,24.158,63.12,0,0,2019-06-23 17:00:00
2019-06-23,6,174,18,19.567,70.1,0,0,2019-06-23 18:00:00
2019-06-23,6,174,19,16.237,79.01,0,0,2019-06-23 19:00:00
2019-06-23,6,174,20,14.9,84.0,0,0,2019-06-23 20:00:00
2019-06-23,6,174,21,14.325,87.24,0,0,2019-06-23 21:00:00
2019-06-23,6,174,22,14.134,89.58,0,0,2019-06-23 22:00:00
2019-06-23,6,174,23,14.134,90.95,1,0,2019-06-23 23:00:00
2019-06-24,6,175,0,13.846,94.28,0,0,2019-06-24 00:00:00
2019-06-24,6,175,1,13.173,94.24,0,0,2019-06-24 01:00:00
2019-06-24,6,175,2,12.69,90.19,0,0,2019-06-24 02:00:00
2019-06-24,6,175,3,12.69,80.09,0,0,2019-06-24 03:00:00
2019-06-24,6,175,4,12.594,73.01,0,0,2019-06-24 04:00:00
2019-06-24,6,175,5,13.173,59.13,0,0,2019-06-24 05:00:00
2019-06-24,6,175,6,13.365,51.49,0,0,2019-06-24 06:00:00
2019-06-24,6,175,7,13.461,47.09,0,0,2019-06-24 07:00:00
2019-06-24,6,175,8,13.654,44.6,0,0,2019-06-24 08:00:00
2019-06-24,6,175,9,13.558,46.7,0,0,2019-06-24 09:00:00
2019-06-24,6,175,10,13.942,45.86,0,0,2019-06-24 10:00:00
2019-06-24,6,175,11,15.951,42.83,0,0,2019-06-24 11:00:00
2019-06-24,6,175,12,17.855,47.23,0,0,2019-06-24 12:00:00
2019-06-24,6,175,13,19.758,48.79,0,0,2019-06-24 13:00:00
2019-06-24,6,175,14,22.717,49.52,0,0,2019-06-24 14:00:00
2019-06-24,6,175,15,22.812,46.52,0,0,2019-06-24 15:00:00
2019-06-24,6,175,16,22.238,51.13,0,0,2019-06-24 16:00:00
2019-06-24,6,175,17,24.641,51.96,0,0,2019-06-24 17:00:00
2019-06-24,6,175,18,20.519,59.88,0,0,2019-06-24 18:00:00
2019-06-24,6,175,19,16.999,71.19,0,0,2019-06-24 19:00:00
2019-06-24,6,175,20,15.569,80.18,0,0,2019-06-24 20:00:00
2019-06-24,6,175,21,14.804,85.74,1,0,2019-06-24 21:00:00
2019-06-24,6,175,22,14.23,88.35,1,0,2019-06-24 22:00:00
2019-06-24,6,175,23,13.654,90.23,0,0,2019-06-24 23:00:00
2019-06-25,6,176,0,12.594,90.19,0,0,2019-06-25 00:00:00
2019-06-25,6,176,1,12.69,86.72,0,0,2019-06-25 01:00:00
2019-06-25,6,176,2,12.594,83.67,0,0,2019-06-25 02:00:00
2019-06-25,6,176,3,12.497,77.83,0,0,2019-06-25 03:00:00
2019-06-25,6,176,4,14.134,52.5,0,0,2019-06-25 04:00:00
2019-06-25,6,176,5,14.421,48.97,0,0,2019-06-25 05:00:00
2019-06-25,6,176,6,14.23,85.29,0,0,2019-06-25 06:00:00
2019-06-25,6,176,7,14.325,90.25,0,0,2019-06-25 07:00:00
2019-06-25,6,176,8,14.23,93.38,0,0,2019-06-25 08:00:00
2019-06-25,6,176,9,14.23,94.31,0,0,2019-06-25 09:00:00
2019-06-25,6,176,10,13.846,95.3,0,0,2019-06-25 10:00:00
2019-06-25,6,176,11,13.173,97.56,0,0,2019-06-25 11:00:00
2019-06-25,6,176,12,13.173,100.0,0,0,2019-06-25 12:00:00
2019-06-25,6,176,13,12.883,100.0,0,0,2019-06-25 13:00:00
2019-06-25,6,176,14,8.481,98.44,0,0,2019-06-25 14:00:00
2019-06-25,6,176,15,5.655,98.15,0,0,2019-06-25 15:00:00
2019-06-25,6,176,16,5.552,99.62,0,0,2019-06-25 16:00:00
2019-06-25,6,176,17,4.727,99.52,0,0,2019-06-25 17:00:00
2019-06-25,6,176,18,5.141,99.57,0,0,2019-06-25 18:00:00
2019-06-25,6,176,19,4.727,100.0,0,0,2019-06-25 19:00:00
2019-06-25,6,176,20,4.727,100.0,0,0,2019-06-25 20:00:00
2019-06-25,6,176,21,5.141,100.0,0,0,2019-06-25 21:00:00
2019-06-25,6,176,22,4.727,100.0,1,0,2019-06-25 22:00:00
2019-06-25,6,176,23,4.934,100.0,1,0,2019-06-25 23:00:00
2019-06-26,6,177,0,5.141,100.0,1,0,2019-06-26 00:00:00
2019-06-26,6,177,1,5.347,100.0,0,0,2019-06-26 01:00:00
2019-06-26,6,177,2,4.934,100.0,0,0,2019-06-26 02:00:00
2019-06-26,6,177,3,4.415,100.0,0,0,2019-06-26 03:00:00
2019-06-26,6,177,4,4.311,100.0,0,0,2019-06-26 04:00:00
2019-06-26,6,177,5,4.727,100.0,0,0,2019-06-26 05:00:00
2019-06-26,6,177,6,5.141,100.0,0,0,2019-06-26 06:00:00
2019-06-26,6,177,7,5.037,100.0,0,0,2019-06-26 07:00:00
2019-06-26,6,177,8,5.037,100.0,0,0,2019-06-26 08:00:00
2019-06-26,6,177,9,4.727,100.0,0,0,2019-06-26 09:00:00
2019-06-26,6,177,10,4.623,100.0,0,0,2019-06-26 10:00:00
2019-06-26,6,177,11,6.37,100.0,0,0,2019-06-26 11:00:00
2019-06-26,6,177,12,7.882,100.0,0,0,2019-06-26 12:00:00
2019-06-26,6,177,13,8.879,100.0,0,0,2019-06-26 13:00:00
2019-06-26,6,177,14,9.768,100.0,0,0,2019-06-26 14:00:00
2019-06-26,6,177,15,10.063,100.0,0,0,2019-06-26 15:00:00
2019-06-26,6,177,16,10.748,100.0,0,0,2019-06-26 16:00:00
2019-06-26,6,177,17,13.076,98.91,0,0,2019-06-26 17:00:00
2019-06-26,6,177,18,10.553,93.15,0,0,2019-06-26 18:00:00
2019-06-26,6,177,19,8.779,95.96,1,0,2019-06-26 19:00:00
2019-06-26,6,177,20,8.779,98.47,0,0,2019-06-26 20:00:00
2019-06-26,6,177,21,8.68,99.96,0,0,2019-06-26 21:00:00
2019-06-26,6,177,22,8.282,99.92,0,0,2019-06-26 22:00:00
2019-06-26,6,177,23,7.882,99.88,0,0,2019-06-26 23:00:00
2019-06-27,6,178,0,7.882,99.88,0,0,2019-06-27 00:00:00
2019-06-27,6,178,1,8.082,100.0,0,0,2019-06-27 01:00:00
2019-06-27,6,178,2,7.983,100.0,0,0,2019-06-27 02:00:00
2019-06-27,6,178,3,7.882,100.0,0,0,2019-06-27 03:00:00
2019-06-27,6,178,4,7.582,100.0,0,0,2019-06-27 04:00:00
2019-06-27,6,178,5,7.28,100.0,0,0,2019-06-27 05:00:00
2019-06-27,6,178,6,6.978,100.0,0,0,2019-06-27 06:00:00
2019-06-27,6,178,7,6.471,100.0,0,0,2019-06-27 07:00:00
2019-06-27,6,178,8,5.962,100.0,0,0,2019-06-27 08:00:00
2019-06-27,6,178,9,5.757,100.0,0,0,2019-06-27 09:00:00
2019-06-27,6,178,10,5.655,100.0,0,0,2019-06-27 10:00:00
2019-06-27,6,178,11,7.882,100.0,0,0,2019-06-27 11:00:00
2019-06-27,6,178,12,10.161,100.0,0,0,2019-06-27 12:00:00
2019-06-27,6,178,13,11.625,100.0,0,0,2019-06-27 13:00:00
2019-06-27,6,178,14,12.304,97.48,0,0,2019-06-27 14:00:00
2019-06-27,6,178,15,13.365,93.32,0,0,2019-06-27 15:00:00
2019-06-27,6,178,16,13.654,90.93,0,0,2019-06-27 16:00:00
2019-06-27,6,178,17,16.903,90.34,0,0,2019-06-27 17:00:00
2019-06-27,6,178,18,13.942,85.29,0,0,2019-06-27 18:00:00
2019-06-27,6,178,19,11.334,91.57,0,0,2019-06-27 19:00:00
2019-06-27,6,178,20,10.553,95.04,0,0,2019-06-27 20:00:00
2019-06-27,6,178,21,9.768,97.24,1,0,2019-06-27 21:00:00
2019-06-27,6,178,22,9.472,98.54,1,0,2019-06-27 22:00:00
2019-06-27,6,178,23,9.275,100.0,0,0,2019-06-27 23:00:00
2019-06-28,6,179,0,9.176,100.0,0,0,2019-06-28 00:00:00
2019-06-28,6,179,1,8.581,99.95,0,0,2019-06-28 01:00:00
2019-06-28,6,179,2,8.978,100.0,0,0,2019-06-28 02:00:00
2019-06-28,6,179,3,8.68,99.96,0,0,2019-06-28 03:00:00
2019-06-28,6,179,4,10.455,94.04,0,0,2019-06-28 04:00:00
2019-06-28,6,179,5,13.846,51.85,0,0,2019-06-28 05:00:00
2019-06-28,6,179,6,13.461,49.96,0,0,2019-06-28 06:00:00
2019-06-28,6,179,7,14.038,43.13,0,0,2019-06-28 07:00:00
2019-06-28,6,179,8,13.365,47.52,0,0,2019-06-28 08:00:00
2019-06-28,6,179,9,13.942,45.2,0,0,2019-06-28 09:00:00
2019-06-28,6,179,10,14.9,41.66,0,0,2019-06-28 10:00:00
2019-06-28,6,179,11,17.475,40.13,0,0,2019-06-28 11:00:00
2019-06-28,6,179,12,21.855,31.86,0,0,2019-06-28 12:00:00
2019-06-28,6,179,13,25.125,28.04,0,0,2019-06-28 13:00:00
2019-06-28,6,179,14,27.862,27.1,0,0,2019-06-28 14:00:00
2019-06-28,6,179,15,29.452,15.0,0,0,2019-06-28 15:00:00
2019-06-28,6,179,16,29.053,24.92,0,0,2019-06-28 16:00:00
2019-06-28,6,179,17,27.075,31.27,0,0,2019-06-28 17:00:00
2019-06-28,6,179,18,22.429,49.78,0,0,2019-06-28 18:00:00
2019-06-28,6,179,19,18.901,47.64,0,0,2019-06-28 19:00:00
2019-06-28,6,179,20,17.379,53.15,1,0,2019-06-28 20:00:00
2019-06-28,6,179,21,16.141,53.5,0,0,2019-06-28 21:00:00
2019-06-28,6,179,22,15.473,62.44,0,0,2019-06-28 22:00:00
2019-06-28,6,179,23,14.804,65.57,0,0,2019-06-28 23:00:00
2019-06-29,6,180,0,14.517,71.02,0,0,2019-06-29 00:00:00
2019-06-29,6,180,1,13.461,72.15,0,0,2019-06-29 01:00:00
2019-06-29,6,180,2,13.365,70.81,0,0,2019-06-29 02:00:00
2019-06-29,6,180,3,13.076,68.66,0,0,2019-06-29 03:00:00
2019-06-29,6,180,4,12.594,71.86,0,0,2019-06-29 04:00:00
2019-06-29,6,180,5,11.819,75.82,0,0,2019-06-29 05:00:00
2019-06-29,6,180,6,11.916,73.57,0,0,2019-06-29 06:00:00
2019-06-29,6,180,7,11.334,75.87,0,0,2019-06-29 07:00:00
2019-06-29,6,180,8,11.722,73.91,0,0,2019-06-29 08:00:00
2019-06-29,6,180,9,12.594,65.6,0,0,2019-06-29 09:00:00
2019-06-29,6,180,10,13.365,66.92,0,0,2019-06-29 10:00:00
2019-06-29,6,180,11,15.473,57.74,0,0,2019-06-29 11:00:00
2019-06-29,6,180,12,17.57,63.51,0,0,2019-06-29 12:00:00
2019-06-29,6,180,13,19.567,60.76,0,0,2019-06-29 13:00:00
2019-06-29,6,180,14,22.717,52.9,0,0,2019-06-29 14:00:00
2019-06-29,6,180,15,22.238,54.72,0,0,2019-06-29 15:00:00
2019-06-29,6,180,16,21.76,59.33,0,0,2019-06-29 16:00:00
2019-06-29,6,180,17,22.812,66.12,0,0,2019-06-29 17:00:00
2019-06-29,6,180,18,17.95,78.6,0,0,2019-06-29 18:00:00
2019-06-29,6,180,19,15.664,86.72,2,0,2019-06-29 19:00:00
2019-06-29,6,180,20,15.187,91.75,0,0,2019-06-29 20:00:00
2019-06-29,6,180,21,15.091,92.56,0,0,2019-06-29 21:00:00
2019-06-29,6,180,22,14.709,93.41,1,0,2019-06-29 22:00:00
2019-06-29,6,180,23,14.134,95.32,1,0,2019-06-29 23:00:00
2019-06-30,6,181,0,13.846,96.4,1,0,2019-06-30 00:00:00
2019-06-30,6,181,1,13.654,97.61,3,0,2019-06-30 01:00:00
2019-06-30,6,181,2,13.365,98.94,2,0,2019-06-30 02:00:00
2019-06-30,6,181,3,12.98,98.9,2,0,2019-06-30 03:00:00
2019-06-30,6,181,4,12.98,100.0,2,0,2019-06-30 04:00:00
2019-06-30,6,181,5,12.401,100.0,2,0,2019-06-30 05:00:00
2019-06-30,6,181,6,11.819,100.0,2,0,2019-06-30 06:00:00
2019-06-30,6,181,7,11.431,100.0,1,0,2019-06-30 07:00:00
2019-06-30,6,181,8,11.236,100.0,0,0,2019-06-30 08:00:00
2019-06-30,6,181,9,11.139,100.0,0,0,2019-06-30 09:00:00
2019-06-30,6,181,10,10.846,100.0,0,0,2019-06-30 10:00:00
2019-06-30,6,181,11,10.944,100.0,0,0,2019-06-30 11:00:00
2019-06-30,6,181,12,11.139,100.0,0,0,2019-06-30 12:00:00
2019-06-30,6,181,13,11.431,100.0,0,0,2019-06-30 13:00:00
2019-06-30,6,181,14,11.139,100.0,0,0,2019-06-30 14:00:00
2019-06-30,6,181,15,10.455,100.0,0,0,2019-06-30 15:00:00
2019-06-30,6,181,16,10.553,100.0,0,0,2019-06-30 16:00:00
2019-06-30,6,181,17,10.161,100.0,0,0,2019-06-30 17:00:00
2019-06-30,6,181,18,9.965,100.0,0,0,2019-06-30 18:00:00
2019-06-30,6,181,19,9.571,100.0,2,0,2019-06-30 19:00:00
2019-06-30,6,181,20,9.571,100.0,2,0,2019-06-30 20:00:00
2019-06-30,6,181,21,9.571,100.0,2,0,2019-06-30 21:00:00
2019-06-30,6,181,22,9.275,100.0,2,0,2019-06-30 22:00:00
2019-06-30,6,181,23,9.373,100.0,2,0,2019-06-30 23:00:00
2019-07-01,7,182,0,9.077,100.0,2,0,2019-07-01 00:00:00
2019-07-01,7,182,1,9.077,100.0,2,0,2019-07-01 01:00:00
2019-07-01,7,182,2,9.176,100.0,2,0,2019-07-01 02:00:00
2019-07-01,7,182,3,9.077,100.0,2,0,2019-07-01 03:00:00
2019-07-01,7,182,4,9.176,100.0,1,0,2019-07-01 04:00:00
2019-07-01,7,182,5,8.879,100.0,2,0,2019-07-01 05:00:00
2019-07-01,7,182,6,8.382,100.0,0,0,2019-07-01 06:00:00
2019-07-01,7,182,7,7.782,100.0,0,0,2019-07-01 07:00:00
2019-07-01,7,182,8,7.28,100.0,0,0,2019-07-01 08:00:00
2019-07-01,7,182,9,6.978,100.0,0,0,2019-07-01 09:00:00
2019-07-01,7,182,10,7.481,100.0,0,0,2019-07-01 10:00:00
2019-07-01,7,182,11,7.582,100.0,0,0,2019-07-01 11:00:00
2019-07-01,7,182,12,7.782,100.0,0,0,2019-07-01 12:00:00
2019-07-01,7,182,13,8.282,100.0,0,0,2019-07-01 13:00:00
2019-07-01,7,182,14,8.382,100.0,0,0,2019-07-01 14:00:00
2019-07-01,7,182,15,8.382,100.0,0,0,2019-07-01 15:00:00
2019-07-01,7,182,16,8.182,100.0,0,0,2019-07-01 16:00:00
2019-07-01,7,182,17,8.282,100.0,0,0,2019-07-01 17:00:00
2019-07-01,7,182,18,7.782,100.0,0,0,2019-07-01 18:00:00
2019-07-01,7,182,19,7.481,100.0,0,0,2019-07-01 19:00:00
2019-07-01,7,182,20,7.582,100.0,0,0,2019-07-01 20:00:00
2019-07-01,7,182,21,7.582,100.0,1,0,2019-07-01 21:00:00
2019-07-01,7,182,22,7.582,100.0,1,0,2019-07-01 22:00:00
2019-07-01,7,182,23,7.682,100.0,1,0,2019-07-01 23:00:00
2019-07-02,7,183,0,7.582,100.0,1,0,2019-07-02 00:00:00
2019-07-02,7,183,1,7.28,100.0,0,0,2019-07-02 01:00:00
2019-07-02,7,183,2,6.775,100.0,0,0,2019-07-02 02:00:00
2019-07-02,7,183,3,6.37,100.0,0,0,2019-07-02 03:00:00
2019-07-02,7,183,4,6.268,100.0,0,0,2019-07-02 04:00:00
2019-07-02,7,183,5,6.166,100.0,0,0,2019-07-02 05:00:00
2019-07-02,7,183,6,6.775,100.0,0,0,2019-07-02 06:00:00
2019-07-02,7,183,7,7.983,100.0,0,0,2019-07-02 07:00:00
2019-07-02,7,183,8,8.779,100.0,0,0,2019-07-02 08:00:00
2019-07-02,7,183,9,9.669,100.0,0,0,2019-07-02 09:00:00
2019-07-02,7,183,10,11.139,100.0,0,0,2019-07-02 10:00:00
2019-07-02,7,183,11,12.69,100.0,0,0,2019-07-02 11:00:00
2019-07-02,7,183,12,14.9,100.0,0,0,2019-07-02 12:00:00
2019-07-02,7,183,13,17.57,100.0,0,0,2019-07-02 13:00:00
2019-07-02,7,183,14,20.043,98.2,0,0,2019-07-02 14:00:00
2019-07-02,7,183,15,20.234,77.88,0,0,2019-07-02 15:00:00
2019-07-02,7,183,16,21.473,56.55,0,0,2019-07-02 16:00:00
2019-07-02,7,183,17,19.853,56.3,0,0,2019-07-02 17:00:00
2019-07-02,7,183,18,17.189,56.29,0,0,2019-07-02 18:00:00
2019-07-02,7,183,19,15.951,59.33,0,0,2019-07-02 19:00:00
2019-07-02,7,183,20,15.091,61.67,0,0,2019-07-02 20:00:00
2019-07-02,7,183,21,14.517,62.73,1,0,2019-07-02 21:00:00
2019-07-02,7,183,22,13.942,65.0,0,0,2019-07-02 22:00:00
2019-07-02,7,183,23,13.558,60.76,0,0,2019-07-02 23:00:00
2019-07-03,7,184,0,13.269,64.07,0,0,2019-07-03 00:00:00
2019-07-03,7,184,1,13.461,61.74,0,0,2019-07-03 01:00:00
2019-07-03,7,184,2,13.846,59.64,0,0,2019-07-03 02:00:00
2019-07-03,7,184,3,12.883,67.68,0,0,2019-07-03 03:00:00
2019-07-03,7,184,4,10.553,82.01,0,0,2019-07-03 04:00:00
2019-07-03,7,184,5,9.768,88.28,0,0,2019-07-03 05:00:00
2019-07-03,7,184,6,9.373,89.44,0,0,2019-07-03 06:00:00
2019-07-03,7,184,7,8.382,92.19,0,0,2019-07-03 07:00:00
2019-07-03,7,184,8,8.282,93.89,0,0,2019-07-03 08:00:00
2019-07-03,7,184,9,7.983,94.83,0,0,2019-07-03 09:00:00
2019-07-03,7,184,10,8.68,95.96,0,0,2019-07-03 10:00:00
2019-07-03,7,184,11,8.481,94.87,0,0,2019-07-03 11:00:00
2019-07-03,7,184,12,8.68,93.92,0,0,2019-07-03 12:00:00
2019-07-03,7,184,13,8.879,93.04,0,0,2019-07-03 13:00:00
2019-07-03,7,184,14,8.382,93.9,0,0,2019-07-03 14:00:00
2019-07-03,7,184,15,8.581,94.88,0,0,2019-07-03 15:00:00
2019-07-03,7,184,16,8.282,94.86,0,0,2019-07-03 16:00:00
2019-07-03,7,184,17,7.983,95.89,0,0,2019-07-03 17:00:00
2019-07-03,7,184,18,7.782,97.05,0,0,2019-07-03 18:00:00
2019-07-03,7,184,19,7.481,97.02,0,0,2019-07-03 19:00:00
2019-07-03,7,184,20,7.381,98.33,0,0,2019-07-03 20:00:00
2019-07-03,7,184,21,7.381,99.82,0,0,2019-07-03 21:00:00
2019-07-03,7,184,22,7.179,99.8,0,0,2019-07-03 22:00:00
2019-07-03,7,184,23,7.28,99.81,0,0,2019-07-03 23:00:00
2019-07-04,7,185,0,7.179,99.8,0,0,2019-07-04 00:00:00
2019-07-04,7,185,1,7.179,100.0,0,0,2019-07-04 01:00:00
2019-07-04,7,185,2,6.978,100.0,0,0,2019-07-04 02:00:00
2019-07-04,7,185,3,7.179,100.0,0,0,2019-07-04 03:00:00
2019-07-04,7,185,4,7.179,100.0,0,0,2019-07-04 04:00:00
2019-07-04,7,185,5,7.179,100.0,0,0,2019-07-04 05:00:00
2019-07-04,7,185,6,7.079,100.0,0,0,2019-07-04 06:00:00
2019-07-04,7,185,7,6.978,100.0,0,0,2019-07-04 07:00:00
2019-07-04,7,185,8,6.775,100.0,0,0,2019-07-04 08:00:00
2019-07-04,7,185,9,6.775,100.0,0,0,2019-07-04 09:00:00
2019-07-04,7,185,10,7.079,100.0,0,0,2019-07-04 10:00:00
2019-07-04,7,185,11,7.582,100.0,0,0,2019-07-04 11:00:00
2019-07-04,7,185,12,7.582,100.0,0,0,2019-07-04 12:00:00
2019-07-04,7,185,13,8.082,100.0,0,0,2019-07-04 13:00:00
2019-07-04,7,185,14,8.082,99.9,0,0,2019-07-04 14:00:00
2019-07-04,7,185,15,7.882,99.88,0,0,2019-07-04 15:00:00
2019-07-04,7,185,16,7.682,99.85,0,0,2019-07-04 16:00:00
2019-07-04,7,185,17,7.582,99.84,0,0,2019-07-04 17:00:00
2019-07-04,7,185,18,7.079,99.79,0,0,2019-07-04 18:00:00
2019-07-04,7,185,19,6.877,99.76,0,0,2019-07-04 19:00:00
2019-07-04,7,185,20,6.471,99.72,0,0,2019-07-04 20:00:00
2019-07-04,7,185,21,6.37,100.0,0,0,2019-07-04 21:00:00
2019-07-04,7,185,22,6.37,100.0,0,0,2019-07-04 22:00:00
2019-07-04,7,185,23,6.37,100.0,0,0,2019-07-04 23:00:00
2019-07-05,7,186,0,5.757,100.0,0,0,2019-07-05 00:00:00
2019-07-05,7,186,1,5.86,100.0,0,0,2019-07-05 01:00:00
2019-07-05,7,186,2,4.831,100.0,0,0,2019-07-05 02:00:00
2019-07-05,7,186,3,4.102,100.0,0,0,2019-07-05 03:00:00
2019-07-05,7,186,4,3.998,100.0,0,0,2019-07-05 04:00:00
2019-07-05,7,186,5,4.102,100.0,0,0,2019-07-05 05:00:00
2019-07-05,7,186,6,3.683,100.0,0,0,2019-07-05 06:00:00
2019-07-05,7,186,7,3.893,100.0,0,0,2019-07-05 07:00:00
2019-07-05,7,186,8,3.893,100.0,0,0,2019-07-05 08:00:00
2019-07-05,7,186,9,4.519,100.0,0,0,2019-07-05 09:00:00
2019-07-05,7,186,10,5.244,100.0,0,0,2019-07-05 10:00:00
2019-07-05,7,186,11,6.37,100.0,0,0,2019-07-05 11:00:00
2019-07-05,7,186,12,6.978,100.0,0,0,2019-07-05 12:00:00
2019-07-05,7,186,13,8.382,100.0,0,0,2019-07-05 13:00:00
2019-07-05,7,186,14,8.082,99.9,0,0,2019-07-05 14:00:00
2019-07-05,7,186,15,8.082,99.9,0,0,2019-07-05 15:00:00
2019-07-05,7,186,16,7.381,98.33,0,0,2019-07-05 16:00:00
2019-07-05,7,186,17,7.381,98.33,0,0,2019-07-05 17:00:00
2019-07-05,7,186,18,6.877,98.27,0,0,2019-07-05 18:00:00
2019-07-05,7,186,19,6.471,99.72,0,0,2019-07-05 19:00:00
2019-07-05,7,186,20,6.166,99.69,0,0,2019-07-05 20:00:00
2019-07-05,7,186,21,6.166,99.69,0,0,2019-07-05 21:00:00
2019-07-05,7,186,22,6.166,99.69,0,0,2019-07-05 22:00:00
2019-07-05,7,186,23,5.962,99.66,0,0,2019-07-05 23:00:00
2019-07-06,7,187,0,5.962,100.0,0,0,2019-07-06 00:00:00
2019-07-06,7,187,1,5.962,100.0,0,0,2019-07-06 01:00:00
2019-07-06,7,187,2,6.064,100.0,0,0,2019-07-06 02:00:00
2019-07-06,7,187,3,6.064,100.0,0,0,2019-07-06 03:00:00
2019-07-06,7,187,4,5.962,100.0,0,0,2019-07-06 04:00:00
2019-07-06,7,187,5,5.86,100.0,0,0,2019-07-06 05:00:00
2019-07-06,7,187,6,5.86,100.0,0,0,2019-07-06 06:00:00
2019-07-06,7,187,7,5.86,100.0,0,0,2019-07-06 07:00:00
2019-07-06,7,187,8,5.552,100.0,0,0,2019-07-06 08:00:00
2019-07-06,7,187,9,5.45,100.0,0,0,2019-07-06 09:00:00
2019-07-06,7,187,10,5.962,100.0,0,0,2019-07-06 10:00:00
2019-07-06,7,187,11,6.37,100.0,0,0,2019-07-06 11:00:00
2019-07-06,7,187,12,6.775,100.0,0,0,2019-07-06 12:00:00
2019-07-06,7,187,13,7.28,98.32,0,0,2019-07-06 13:00:00
2019-07-06,7,187,14,7.582,97.03,0,0,2019-07-06 14:00:00
2019-07-06,7,187,15,7.983,93.87,0,0,2019-07-06 15:00:00
2019-07-06,7,187,16,7.782,90.02,0,0,2019-07-06 16:00:00
2019-07-06,7,187,17,7.682,90.02,0,0,2019-07-06 17:00:00
2019-07-06,7,187,18,7.481,91.38,0,0,2019-07-06 18:00:00
2019-07-06,7,187,19,7.079,92.93,0,0,2019-07-06 19:00:00
2019-07-06,7,187,20,6.775,93.78,0,0,2019-07-06 20:00:00
2019-07-06,7,187,21,6.877,94.75,0,0,2019-07-06 21:00:00
2019-07-06,7,187,22,6.775,96.95,0,0,2019-07-06 22:00:00
2019-07-06,7,187,23,6.573,96.93,0,0,2019-07-06 23:00:00
2019-07-07,7,188,0,6.471,96.92,0,0,2019-07-07 00:00:00
2019-07-07,7,188,1,6.471,98.23,0,0,2019-07-07 01:00:00
2019-07-07,7,188,2,6.471,98.23,0,0,2019-07-07 02:00:00
2019-07-07,7,188,3,6.268,98.21,0,0,2019-07-07 03:00:00
2019-07-07,7,188,4,6.166,98.2,0,0,2019-07-07 04:00:00
2019-07-07,7,188,5,6.166,98.2,0,0,2019-07-07 05:00:00
2019-07-07,7,188,6,5.757,96.86,0,0,2019-07-07 06:00:00
2019-07-07,7,188,7,5.655,96.85,0,0,2019-07-07 07:00:00
2019-07-07,7,188,8,5.552,96.84,0,0,2019-07-07 08:00:00
2019-07-07,7,188,9,5.757,96.86,0,0,2019-07-07 09:00:00
2019-07-07,7,188,10,6.268,94.7,0,0,2019-07-07 10:00:00
2019-07-07,7,188,11,6.978,93.8,0,0,2019-07-07 11:00:00
2019-07-07,7,188,12,7.882,90.69,0,0,2019-07-07 12:00:00
2019-07-07,7,188,13,9.275,88.27,0,0,2019-07-07 13:00:00
2019-07-07,7,188,14,12.207,76.98,0,0,2019-07-07 14:00:00
2019-07-07,7,188,15,12.207,74.51,0,0,2019-07-07 15:00:00
2019-07-07,7,188,16,12.401,76.34,0,0,2019-07-07 16:00:00
2019-07-07,7,188,17,14.9,74.17,0,0,2019-07-07 17:00:00
2019-07-07,7,188,18,11.625,77.03,0,0,2019-07-07 18:00:00
2019-07-07,7,188,19,9.373,84.94,0,0,2019-07-07 19:00:00
2019-07-07,7,188,20,8.082,89.41,0,0,2019-07-07 20:00:00
2019-07-07,7,188,21,7.481,92.14,0,0,2019-07-07 21:00:00
2019-07-07,7,188,22,6.978,94.75,0,0,2019-07-07 22:00:00
2019-07-07,7,188,23,7.582,95.86,0,0,2019-07-07 23:00:00
2019-07-08,7,189,0,7.882,97.06,0,0,2019-07-08 00:00:00
2019-07-08,7,189,1,7.882,97.06,0,0,2019-07-08 01:00:00
2019-07-08,7,189,2,7.682,98.36,0,0,2019-07-08 02:00:00
2019-07-08,7,189,3,7.582,98.35,0,0,2019-07-08 03:00:00
2019-07-08,7,189,4,7.079,98.3,0,0,2019-07-08 04:00:00
2019-07-08,7,189,5,6.877,99.76,0,0,2019-07-08 05:00:00
2019-07-08,7,189,6,6.471,99.72,0,0,2019-07-08 06:00:00
2019-07-08,7,189,7,6.268,99.7,0,0,2019-07-08 07:00:00
2019-07-08,7,189,8,5.86,99.65,0,0,2019-07-08 08:00:00
2019-07-08,7,189,9,6.166,99.69,0,0,2019-07-08 09:00:00
2019-07-08,7,189,10,6.775,99.75,0,0,2019-07-08 10:00:00
2019-07-08,7,189,11,7.079,99.79,0,0,2019-07-08 11:00:00
2019-07-08,7,189,12,7.682,99.85,0,0,2019-07-08 12:00:00
2019-07-08,7,189,13,8.382,99.93,0,0,2019-07-08 13:00:00
2019-07-08,7,189,14,9.373,98.53,0,0,2019-07-08 14:00:00
2019-07-08,7,189,15,10.063,95.0,0,0,2019-07-08 15:00:00
2019-07-08,7,189,16,11.528,88.89,0,0,2019-07-08 16:00:00
2019-07-08,7,189,17,13.461,82.9,0,0,2019-07-08 17:00:00
2019-07-08,7,189,18,12.304,82.59,0,0,2019-07-08 18:00:00
2019-07-08,7,189,19,8.978,88.83,0,0,2019-07-08 19:00:00
2019-07-08,7,189,20,8.282,93.0,0,0,2019-07-08 20:00:00
2019-07-08,7,189,21,8.182,95.91,0,0,2019-07-08 21:00:00
2019-07-08,7,189,22,7.983,97.07,0,0,2019-07-08 22:00:00
2019-07-08,7,189,23,8.082,98.4,0,0,2019-07-08 23:00:00
2019-07-09,7,190,0,7.882,98.38,0,0,2019-07-09 00:00:00
2019-07-09,7,190,1,7.983,99.89,0,0,2019-07-09 01:00:00
2019-07-09,7,190,2,8.182,99.91,0,0,2019-07-09 02:00:00
2019-07-09,7,190,3,8.282,99.92,0,0,2019-07-09 03:00:00
2019-07-09,7,190,4,8.182,100.0,0,0,2019-07-09 04:00:00
2019-07-09,7,190,5,8.382,100.0,0,0,2019-07-09 05:00:00
2019-07-09,7,190,6,8.082,100.0,0,0,2019-07-09 06:00:00
2019-07-09,7,190,7,8.082,100.0,0,0,2019-07-09 07:00:00
2019-07-09,7,190,8,7.983,100.0,0,0,2019-07-09 08:00:00
2019-07-09,7,190,9,8.182,100.0,0,0,2019-07-09 09:00:00
2019-07-09,7,190,10,8.382,100.0,0,0,2019-07-09 10:00:00
2019-07-09,7,190,11,9.176,100.0,0,0,2019-07-09 11:00:00
2019-07-09,7,190,12,11.236,100.0,0,0,2019-07-09 12:00:00
2019-07-09,7,190,13,13.558,100.0,0,0,2019-07-09 13:00:00
2019-07-09,7,190,14,17.665,79.17,0,0,2019-07-09 14:00:00
2019-07-09,7,190,15,17.76,70.24,0,0,2019-07-09 15:00:00
2019-07-09,7,190,16,17.665,71.38,0,0,2019-07-09 16:00:00
2019-07-09,7,190,17,20.043,73.16,0,0,2019-07-09 17:00:00
2019-07-09,7,190,18,17.284,73.34,0,0,2019-07-09 18:00:00
2019-07-09,7,190,19,13.558,85.3,1,0,2019-07-09 19:00:00
2019-07-09,7,190,20,12.207,90.18,1,0,2019-07-09 20:00:00
2019-07-09,7,190,21,11.722,94.13,1,0,2019-07-09 21:00:00
2019-07-09,7,190,22,11.334,95.1,1,0,2019-07-09 22:00:00
2019-07-09,7,190,23,10.748,97.33,0,0,2019-07-09 23:00:00
2019-07-10,7,191,0,10.748,98.67,0,0,2019-07-10 00:00:00
2019-07-10,7,191,1,10.259,98.62,1,0,2019-07-10 01:00:00
2019-07-10,7,191,2,10.063,100.0,0,0,2019-07-10 02:00:00
2019-07-10,7,191,3,9.768,100.0,0,0,2019-07-10 03:00:00
2019-07-10,7,191,4,9.571,100.0,0,0,2019-07-10 04:00:00
2019-07-10,7,191,5,9.571,100.0,0,0,2019-07-10 05:00:00
2019-07-10,7,191,6,9.275,100.0,0,0,2019-07-10 06:00:00
2019-07-10,7,191,7,9.472,100.0,0,0,2019-07-10 07:00:00
2019-07-10,7,191,8,9.373,100.0,0,0,2019-07-10 08:00:00
2019-07-10,7,191,9,9.472,100.0,0,0,2019-07-10 09:00:00
2019-07-10,7,191,10,10.259,100.0,0,0,2019-07-10 10:00:00
2019-07-10,7,191,11,11.722,96.22,0,0,2019-07-10 11:00:00
2019-07-10,7,191,12,13.365,91.66,0,0,2019-07-10 12:00:00
2019-07-10,7,191,13,15.76,86.72,0,0,2019-07-10 13:00:00
2019-07-10,7,191,14,18.711,73.69,0,0,2019-07-10 14:00:00
2019-07-10,7,191,15,18.521,73.9,0,0,2019-07-10 15:00:00
2019-07-10,7,191,16,18.616,73.52,0,0,2019-07-10 16:00:00
2019-07-10,7,191,17,19.567,72.7,0,0,2019-07-10 17:00:00
2019-07-10,7,191,18,18.236,74.69,0,0,2019-07-10 18:00:00
2019-07-10,7,191,19,14.9,84.84,1,0,2019-07-10 19:00:00
2019-07-10,7,191,20,13.461,90.22,2,0,2019-07-10 20:00:00
2019-07-10,7,191,21,13.269,93.32,2,0,2019-07-10 21:00:00
2019-07-10,7,191,22,13.461,95.27,2,0,2019-07-10 22:00:00
2019-07-10,7,191,23,13.173,95.24,2,0,2019-07-10 23:00:00
2019-07-11,7,192,0,12.69,95.2,0,0,2019-07-11 00:00:00
2019-07-11,7,192,1,12.594,96.3,1,0,2019-07-11 01:00:00
2019-07-11,7,192,2,12.11,97.46,1,0,2019-07-11 02:00:00
2019-07-11,7,192,3,11.625,97.42,1,0,2019-07-11 03:00:00
2019-07-11,7,192,4,10.357,98.63,0,0,2019-07-11 04:00:00
2019-07-11,7,192,5,10.161,98.61,0,0,2019-07-11 05:00:00
2019-07-11,7,192,6,10.161,100.0,0,0,2019-07-11 06:00:00
2019-07-11,7,192,7,9.866,100.0,0,0,2019-07-11 07:00:00
2019-07-11,7,192,8,9.669,100.0,0,0,2019-07-11 08:00:00
2019-07-11,7,192,9,10.063,100.0,0,0,2019-07-11 09:00:00
2019-07-11,7,192,10,10.944,98.69,0,0,2019-07-11 10:00:00
2019-07-11,7,192,11,12.207,97.47,0,0,2019-07-11 11:00:00
2019-07-11,7,192,12,14.23,93.38,0,0,2019-07-11 12:00:00
2019-07-11,7,192,13,16.808,87.81,0,0,2019-07-11 13:00:00
2019-07-11,7,192,14,18.901,77.74,0,0,2019-07-11 14:00:00
2019-07-11,7,192,15,18.426,77.04,0,0,2019-07-11 15:00:00
2019-07-11,7,192,16,17.95,80.03,0,0,2019-07-11 16:00:00
2019-07-11,7,192,17,18.616,78.55,0,0,2019-07-11 17:00:00
2019-07-11,7,192,18,16.427,83.16,0,0,2019-07-11 18:00:00
2019-07-11,7,192,19,15.091,89.6,0,0,2019-07-11 19:00:00
2019-07-11,7,192,20,14.709,92.54,0,0,2019-07-11 20:00:00
2019-07-11,7,192,21,14.613,93.4,1,0,2019-07-11 21:00:00
2019-07-11,7,192,22,14.613,94.34,0,0,2019-07-11 22:00:00
2019-07-11,7,192,23,14.517,95.35,0,0,2019-07-11 23:00:00
2019-07-12,7,193,0,14.517,95.35,0,0,2019-07-12 00:00:00
2019-07-12,7,193,1,14.421,95.34,0,0,2019-07-12 01:00:00
2019-07-12,7,193,2,14.23,96.44,1,0,2019-07-12 02:00:00
2019-07-12,7,193,3,13.846,96.4,0,0,2019-07-12 03:00:00
2019-07-12,7,193,4,13.654,97.61,0,0,2019-07-12 04:00:00
2019-07-12,7,193,5,13.365,97.58,0,0,2019-07-12 05:00:00
2019-07-12,7,193,6,13.173,98.92,0,0,2019-07-12 06:00:00
2019-07-12,7,193,7,13.365,98.94,0,0,2019-07-12 07:00:00
2019-07-12,7,193,8,13.269,98.93,0,0,2019-07-12 08:00:00
2019-07-12,7,193,9,13.654,100.0,0,0,2019-07-12 09:00:00
2019-07-12,7,193,10,13.942,99.0,0,0,2019-07-12 10:00:00
2019-07-12,7,193,11,15.282,97.76,0,0,2019-07-12 11:00:00
2019-07-12,7,193,12,15.951,92.61,0,0,2019-07-12 12:00:00
2019-07-12,7,193,13,16.808,89.0,0,0,2019-07-12 13:00:00
2019-07-12,7,193,14,16.999,86.72,0,0,2019-07-12 14:00:00
2019-07-12,7,193,15,16.808,86.72,0,0,2019-07-12 15:00:00
2019-07-12,7,193,16,16.427,88.38,0,0,2019-07-12 16:00:00
2019-07-12,7,193,17,15.664,89.62,0,0,2019-07-12 17:00:00
2019-07-12,7,193,18,15.187,90.99,0,0,2019-07-12 18:00:00
2019-07-12,7,193,19,14.709,91.73,1,0,2019-07-12 19:00:00
2019-07-12,7,193,20,14.421,94.32,0,0,2019-07-12 20:00:00
2019-07-12,7,193,21,14.23,95.33,2,0,2019-07-12 21:00:00
2019-07-12,7,193,22,14.23,95.33,2,0,2019-07-12 22:00:00
2019-07-12,7,193,23,14.134,96.43,2,0,2019-07-12 23:00:00
2019-07-13,7,194,0,14.038,97.64,3,0,2019-07-13 00:00:00
2019-07-13,7,194,1,13.942,99.0,3,0,2019-07-13 01:00:00
2019-07-13,7,194,2,13.846,98.99,3,0,2019-07-13 02:00:00
2019-07-13,7,194,3,13.75,100.0,3,0,2019-07-13 03:00:00
2019-07-13,7,194,4,13.558,100.0,3,0,2019-07-13 04:00:00
2019-07-13,7,194,5,13.173,100.0,3,0,2019-07-13 05:00:00
2019-07-13,7,194,6,12.883,100.0,3,0,2019-07-13 06:00:00
2019-07-13,7,194,7,12.497,100.0,2,0,2019-07-13 07:00:00
2019-07-13,7,194,8,12.401,100.0,0,0,2019-07-13 08:00:00
2019-07-13,7,194,9,12.497,100.0,0,0,2019-07-13 09:00:00
2019-07-13,7,194,10,12.69,100.0,0,0,2019-07-13 10:00:00
2019-07-13,7,194,11,12.98,100.0,0,0,2019-07-13 11:00:00
2019-07-13,7,194,12,13.173,100.0,0,0,2019-07-13 12:00:00
2019-07-13,7,194,13,13.173,100.0,0,0,2019-07-13 13:00:00
2019-07-13,7,194,14,13.173,100.0,0,0,2019-07-13 14:00:00
2019-07-13,7,194,15,13.173,100.0,0,0,2019-07-13 15:00:00
2019-07-13,7,194,16,12.883,100.0,0,0,2019-07-13 16:00:00
2019-07-13,7,194,17,12.787,100.0,0,0,2019-07-13 17:00:00
2019-07-13,7,194,18,12.883,100.0,1,0,2019-07-13 18:00:00
2019-07-13,7,194,19,12.883,100.0,1,0,2019-07-13 19:00:00
2019-07-13,7,194,20,12.787,100.0,3,0,2019-07-13 20:00:00
2019-07-13,7,194,21,12.787,100.0,3,0,2019-07-13 21:00:00
2019-07-13,7,194,22,12.787,100.0,3,0,2019-07-13 22:00:00
2019-07-13,7,194,23,12.69,100.0,3,0,2019-07-13 23:00:00
2019-07-14,7,195,0,12.497,100.0,3,0,2019-07-14 00:00:00
2019-07-14,7,195,1,12.594,100.0,3,0,2019-07-14 01:00:00
2019-07-14,7,195,2,12.304,100.0,2,0,2019-07-14 02:00:00
2019-07-14,7,195,3,12.304,100.0,2,0,2019-07-14 03:00:00
2019-07-14,7,195,4,12.013,100.0,2,0,2019-07-14 04:00:00
2019-07-14,7,195,5,11.625,100.0,2,0,2019-07-14 05:00:00
2019-07-14,7,195,6,11.041,100.0,2,0,2019-07-14 06:00:00
2019-07-14,7,195,7,10.944,100.0,1,0,2019-07-14 07:00:00
2019-07-14,7,195,8,10.651,100.0,0,0,2019-07-14 08:00:00
2019-07-14,7,195,9,10.553,100.0,0,0,2019-07-14 09:00:00
2019-07-14,7,195,10,10.748,100.0,0,0,2019-07-14 10:00:00
2019-07-14,7,195,11,11.041,100.0,0,0,2019-07-14 11:00:00
2019-07-14,7,195,12,11.819,100.0,0,0,2019-07-14 12:00:00
2019-07-14,7,195,13,12.207,100.0,0,0,2019-07-14 13:00:00
2019-07-14,7,195,14,12.594,100.0,0,0,2019-07-14 14:00:00
2019-07-14,7,195,15,12.401,100.0,0,0,2019-07-14 15:00:00
2019-07-14,7,195,16,12.69,100.0,0,0,2019-07-14 16:00:00
2019-07-14,7,195,17,12.594,100.0,0,0,2019-07-14 17:00:00
2019-07-14,7,195,18,12.304,100.0,1,0,2019-07-14 18:00:00
2019-07-14,7,195,19,12.11,100.0,2,0,2019-07-14 19:00:00
2019-07-14,7,195,20,12.013,100.0,3,0,2019-07-14 20:00:00
2019-07-14,7,195,21,11.916,100.0,3,0,2019-07-14 21:00:00
2019-07-14,7,195,22,11.819,100.0,2,0,2019-07-14 22:00:00
2019-07-14,7,195,23,11.819,100.0,2,0,2019-07-14 23:00:00
2019-07-15,7,196,0,11.722,100.0,2,0,2019-07-15 00:00:00
2019-07-15,7,196,1,11.041,100.0,2,0,2019-07-15 01:00:00
2019-07-15,7,196,2,11.041,100.0,2,0,2019-07-15 02:00:00
2019-07-15,7,196,3,11.041,100.0,3,0,2019-07-15 03:00:00
2019-07-15,7,196,4,10.846,100.0,0,0,2019-07-15 04:00:00
2019-07-15,7,196,5,10.161,100.0,0,0,2019-07-15 05:00:00
2019-07-15,7,196,6,9.965,100.0,0,0,2019-07-15 06:00:00
2019-07-15,7,196,7,9.669,100.0,0,0,2019-07-15 07:00:00
2019-07-15,7,196,8,9.669,100.0,0,0,2019-07-15 08:00:00
2019-07-15,7,196,9,9.866,100.0,0,0,2019-07-15 09:00:00
2019-07-15,7,196,10,10.161,100.0,0,0,2019-07-15 10:00:00
2019-07-15,7,196,11,10.944,100.0,0,0,2019-07-15 11:00:00
2019-07-15,7,196,12,11.041,100.0,0,0,2019-07-15 12:00:00
2019-07-15,7,196,13,11.722,100.0,0,0,2019-07-15 13:00:00
2019-07-15,7,196,14,12.207,100.0,0,0,2019-07-15 14:00:00
2019-07-15,7,196,15,12.207,100.0,0,0,2019-07-15 15:00:00
2019-07-15,7,196,16,13.076,100.0,0,0,2019-07-15 16:00:00
2019-07-15,7,196,17,12.883,100.0,0,0,2019-07-15 17:00:00
2019-07-15,7,196,18,12.594,98.86,0,0,2019-07-15 18:00:00
2019-07-15,7,196,19,12.013,98.8,2,0,2019-07-15 19:00:00
2019-07-15,7,196,20,11.722,100.0,2,0,2019-07-15 20:00:00
2019-07-15,7,196,21,11.528,100.0,3,0,2019-07-15 21:00:00
2019-07-15,7,196,22,11.334,100.0,3,0,2019-07-15 22:00:00
2019-07-15,7,196,23,11.431,100.0,2,0,2019-07-15 23:00:00
2019-07-16,7,197,0,11.431,100.0,2,0,2019-07-16 00:00:00
2019-07-16,7,197,1,11.334,100.0,2,0,2019-07-16 01:00:00
2019-07-16,7,197,2,11.236,100.0,2,0,2019-07-16 02:00:00
2019-07-16,7,197,3,11.236,100.0,2,0,2019-07-16 03:00:00
2019-07-16,7,197,4,11.236,100.0,2,0,2019-07-16 04:00:00
2019-07-16,7,197,5,11.236,100.0,2,0,2019-07-16 05:00:00
2019-07-16,7,197,6,11.139,100.0,1,0,2019-07-16 06:00:00
2019-07-16,7,197,7,11.139,100.0,0,0,2019-07-16 07:00:00
2019-07-16,7,197,8,11.041,100.0,0,0,2019-07-16 08:00:00
2019-07-16,7,197,9,11.041,100.0,0,0,2019-07-16 09:00:00
2019-07-16,7,197,10,11.041,100.0,0,0,2019-07-16 10:00:00
2019-07-16,7,197,11,11.431,100.0,0,0,2019-07-16 11:00:00
2019-07-16,7,197,12,11.625,100.0,0,0,2019-07-16 12:00:00
2019-07-16,7,197,13,12.207,100.0,0,0,2019-07-16 13:00:00
2019-07-16,7,197,14,12.69,100.0,0,0,2019-07-16 14:00:00
2019-07-16,7,197,15,12.787,100.0,0,0,2019-07-16 15:00:00
2019-07-16,7,197,16,12.594,100.0,0,0,2019-07-16 16:00:00
2019-07-16,7,197,17,12.497,100.0,0,0,2019-07-16 17:00:00
2019-07-16,7,197,18,12.497,100.0,0,0,2019-07-16 18:00:00
2019-07-16,7,197,19,12.11,100.0,2,0,2019-07-16 19:00:00
2019-07-16,7,197,20,11.819,100.0,3,0,2019-07-16 20:00:00
2019-07-16,7,197,21,11.722,100.0,3,0,2019-07-16 21:00:00
2019-07-16,7,197,22,11.625,100.0,3,0,2019-07-16 22:00:00
2019-07-16,7,197,23,11.236,100.0,3,0,2019-07-16 23:00:00
2019-07-17,7,198,0,11.139,100.0,3,0,2019-07-17 00:00:00
2019-07-17,7,198,1,10.944,100.0,3,0,2019-07-17 01:00:00
2019-07-17,7,198,2,10.748,100.0,3,0,2019-07-17 02:00:00
2019-07-17,7,198,3,10.748,100.0,2,0,2019-07-17 03:00:00
2019-07-17,7,198,4,10.748,100.0,2,0,2019-07-17 04:00:00
2019-07-17,7,198,5,10.651,100.0,2,0,2019-07-17 05:00:00
2019-07-17,7,198,6,10.748,100.0,1,0,2019-07-17 06:00:00
2019-07-17,7,198,7,10.651,100.0,0,0,2019-07-17 07:00:00
2019-07-17,7,198,8,10.748,100.0,0,0,2019-07-17 08:00:00
2019-07-17,7,198,9,10.846,100.0,0,0,2019-07-17 09:00:00
2019-07-17,7,198,10,11.334,100.0,0,0,2019-07-17 10:00:00
2019-07-17,7,198,11,12.11,100.0,0,0,2019-07-17 11:00:00
2019-07-17,7,198,12,12.98,100.0,0,0,2019-07-17 12:00:00
2019-07-17,7,198,13,14.421,100.0,0,0,2019-07-17 13:00:00
2019-07-17,7,198,14,15.378,100.0,0,0,2019-07-17 14:00:00
2019-07-17,7,198,15,14.613,96.47,0,0,2019-07-17 15:00:00
2019-07-17,7,198,16,14.421,95.34,0,0,2019-07-17 16:00:00
2019-07-17,7,198,17,13.942,95.3,0,0,2019-07-17 17:00:00
2019-07-17,7,198,18,13.365,95.26,0,0,2019-07-17 18:00:00
2019-07-17,7,198,19,12.787,97.53,2,0,2019-07-17 19:00:00
2019-07-17,7,198,20,12.11,97.46,2,0,2019-07-17 20:00:00
2019-07-17,7,198,21,12.304,98.83,2,0,2019-07-17 21:00:00
2019-07-17,7,198,22,12.401,100.0,3,0,2019-07-17 22:00:00
2019-07-17,7,198,23,12.207,100.0,3,0,2019-07-17 23:00:00
2019-07-18,7,199,0,11.625,100.0,2,0,2019-07-18 00:00:00
2019-07-18,7,199,1,11.041,100.0,2,0,2019-07-18 01:00:00
2019-07-18,7,199,2,11.139,100.0,2,0,2019-07-18 02:00:00
2019-07-18,7,199,3,11.139,100.0,1,0,2019-07-18 03:00:00
2019-07-18,7,199,4,10.748,100.0,1,0,2019-07-18 04:00:00
2019-07-18,7,199,5,9.768,100.0,1,0,2019-07-18 05:00:00
2019-07-18,7,199,6,9.176,100.0,1,0,2019-07-18 06:00:00
2019-07-18,7,199,7,8.282,100.0,1,0,2019-07-18 07:00:00
2019-07-18,7,199,8,7.983,100.0,0,0,2019-07-18 08:00:00
2019-07-18,7,199,9,8.779,100.0,0,0,2019-07-18 09:00:00
2019-07-18,7,199,10,10.161,100.0,0,0,2019-07-18 10:00:00
2019-07-18,7,199,11,11.139,100.0,0,0,2019-07-18 11:00:00
2019-07-18,7,199,12,12.207,100.0,0,0,2019-07-18 12:00:00
2019-07-18,7,199,13,14.996,99.1,0,0,2019-07-18 13:00:00
2019-07-18,7,199,14,17.665,79.75,0,0,2019-07-18 14:00:00
2019-07-18,7,199,15,19.187,71.46,0,0,2019-07-18 15:00:00
2019-07-18,7,199,16,19.758,69.66,0,0,2019-07-18 16:00:00
2019-07-18,7,199,17,20.901,70.46,0,0,2019-07-18 17:00:00
2019-07-18,7,199,18,18.426,74.48,0,0,2019-07-18 18:00:00
2019-07-18,7,199,19,15.282,85.28,1,0,2019-07-18 19:00:00
2019-07-18,7,199,20,14.517,90.96,2,0,2019-07-18 20:00:00
2019-07-18,7,199,21,13.75,92.48,2,0,2019-07-18 21:00:00
2019-07-18,7,199,22,13.654,93.34,0,0,2019-07-18 22:00:00
2019-07-18,7,199,23,13.461,94.26,0,0,2019-07-18 23:00:00
2019-07-19,7,200,0,13.461,94.26,0,0,2019-07-19 00:00:00
2019-07-19,7,200,1,13.365,95.26,2,0,2019-07-19 01:00:00
2019-07-19,7,200,2,13.269,95.25,0,0,2019-07-19 02:00:00
2019-07-19,7,200,3,13.173,95.24,1,0,2019-07-19 03:00:00
2019-07-19,7,200,4,12.883,96.32,2,0,2019-07-19 04:00:00
2019-07-19,7,200,5,12.497,95.19,2,0,2019-07-19 05:00:00
2019-07-19,7,200,6,12.304,96.27,1,0,2019-07-19 06:00:00
2019-07-19,7,200,7,11.916,96.24,1,0,2019-07-19 07:00:00
2019-07-19,7,200,8,11.722,97.43,0,0,2019-07-19 08:00:00
2019-07-19,7,200,9,12.013,97.45,0,0,2019-07-19 09:00:00
2019-07-19,7,200,10,12.594,97.51,0,0,2019-07-19 10:00:00
2019-07-19,7,200,11,12.594,97.51,0,0,2019-07-19 11:00:00
2019-07-19,7,200,12,14.517,95.35,0,0,2019-07-19 12:00:00
2019-07-19,7,200,13,15.855,80.16,0,0,2019-07-19 13:00:00
2019-07-19,7,200,14,16.141,81.07,0,0,2019-07-19 14:00:00
2019-07-19,7,200,15,16.046,81.74,0,0,2019-07-19 15:00:00
2019-07-19,7,200,16,15.855,83.18,0,0,2019-07-19 16:00:00
2019-07-19,7,200,17,15.664,82.45,0,0,2019-07-19 17:00:00
2019-07-19,7,200,18,14.996,86.72,0,0,2019-07-19 18:00:00
2019-07-19,7,200,19,14.517,90.25,3,0,2019-07-19 19:00:00
2019-07-19,7,200,20,14.038,91.7,3,0,2019-07-19 20:00:00
2019-07-19,7,200,21,13.846,94.28,3,0,2019-07-19 21:00:00
2019-07-19,7,200,22,13.365,95.26,2,0,2019-07-19 22:00:00
2019-07-19,7,200,23,12.883,96.32,3,0,2019-07-19 23:00:00
2019-07-20,7,201,0,12.787,97.53,2,0,2019-07-20 00:00:00
2019-07-20,7,201,1,13.076,97.55,2,0,2019-07-20 01:00:00
2019-07-20,7,201,2,13.076,97.55,1,0,2019-07-20 02:00:00
2019-07-20,7,201,3,12.11,97.46,2,0,2019-07-20 03:00:00
2019-07-20,7,201,4,11.041,97.36,2,0,2019-07-20 04:00:00
2019-07-20,7,201,5,10.748,97.33,0,0,2019-07-20 05:00:00
2019-07-20,7,201,6,10.063,98.6,0,0,2019-07-20 06:00:00
2019-07-20,7,201,7,9.768,98.57,1,0,2019-07-20 07:00:00
2019-07-20,7,201,8,9.472,98.54,0,0,2019-07-20 08:00:00
2019-07-20,7,201,9,9.768,100.0,0,0,2019-07-20 09:00:00
2019-07-20,7,201,10,9.373,100.0,0,0,2019-07-20 10:00:00
2019-07-20,7,201,11,11.528,97.41,0,0,2019-07-20 11:00:00
2019-07-20,7,201,12,14.517,82.15,0,0,2019-07-20 12:00:00
2019-07-20,7,201,13,18.616,71.24,0,0,2019-07-20 13:00:00
2019-07-20,7,201,14,21.76,60.05,0,0,2019-07-20 14:00:00
2019-07-20,7,201,15,22.812,55.69,0,0,2019-07-20 15:00:00
2019-07-20,7,201,16,21.951,61.86,0,0,2019-07-20 16:00:00
2019-07-20,7,201,17,22.812,63.94,0,0,2019-07-20 17:00:00
2019-07-20,7,201,18,20.519,69.53,1,0,2019-07-20 18:00:00
2019-07-20,7,201,19,17.57,81.32,2,0,2019-07-20 19:00:00
2019-07-20,7,201,20,16.046,88.38,0,0,2019-07-20 20:00:00
2019-07-20,7,201,21,15.378,91.0,1,0,2019-07-20 21:00:00
2019-07-20,7,201,22,14.996,93.42,2,0,2019-07-20 22:00:00
2019-07-20,7,201,23,14.613,95.36,3,0,2019-07-20 23:00:00
2019-07-21,7,202,0,14.517,96.46,3,0,2019-07-21 00:00:00
2019-07-21,7,202,1,14.038,97.64,2,0,2019-07-21 01:00:00
2019-07-21,7,202,2,13.076,97.55,2,0,2019-07-21 02:00:00
2019-07-21,7,202,3,12.11,97.46,1,0,2019-07-21 03:00:00
2019-07-21,7,202,4,11.722,95.13,0,0,2019-07-21 04:00:00
2019-07-21,7,202,5,11.722,84.48,0,0,2019-07-21 05:00:00
2019-07-21,7,202,6,12.69,67.62,0,0,2019-07-21 06:00:00
2019-07-21,7,202,7,17.284,33.79,0,0,2019-07-21 07:00:00
2019-07-21,7,202,8,16.427,32.72,0,0,2019-07-21 08:00:00
2019-07-21,7,202,9,17.76,28.75,0,0,2019-07-21 09:00:00
2019-07-21,7,202,10,17.665,31.16,0,0,2019-07-21 10:00:00
2019-07-21,7,202,11,20.329,24.56,0,0,2019-07-21 11:00:00
2019-07-21,7,202,12,22.908,21.04,0,0,2019-07-21 12:00:00
2019-07-21,7,202,13,26.879,15.0,0,0,2019-07-21 13:00:00
2019-07-21,7,202,14,28.953,16.92,0,0,2019-07-21 14:00:00
2019-07-21,7,202,15,29.953,15.0,0,0,2019-07-21 15:00:00
2019-07-21,7,202,16,29.652,15.0,0,0,2019-07-21 16:00:00
2019-07-21,7,202,17,29.552,20.21,0,0,2019-07-21 17:00:00
2019-07-21,7,202,18,24.835,50.85,0,0,2019-07-21 18:00:00
2019-07-21,7,202,19,20.71,69.24,0,0,2019-07-21 19:00:00
2019-07-21,7,202,20,18.616,72.66,2,0,2019-07-21 20:00:00
2019-07-21,7,202,21,17.855,73.8,0,0,2019-07-21 21:00:00
2019-07-21,7,202,22,16.999,75.64,1,0,2019-07-21 22:00:00
2019-07-21,7,202,23,16.332,68.4,0,0,2019-07-21 23:00:00
2019-07-22,7,203,0,15.951,60.24,1,0,2019-07-22 00:00:00
2019-07-22,7,203,1,15.76,60.58,0,0,2019-07-22 01:00:00
2019-07-22,7,203,2,15.378,65.28,0,0,2019-07-22 02:00:00
2019-07-22,7,203,3,15.187,65.75,0,0,2019-07-22 03:00:00
2019-07-22,7,203,4,14.804,68.89,0,0,2019-07-22 04:00:00
2019-07-22,7,203,5,15.282,71.31,0,0,2019-07-22 05:00:00
2019-07-22,7,203,6,15.76,81.75,1,0,2019-07-22 06:00:00
2019-07-22,7,203,7,15.76,84.39,0,0,2019-07-22 07:00:00
2019-07-22,7,203,8,15.951,87.25,0,0,2019-07-22 08:00:00
2019-07-22,7,203,9,15.664,89.62,0,0,2019-07-22 09:00:00
2019-07-22,7,203,10,15.282,84.4,0,0,2019-07-22 10:00:00
2019-07-22,7,203,11,15.569,85.73,0,0,2019-07-22 11:00:00
2019-07-22,7,203,12,16.713,88.39,0,0,2019-07-22 12:00:00
2019-07-22,7,203,13,16.046,91.03,0,0,2019-07-22 13:00:00
2019-07-22,7,203,14,15.378,89.61,0,0,2019-07-22 14:00:00
2019-07-22,7,203,15,13.846,92.49,1,0,2019-07-22 15:00:00
2019-07-22,7,203,16,12.497,95.19,0,0,2019-07-22 16:00:00
2019-07-22,7,203,17,12.207,97.47,1,0,2019-07-22 17:00:00
2019-07-22,7,203,18,11.722,97.43,2,0,2019-07-22 18:00:00
2019-07-22,7,203,19,11.625,98.76,2,0,2019-07-22 19:00:00
2019-07-22,7,203,20,11.139,98.71,3,0,2019-07-22 20:00:00
2019-07-22,7,203,21,10.161,100.0,3,0,2019-07-22 21:00:00
2019-07-22,7,203,22,8.978,98.49,3,0,2019-07-22 22:00:00
2019-07-22,7,203,23,8.382,98.43,3,0,2019-07-22 23:00:00
2019-07-23,7,204,0,8.282,98.42,3,0,2019-07-23 00:00:00
2019-07-23,7,204,1,8.182,98.41,3,0,2019-07-23 01:00:00
2019-07-23,7,204,2,7.481,98.34,1,0,2019-07-23 02:00:00
2019-07-23,7,204,3,6.471,99.72,0,0,2019-07-23 03:00:00
2019-07-23,7,204,4,6.166,99.69,0,0,2019-07-23 04:00:00
2019-07-23,7,204,5,6.064,99.67,0,0,2019-07-23 05:00:00
2019-07-23,7,204,6,6.166,99.69,0,0,2019-07-23 06:00:00
2019-07-23,7,204,7,6.064,99.67,0,0,2019-07-23 07:00:00
2019-07-23,7,204,8,6.064,99.67,0,0,2019-07-23 08:00:00
2019-07-23,7,204,9,6.268,99.7,0,0,2019-07-23 09:00:00
2019-07-23,7,204,10,5.962,99.66,0,0,2019-07-23 10:00:00
2019-07-23,7,204,11,6.166,99.69,0,0,2019-07-23 11:00:00
2019-07-23,7,204,12,6.37,99.71,0,0,2019-07-23 12:00:00
2019-07-23,7,204,13,6.978,99.78,0,0,2019-07-23 13:00:00
2019-07-23,7,204,14,6.877,99.76,0,0,2019-07-23 14:00:00
2019-07-23,7,204,15,6.268,98.21,0,0,2019-07-23 15:00:00
2019-07-23,7,204,16,5.962,98.18,0,0,2019-07-23 16:00:00
2019-07-23,7,204,17,5.757,98.16,0,0,2019-07-23 17:00:00
2019-07-23,7,204,18,4.934,96.78,0,0,2019-07-23 18:00:00
2019-07-23,7,204,19,5.037,98.08,0,0,2019-07-23 19:00:00
2019-07-23,7,204,20,4.934,98.07,1,0,2019-07-23 20:00:00
2019-07-23,7,204,21,4.831,98.06,1,0,2019-07-23 21:00:00
2019-07-23,7,204,22,4.102,97.98,0,0,2019-07-23 22:00:00
2019-07-23,7,204,23,3.998,97.97,0,0,2019-07-23 23:00:00
2019-07-24,7,205,0,4.102,99.45,0,0,2019-07-24 00:00:00
2019-07-24,7,205,1,3.367,97.9,0,0,2019-07-24 01:00:00
2019-07-24,7,205,2,2.837,97.85,0,0,2019-07-24 02:00:00
2019-07-24,7,205,3,2.943,97.86,0,0,2019-07-24 03:00:00
2019-07-24,7,205,4,2.517,97.81,0,0,2019-07-24 04:00:00
2019-07-24,7,205,5,2.195,97.78,0,0,2019-07-24 05:00:00
2019-07-24,7,205,6,1.764,96.47,0,0,2019-07-24 06:00:00
2019-07-24,7,205,7,1.764,96.47,0,0,2019-07-24 07:00:00
2019-07-24,7,205,8,1.656,96.46,0,0,2019-07-24 08:00:00
2019-07-24,7,205,9,2.195,97.78,0,0,2019-07-24 09:00:00
2019-07-24,7,205,10,2.624,97.82,0,0,2019-07-24 10:00:00
2019-07-24,7,205,11,3.261,99.36,0,0,2019-07-24 11:00:00
2019-07-24,7,205,12,3.578,99.39,0,0,2019-07-24 12:00:00
2019-07-24,7,205,13,4.519,98.03,0,0,2019-07-24 13:00:00
2019-07-24,7,205,14,4.727,94.58,0,0,2019-07-24 14:00:00
2019-07-24,7,205,15,4.102,91.95,0,0,2019-07-24 15:00:00
2019-07-24,7,205,16,3.472,92.7,0,0,2019-07-24 16:00:00
2019-07-24,7,205,17,3.049,94.44,0,0,2019-07-24 17:00:00
2019-07-24,7,205,18,2.943,96.58,0,0,2019-07-24 18:00:00
2019-07-24,7,205,19,2.517,96.54,0,0,2019-07-24 19:00:00
2019-07-24,7,205,20,2.195,97.78,0,0,2019-07-24 20:00:00
2019-07-24,7,205,21,2.303,99.25,0,0,2019-07-24 21:00:00
2019-07-24,7,205,22,2.517,99.27,0,0,2019-07-24 22:00:00
2019-07-24,7,205,23,2.624,99.28,0,0,2019-07-24 23:00:00
2019-07-25,7,206,0,2.624,99.28,0,0,2019-07-25 00:00:00
2019-07-25,7,206,1,2.41,99.26,0,0,2019-07-25 01:00:00
2019-07-25,7,206,2,1.98,99.21,0,0,2019-07-25 02:00:00
2019-07-25,7,206,3,1.33,99.14,0,0,2019-07-25 03:00:00
2019-07-25,7,206,4,0.784,100.0,0,0,2019-07-25 04:00:00
2019-07-25,7,206,5,0.674,100.0,0,0,2019-07-25 05:00:00
2019-07-25,7,206,6,0.453,100.0,0,0,2019-07-25 06:00:00
2019-07-25,7,206,7,0.232,100.0,0,0,2019-07-25 07:00:00
2019-07-25,7,206,8,0.343,100.0,0,0,2019-07-25 08:00:00
2019-07-25,7,206,9,0.784,100.0,0,0,2019-07-25 09:00:00
2019-07-25,7,206,10,1.764,100.0,0,0,2019-07-25 10:00:00
2019-07-25,7,206,11,3.788,100.0,0,0,2019-07-25 11:00:00
2019-07-25,7,206,12,5.45,100.0,0,0,2019-07-25 12:00:00
2019-07-25,7,206,13,6.37,100.0,0,0,2019-07-25 13:00:00
2019-07-25,7,206,14,8.779,98.47,0,0,2019-07-25 14:00:00
2019-07-25,7,206,15,9.866,81.13,0,0,2019-07-25 15:00:00
2019-07-25,7,206,16,9.176,76.68,0,0,2019-07-25 16:00:00
2019-07-25,7,206,17,10.651,73.89,0,0,2019-07-25 17:00:00
2019-07-25,7,206,18,7.983,80.95,0,0,2019-07-25 18:00:00
2019-07-25,7,206,19,6.978,85.82,0,0,2019-07-25 19:00:00
2019-07-25,7,206,20,5.655,89.95,0,0,2019-07-25 20:00:00
2019-07-25,7,206,21,4.934,92.79,0,0,2019-07-25 21:00:00
2019-07-25,7,206,22,4.519,94.56,0,0,2019-07-25 22:00:00
2019-07-25,7,206,23,4.102,95.55,0,0,2019-07-25 23:00:00
2019-07-26,7,207,0,3.788,96.66,0,0,2019-07-26 00:00:00
2019-07-26,7,207,1,3.367,96.62,0,0,2019-07-26 01:00:00
2019-07-26,7,207,2,3.261,97.89,0,0,2019-07-26 02:00:00
2019-07-26,7,207,3,2.943,97.86,0,0,2019-07-26 03:00:00
2019-07-26,7,207,4,2.73,99.3,0,0,2019-07-26 04:00:00
2019-07-26,7,207,5,2.41,99.26,0,0,2019-07-26 05:00:00
2019-07-26,7,207,6,2.517,99.27,0,0,2019-07-26 06:00:00
2019-07-26,7,207,7,2.303,99.25,0,0,2019-07-26 07:00:00
2019-07-26,7,207,8,2.303,99.25,0,0,2019-07-26 08:00:00
2019-07-26,7,207,9,2.195,100.0,0,0,2019-07-26 09:00:00
2019-07-26,7,207,10,3.049,99.33,0,0,2019-07-26 10:00:00
2019-07-26,7,207,11,5.552,96.84,0,0,2019-07-26 11:00:00
2019-07-26,7,207,12,8.68,84.17,0,0,2019-07-26 12:00:00
2019-07-26,7,207,13,11.916,72.38,0,0,2019-07-26 13:00:00
2019-07-26,7,207,14,14.517,47.31,0,0,2019-07-26 14:00:00
2019-07-26,7,207,15,16.141,39.26,0,0,2019-07-26 15:00:00
2019-07-26,7,207,16,14.996,38.24,0,0,2019-07-26 16:00:00
2019-07-26,7,207,17,15.855,41.86,0,0,2019-07-26 17:00:00
2019-07-26,7,207,18,13.846,47.67,0,0,2019-07-26 18:00:00
2019-07-26,7,207,19,10.651,62.17,0,0,2019-07-26 19:00:00
2019-07-26,7,207,20,8.779,73.4,0,0,2019-07-26 20:00:00
2019-07-26,7,207,21,7.782,76.09,0,0,2019-07-26 21:00:00
2019-07-26,7,207,22,7.28,79.45,0,0,2019-07-26 22:00:00
2019-07-26,7,207,23,6.877,82.5,0,0,2019-07-26 23:00:00
2019-07-27,7,208,0,6.37,85.4,0,0,2019-07-27 00:00:00
2019-07-27,7,208,1,5.86,86.72,0,0,2019-07-27 01:00:00
2019-07-27,7,208,2,5.655,89.34,0,0,2019-07-27 02:00:00
2019-07-27,7,208,3,5.347,91.28,0,0,2019-07-27 03:00:00
2019-07-27,7,208,4,5.037,92.0,0,0,2019-07-27 04:00:00
2019-07-27,7,208,5,5.141,93.67,0,0,2019-07-27 05:00:00
2019-07-27,7,208,6,4.623,93.63,0,0,2019-07-27 06:00:00
2019-07-27,7,208,7,4.727,94.58,0,0,2019-07-27 07:00:00
2019-07-27,7,208,8,4.519,95.59,0,0,2019-07-27 08:00:00
2019-07-27,7,208,9,4.934,96.78,0,0,2019-07-27 09:00:00
2019-07-27,7,208,10,5.962,98.18,0,0,2019-07-27 10:00:00
2019-07-27,7,208,11,7.682,97.04,0,0,2019-07-27 11:00:00
2019-07-27,7,208,12,9.373,94.94,0,0,2019-07-27 12:00:00
2019-07-27,7,208,13,12.787,74.79,0,0,2019-07-27 13:00:00
2019-07-27,7,208,14,13.654,68.55,0,0,2019-07-27 14:00:00
2019-07-27,7,208,15,14.325,64.76,0,0,2019-07-27 15:00:00
2019-07-27,7,208,16,13.076,68.55,0,0,2019-07-27 16:00:00
2019-07-27,7,208,17,12.013,73.87,0,0,2019-07-27 17:00:00
2019-07-27,7,208,18,11.041,78.42,0,0,2019-07-27 18:00:00
2019-07-27,7,208,19,10.357,82.02,0,0,2019-07-27 19:00:00
2019-07-27,7,208,20,9.866,83.39,0,0,2019-07-27 20:00:00
2019-07-27,7,208,21,9.472,84.15,0,0,2019-07-27 21:00:00
2019-07-27,7,208,22,9.373,85.79,1,0,2019-07-27 22:00:00
2019-07-27,7,208,23,8.978,85.36,0,0,2019-07-27 23:00:00
2019-07-28,7,209,0,8.879,86.25,0,0,2019-07-28 00:00:00
2019-07-28,7,209,1,8.879,88.83,2,0,2019-07-28 01:00:00
2019-07-28,7,209,2,8.581,89.42,0,0,2019-07-28 02:00:00
2019-07-28,7,209,3,8.481,90.05,1,0,2019-07-28 03:00:00
2019-07-28,7,209,4,8.382,90.71,0,0,2019-07-28 04:00:00
2019-07-28,7,209,5,8.182,91.42,0,0,2019-07-28 05:00:00
2019-07-28,7,209,6,7.782,91.4,0,0,2019-07-28 06:00:00
2019-07-28,7,209,7,7.782,91.4,0,0,2019-07-28 07:00:00
2019-07-28,7,209,8,6.978,92.11,0,0,2019-07-28 08:00:00
2019-07-28,7,209,9,7.28,94.78,0,0,2019-07-28 09:00:00
2019-07-28,7,209,10,8.382,94.87,0,0,2019-07-28 10:00:00
2019-07-28,7,209,11,9.176,91.46,0,0,2019-07-28 11:00:00
2019-07-28,7,209,12,10.063,88.86,0,0,2019-07-28 12:00:00
2019-07-28,7,209,13,12.304,80.4,0,0,2019-07-28 13:00:00
2019-07-28,7,209,14,13.846,73.31,0,0,2019-07-28 14:00:00
2019-07-28,7,209,15,14.709,66.75,0,0,2019-07-28 15:00:00
2019-07-28,7,209,16,13.365,70.94,0,0,2019-07-28 16:00:00
2019-07-28,7,209,17,13.654,69.44,0,0,2019-07-28 17:00:00
2019-07-28,7,209,18,13.365,68.39,0,0,2019-07-28 18:00:00
2019-07-28,7,209,19,11.236,76.46,0,0,2019-07-28 19:00:00
2019-07-28,7,209,20,9.768,83.4,1,0,2019-07-28 20:00:00
2019-07-28,7,209,21,8.978,87.72,0,0,2019-07-28 21:00:00
2019-07-28,7,209,22,8.481,90.05,1,0,2019-07-28 22:00:00
2019-07-28,7,209,23,7.882,91.4,2,0,2019-07-28 23:00:00
2019-07-29,7,210,0,7.682,92.96,0,0,2019-07-29 00:00:00
2019-07-29,7,210,1,7.179,94.77,0,0,2019-07-29 01:00:00
2019-07-29,7,210,2,7.079,95.82,0,0,2019-07-29 02:00:00
2019-07-29,7,210,3,6.674,96.94,0,0,2019-07-29 03:00:00
2019-07-29,7,210,4,6.978,96.97,0,0,2019-07-29 04:00:00
2019-07-29,7,210,5,6.877,98.27,0,0,2019-07-29 05:00:00
2019-07-29,7,210,6,6.268,98.21,0,0,2019-07-29 06:00:00
2019-07-29,7,210,7,6.37,99.71,0,0,2019-07-29 07:00:00
2019-07-29,7,210,8,6.064,99.67,0,0,2019-07-29 08:00:00
2019-07-29,7,210,9,5.962,99.66,0,0,2019-07-29 09:00:00
2019-07-29,7,210,10,6.674,99.74,0,0,2019-07-29 10:00:00
2019-07-29,7,210,11,8.382,99.93,0,0,2019-07-29 11:00:00
2019-07-29,7,210,12,11.139,97.37,0,0,2019-07-29 12:00:00
2019-07-29,7,210,13,13.365,86.72,0,0,2019-07-29 13:00:00
2019-07-29,7,210,14,15.187,74.67,0,0,2019-07-29 14:00:00
2019-07-29,7,210,15,17.95,63.75,0,0,2019-07-29 15:00:00
2019-07-29,7,210,16,17.76,62.64,0,0,2019-07-29 16:00:00
2019-07-29,7,210,17,18.236,62.98,0,0,2019-07-29 17:00:00
2019-07-29,7,210,18,17.094,66.78,0,0,2019-07-29 18:00:00
2019-07-29,7,210,19,14.23,76.99,0,0,2019-07-29 19:00:00
2019-07-29,7,210,20,12.304,84.47,1,0,2019-07-29 20:00:00
2019-07-29,7,210,21,11.528,84.09,0,0,2019-07-29 21:00:00
2019-07-29,7,210,22,10.944,74.5,0,0,2019-07-29 22:00:00
2019-07-29,7,210,23,10.553,65.48,1,0,2019-07-29 23:00:00
2019-07-30,7,211,0,10.553,56.47,0,0,2019-07-30 00:00:00
2019-07-30,7,211,1,10.161,48.81,0,0,2019-07-30 01:00:00
2019-07-30,7,211,2,9.965,47.38,0,0,2019-07-30 02:00:00
2019-07-30,7,211,3,9.866,46.76,0,0,2019-07-30 03:00:00
2019-07-30,7,211,4,9.472,43.12,0,0,2019-07-30 04:00:00
2019-07-30,7,211,5,8.082,52.02,0,0,2019-07-30 05:00:00
2019-07-30,7,211,6,7.582,57.63,0,0,2019-07-30 06:00:00
2019-07-30,7,211,7,7.28,71.09,0,0,2019-07-30 07:00:00
2019-07-30,7,211,8,7.481,77.86,0,0,2019-07-30 08:00:00
2019-07-30,7,211,9,7.381,82.16,0,0,2019-07-30 09:00:00
2019-07-30,7,211,10,8.082,78.23,0,0,2019-07-30 10:00:00
2019-07-30,7,211,11,10.748,60.9,0,0,2019-07-30 11:00:00
2019-07-30,7,211,12,13.942,62.93,0,0,2019-07-30 12:00:00
2019-07-30,7,211,13,16.808,59.28,0,0,2019-07-30 13:00:00
2019-07-30,7,211,14,19.377,49.16,0,0,2019-07-30 14:00:00
2019-07-30,7,211,15,21.664,46.13,0,0,2019-07-30 15:00:00
2019-07-30,7,211,16,19.662,46.13,0,0,2019-07-30 16:00:00
2019-07-30,7,211,17,19.948,44.36,0,0,2019-07-30 17:00:00
2019-07-30,7,211,18,18.331,44.18,0,0,2019-07-30 18:00:00
2019-07-30,7,211,19,14.9,57.46,0,0,2019-07-30 19:00:00
2019-07-30,7,211,20,13.076,67.07,0,0,2019-07-30 20:00:00
2019-07-30,7,211,21,12.013,71.68,0,0,2019-07-30 21:00:00
2019-07-30,7,211,22,11.334,74.79,0,0,2019-07-30 22:00:00
2019-07-30,7,211,23,10.651,76.72,0,0,2019-07-30 23:00:00
2019-07-31,7,212,0,10.063,78.51,0,0,2019-07-31 00:00:00
2019-07-31,7,212,1,9.768,79.76,0,0,2019-07-31 01:00:00
2019-07-31,7,212,2,9.669,80.57,0,0,2019-07-31 02:00:00
2019-07-31,7,212,3,9.373,81.45,0,0,2019-07-31 03:00:00
2019-07-31,7,212,4,8.879,83.08,0,0,2019-07-31 04:00:00
2019-07-31,7,212,5,8.879,82.41,0,0,2019-07-31 05:00:00
2019-07-31,7,212,6,8.382,83.8,0,0,2019-07-31 06:00:00
2019-07-31,7,212,7,8.481,82.11,0,0,2019-07-31 07:00:00
2019-07-31,7,212,8,8.382,82.76,0,0,2019-07-31 08:00:00
2019-07-31,7,212,9,8.68,77.75,0,0,2019-07-31 09:00:00
2019-07-31,7,212,10,9.472,69.31,0,0,2019-07-31 10:00:00
2019-07-31,7,212,11,11.819,63.08,0,0,2019-07-31 11:00:00
2019-07-31,7,212,12,14.9,63.49,0,0,2019-07-31 12:00:00
2019-07-31,7,212,13,17.855,63.37,0,0,2019-07-31 13:00:00
2019-07-31,7,212,14,19.662,61.42,0,0,2019-07-31 14:00:00
2019-07-31,7,212,15,22.333,53.96,0,0,2019-07-31 15:00:00
2019-07-31,7,212,16,20.043,61.83,0,0,2019-07-31 16:00:00
2019-07-31,7,212,17,20.996,58.96,0,0,2019-07-31 17:00:00
2019-07-31,7,212,18,19.377,61.55,2,0,2019-07-31 18:00:00
2019-07-31,7,212,19,16.713,72.12,2,0,2019-07-31 19:00:00
2019-07-31,7,212,20,14.996,79.37,0,0,2019-07-31 20:00:00
2019-07-31,7,212,21,14.134,83.24,2,0,2019-07-31 21:00:00
2019-07-31,7,212,22,13.654,85.3,0,0,2019-07-31 22:00:00
2019-07-31,7,212,23,13.173,87.77,2,0,2019-07-31 23:00:00
2019-08-01,8,213,0,12.594,88.91,2,0,2019-08-01 00:00:00
2019-08-01,8,213,1,12.69,89.53,2,0,2019-08-01 01:00:00
2019-08-01,8,213,2,12.594,89.53,0,0,2019-08-01 02:00:00
2019-08-01,8,213,3,12.304,89.52,2,0,2019-08-01 03:00:00
2019-08-01,8,213,4,11.916,83.69,0,0,2019-08-01 04:00:00
2019-08-01,8,213,5,12.401,71.75,0,0,2019-08-01 05:00:00
2019-08-01,8,213,6,13.076,53.45,0,0,2019-08-01 06:00:00
2019-08-01,8,213,7,14.325,44.35,0,0,2019-08-01 07:00:00
2019-08-01,8,213,8,14.421,39.1,0,0,2019-08-01 08:00:00
2019-08-01,8,213,9,14.325,38.23,0,0,2019-08-01 09:00:00
2019-08-01,8,213,10,15.473,37.74,0,0,2019-08-01 10:00:00
2019-08-01,8,213,11,18.236,49.8,0,0,2019-08-01 11:00:00
2019-08-01,8,213,12,19.187,60.01,0,0,2019-08-01 12:00:00
2019-08-01,8,213,13,21.091,56.49,0,0,2019-08-01 13:00:00
2019-08-01,8,213,14,20.996,59.77,0,0,2019-08-01 14:00:00
2019-08-01,8,213,15,21.569,60.43,0,0,2019-08-01 15:00:00
2019-08-01,8,213,16,19.377,64.2,0,0,2019-08-01 16:00:00
2019-08-01,8,213,17,16.903,74.66,0,0,2019-08-01 17:00:00
2019-08-01,8,213,18,14.613,79.67,2,0,2019-08-01 18:00:00
2019-08-01,8,213,19,12.69,84.06,2,0,2019-08-01 19:00:00
2019-08-01,8,213,20,10.651,90.12,3,0,2019-08-01 20:00:00
2019-08-01,8,213,21,8.382,91.42,3,0,2019-08-01 21:00:00
2019-08-01,8,213,22,6.978,90.0,2,0,2019-08-01 22:00:00
2019-08-01,8,213,23,6.471,88.22,2,0,2019-08-01 23:00:00
2019-08-02,8,214,0,6.166,86.72,0,0,2019-08-02 00:00:00
2019-08-02,8,214,1,6.674,88.78,0,0,2019-08-02 01:00:00
2019-08-02,8,214,2,6.37,88.77,0,0,2019-08-02 02:00:00
2019-08-02,8,214,3,5.655,89.34,0,0,2019-08-02 03:00:00
2019-08-02,8,214,4,5.962,92.86,0,0,2019-08-02 04:00:00
2019-08-02,8,214,5,6.166,92.87,0,0,2019-08-02 05:00:00
2019-08-02,8,214,6,6.268,93.75,0,0,2019-08-02 06:00:00
2019-08-02,8,214,7,5.45,93.69,0,0,2019-08-02 07:00:00
2019-08-02,8,214,8,4.831,93.64,0,0,2019-08-02 08:00:00
2019-08-02,8,214,9,4.831,93.64,0,0,2019-08-02 09:00:00
2019-08-02,8,214,10,5.141,93.67,0,0,2019-08-02 10:00:00
2019-08-02,8,214,11,4.831,92.78,0,0,2019-08-02 11:00:00
2019-08-02,8,214,12,4.207,91.22,0,0,2019-08-02 12:00:00
2019-08-02,8,214,13,5.347,92.82,0,0,2019-08-02 13:00:00
2019-08-02,8,214,14,6.268,93.75,0,0,2019-08-02 14:00:00
2019-08-02,8,214,15,7.983,91.41,0,0,2019-08-02 15:00:00
2019-08-02,8,214,16,9.866,60.86,0,0,2019-08-02 16:00:00
2019-08-02,8,214,17,10.455,53.87,0,0,2019-08-02 17:00:00
2019-08-02,8,214,18,9.571,58.12,0,0,2019-08-02 18:00:00
2019-08-02,8,214,19,7.582,64.85,0,0,2019-08-02 19:00:00
2019-08-02,8,214,20,5.655,75.33,1,0,2019-08-02 20:00:00
2019-08-02,8,214,21,4.623,81.16,0,0,2019-08-02 21:00:00
2019-08-02,8,214,22,4.102,83.59,0,0,2019-08-02 22:00:00
2019-08-02,8,214,23,3.472,85.05,1,0,2019-08-02 23:00:00
2019-08-03,8,215,0,2.943,85.86,0,0,2019-08-03 00:00:00
2019-08-03,8,215,1,2.73,85.86,0,0,2019-08-03 01:00:00
2019-08-03,8,215,2,2.624,85.86,0,0,2019-08-03 02:00:00
2019-08-03,8,215,3,2.41,85.86,0,0,2019-08-03 03:00:00
2019-08-03,8,215,4,2.624,85.86,0,0,2019-08-03 04:00:00
2019-08-03,8,215,5,2.73,86.72,0,0,2019-08-03 05:00:00
2019-08-03,8,215,6,2.517,85.86,0,0,2019-08-03 06:00:00
2019-08-03,8,215,7,3.261,84.68,0,0,2019-08-03 07:00:00
2019-08-03,8,215,8,3.261,82.37,0,0,2019-08-03 08:00:00
2019-08-03,8,215,9,4.311,76.66,0,0,2019-08-03 09:00:00
2019-08-03,8,215,10,5.037,68.47,0,0,2019-08-03 10:00:00
2019-08-03,8,215,11,7.381,67.09,0,0,2019-08-03 11:00:00
2019-08-03,8,215,12,10.357,65.99,0,0,2019-08-03 12:00:00
2019-08-03,8,215,13,12.883,53.91,0,0,2019-08-03 13:00:00
2019-08-03,8,215,14,14.709,48.57,0,0,2019-08-03 14:00:00
2019-08-03,8,215,15,16.141,42.71,0,0,2019-08-03 15:00:00
2019-08-03,8,215,16,14.134,45.23,0,0,2019-08-03 16:00:00
2019-08-03,8,215,17,14.517,46.07,0,0,2019-08-03 17:00:00
2019-08-03,8,215,18,13.173,53.1,0,0,2019-08-03 18:00:00
2019-08-03,8,215,19,10.553,63.84,0,0,2019-08-03 19:00:00
2019-08-03,8,215,20,8.879,70.04,0,0,2019-08-03 20:00:00
2019-08-03,8,215,21,7.682,75.41,1,0,2019-08-03 21:00:00
2019-08-03,8,215,22,7.179,78.53,0,0,2019-08-03 22:00:00
2019-08-03,8,215,23,6.37,78.18,1,0,2019-08-03 23:00:00
2019-08-04,8,216,0,6.268,80.79,0,0,2019-08-04 00:00:00
2019-08-04,8,216,1,5.655,83.54,0,0,2019-08-04 01:00:00
2019-08-04,8,216,2,5.141,85.83,0,0,2019-08-04 02:00:00
2019-08-04,8,216,3,4.831,86.27,0,0,2019-08-04 03:00:00
2019-08-04,8,216,4,4.727,87.19,0,0,2019-08-04 04:00:00
2019-08-04,8,216,5,4.102,86.72,0,0,2019-08-04 05:00:00
2019-08-04,8,216,6,3.998,87.67,0,0,2019-08-04 06:00:00
2019-08-04,8,216,7,3.683,87.18,0,0,2019-08-04 07:00:00
2019-08-04,8,216,8,3.578,87.67,0,0,2019-08-04 08:00:00
2019-08-04,8,216,9,3.893,87.18,0,0,2019-08-04 09:00:00
2019-08-04,8,216,10,4.623,85.03,0,0,2019-08-04 10:00:00
2019-08-04,8,216,11,7.381,78.97,0,0,2019-08-04 11:00:00
2019-08-04,8,216,12,10.748,65.59,0,0,2019-08-04 12:00:00
2019-08-04,8,216,13,13.75,50.51,0,0,2019-08-04 13:00:00
2019-08-04,8,216,14,14.23,49.41,0,0,2019-08-04 14:00:00
2019-08-04,8,216,15,16.808,45.77,0,0,2019-08-04 15:00:00
2019-08-04,8,216,16,13.846,48.43,0,0,2019-08-04 16:00:00
2019-08-04,8,216,17,14.709,48.85,0,0,2019-08-04 17:00:00
2019-08-04,8,216,18,13.365,54.91,0,0,2019-08-04 18:00:00
2019-08-04,8,216,19,11.625,62.36,1,0,2019-08-04 19:00:00
2019-08-04,8,216,20,9.472,69.83,1,0,2019-08-04 20:00:00
2019-08-04,8,216,21,8.581,77.14,1,0,2019-08-04 21:00:00
2019-08-04,8,216,22,7.782,80.97,0,0,2019-08-04 22:00:00
2019-08-04,8,216,23,7.179,82.49,0,0,2019-08-04 23:00:00
2019-08-05,8,217,0,6.775,83.5,0,0,2019-08-05 00:00:00
2019-08-05,8,217,1,6.268,85.0,0,0,2019-08-05 01:00:00
2019-08-05,8,217,2,5.86,86.26,0,0,2019-08-05 02:00:00
2019-08-05,8,217,3,5.86,87.69,0,0,2019-08-05 03:00:00
2019-08-05,8,217,4,5.655,88.21,0,0,2019-08-05 04:00:00
2019-08-05,8,217,5,5.552,88.76,0,0,2019-08-05 05:00:00
2019-08-05,8,217,6,5.45,89.33,0,0,2019-08-05 06:00:00
2019-08-05,8,217,7,5.552,89.33,0,0,2019-08-05 07:00:00
2019-08-05,8,217,8,5.45,89.94,0,0,2019-08-05 08:00:00
2019-08-05,8,217,9,5.757,90.6,0,0,2019-08-05 09:00:00
2019-08-05,8,217,10,6.775,87.7,0,0,2019-08-05 10:00:00
2019-08-05,8,217,11,9.176,81.46,0,0,2019-08-05 11:00:00
2019-08-05,8,217,12,12.787,72.11,0,0,2019-08-05 12:00:00
2019-08-05,8,217,13,16.141,56.57,0,0,2019-08-05 13:00:00
2019-08-05,8,217,14,18.045,49.52,0,0,2019-08-05 14:00:00
2019-08-05,8,217,15,20.996,39.67,0,0,2019-08-05 15:00:00
2019-08-05,8,217,16,17.76,35.54,0,0,2019-08-05 16:00:00
2019-08-05,8,217,17,18.901,37.29,0,0,2019-08-05 17:00:00
2019-08-05,8,217,18,16.999,44.38,0,0,2019-08-05 18:00:00
2019-08-05,8,217,19,14.038,58.56,1,0,2019-08-05 19:00:00
2019-08-05,8,217,20,11.819,69.53,1,0,2019-08-05 20:00:00
2019-08-05,8,217,21,10.748,76.32,1,0,2019-08-05 21:00:00
2019-08-05,8,217,22,10.063,79.23,0,0,2019-08-05 22:00:00
2019-08-05,8,217,23,9.472,83.41,1,0,2019-08-05 23:00:00
2019-08-06,8,218,0,8.978,84.16,0,0,2019-08-06 00:00:00
2019-08-06,8,218,1,8.481,85.37,0,0,2019-08-06 01:00:00
2019-08-06,8,218,2,8.282,86.25,0,0,2019-08-06 02:00:00
2019-08-06,8,218,3,8.082,86.25,0,0,2019-08-06 03:00:00
2019-08-06,8,218,4,7.782,86.72,0,0,2019-08-06 04:00:00
2019-08-06,8,218,5,7.582,87.71,0,0,2019-08-06 05:00:00
2019-08-06,8,218,6,7.481,86.72,0,0,2019-08-06 06:00:00
2019-08-06,8,218,7,7.582,85.38,0,0,2019-08-06 07:00:00
2019-08-06,8,218,8,7.582,83.83,0,0,2019-08-06 08:00:00
2019-08-06,8,218,9,7.682,83.12,0,0,2019-08-06 09:00:00
2019-08-06,8,218,10,8.68,77.33,0,0,2019-08-06 10:00:00
2019-08-06,8,218,11,11.139,73.67,0,0,2019-08-06 11:00:00
2019-08-06,8,218,12,14.325,67.4,0,0,2019-08-06 12:00:00
2019-08-06,8,218,13,17.379,58.53,0,0,2019-08-06 13:00:00
2019-08-06,8,218,14,19.662,51.11,0,0,2019-08-06 14:00:00
2019-08-06,8,218,15,23.1,43.81,0,0,2019-08-06 15:00:00
2019-08-06,8,218,16,20.805,47.27,0,0,2019-08-06 16:00:00
2019-08-06,8,218,17,21.473,43.81,0,0,2019-08-06 17:00:00
2019-08-06,8,218,18,18.996,48.94,0,0,2019-08-06 18:00:00
2019-08-06,8,218,19,15.855,60.56,2,0,2019-08-06 19:00:00
2019-08-06,8,218,20,13.75,70.5,2,0,2019-08-06 20:00:00
2019-08-06,8,218,21,12.883,75.32,0,0,2019-08-06 21:00:00
2019-08-06,8,218,22,12.207,78.32,1,0,2019-08-06 22:00:00
2019-08-06,8,218,23,11.528,79.63,0,0,2019-08-06 23:00:00
2019-08-07,8,219,0,11.236,79.39,1,0,2019-08-07 00:00:00
2019-08-07,8,219,1,11.041,80.2,0,0,2019-08-07 01:00:00
2019-08-07,8,219,2,10.748,80.22,0,0,2019-08-07 02:00:00
2019-08-07,8,219,3,10.846,80.21,0,0,2019-08-07 03:00:00
2019-08-07,8,219,4,10.651,78.69,0,0,2019-08-07 04:00:00
2019-08-07,8,219,5,10.357,77.37,0,0,2019-08-07 05:00:00
2019-08-07,8,219,6,10.553,75.41,0,0,2019-08-07 06:00:00
2019-08-07,8,219,7,10.553,77.35,1,0,2019-08-07 07:00:00
2019-08-07,8,219,8,10.455,74.73,0,0,2019-08-07 08:00:00
2019-08-07,8,219,9,11.041,67.47,0,0,2019-08-07 09:00:00
2019-08-07,8,219,10,11.431,65.85,0,0,2019-08-07 10:00:00
2019-08-07,8,219,11,13.269,62.29,0,0,2019-08-07 11:00:00
2019-08-07,8,219,12,16.046,53.19,0,0,2019-08-07 12:00:00
2019-08-07,8,219,13,18.045,42.6,0,0,2019-08-07 13:00:00
2019-08-07,8,219,14,19.092,45.65,0,0,2019-08-07 14:00:00
2019-08-07,8,219,15,19.472,45.54,0,0,2019-08-07 15:00:00
2019-08-07,8,219,16,18.331,50.5,0,0,2019-08-07 16:00:00
2019-08-07,8,219,17,18.426,46.75,0,0,2019-08-07 17:00:00
2019-08-07,8,219,18,16.618,47.92,0,0,2019-08-07 18:00:00
2019-08-07,8,219,19,14.613,57.82,1,0,2019-08-07 19:00:00
2019-08-07,8,219,20,12.69,62.17,2,0,2019-08-07 20:00:00
2019-08-07,8,219,21,12.11,69.37,2,0,2019-08-07 21:00:00
2019-08-07,8,219,22,11.528,72.3,0,0,2019-08-07 22:00:00
2019-08-07,8,219,23,11.041,69.23,2,0,2019-08-07 23:00:00
2019-08-08,8,220,0,10.259,75.44,0,0,2019-08-08 00:00:00
2019-08-08,8,220,1,9.768,75.5,1,0,2019-08-08 01:00:00
2019-08-08,8,220,2,9.176,76.11,0,0,2019-08-08 02:00:00
2019-08-08,8,220,3,8.779,78.17,1,0,2019-08-08 03:00:00
2019-08-08,8,220,4,8.282,79.13,2,0,2019-08-08 04:00:00
2019-08-08,8,220,5,8.082,82.13,0,0,2019-08-08 05:00:00
2019-08-08,8,220,6,7.481,82.16,0,0,2019-08-08 06:00:00
2019-08-08,8,220,7,7.179,83.49,0,0,2019-08-08 07:00:00
2019-08-08,8,220,8,6.877,85.39,0,0,2019-08-08 08:00:00
2019-08-08,8,220,9,7.179,86.26,0,0,2019-08-08 09:00:00
2019-08-08,8,220,10,7.782,85.38,0,0,2019-08-08 10:00:00
2019-08-08,8,220,11,9.571,84.14,0,0,2019-08-08 11:00:00
2019-08-08,8,220,12,12.594,68.03,0,0,2019-08-08 12:00:00
2019-08-08,8,220,13,14.325,51.33,0,0,2019-08-08 13:00:00
2019-08-08,8,220,14,13.75,58.05,0,0,2019-08-08 14:00:00
2019-08-08,8,220,15,13.173,62.06,0,0,2019-08-08 15:00:00
2019-08-08,8,220,16,12.013,69.61,0,0,2019-08-08 16:00:00
2019-08-08,8,220,17,10.748,72.83,0,0,2019-08-08 17:00:00
2019-08-08,8,220,18,10.161,75.82,2,0,2019-08-08 18:00:00
2019-08-08,8,220,19,9.669,80.29,2,0,2019-08-08 19:00:00
2019-08-08,8,220,20,8.779,87.21,2,0,2019-08-08 20:00:00
2019-08-08,8,220,21,8.282,93.0,3,0,2019-08-08 21:00:00
2019-08-08,8,220,22,7.28,94.78,3,0,2019-08-08 22:00:00
2019-08-08,8,220,23,7.079,95.82,3,0,2019-08-08 23:00:00
2019-08-09,8,221,0,7.179,96.99,2,0,2019-08-09 00:00:00
2019-08-09,8,221,1,6.674,96.94,1,0,2019-08-09 01:00:00
2019-08-09,8,221,2,6.268,96.91,2,0,2019-08-09 02:00:00
2019-08-09,8,221,3,6.064,98.19,1,0,2019-08-09 03:00:00
2019-08-09,8,221,4,6.37,98.22,0,0,2019-08-09 04:00:00
2019-08-09,8,221,5,5.962,98.18,1,0,2019-08-09 05:00:00
2019-08-09,8,221,6,5.962,99.66,0,0,2019-08-09 06:00:00
2019-08-09,8,221,7,5.552,99.62,0,0,2019-08-09 07:00:00
2019-08-09,8,221,8,5.347,99.59,0,0,2019-08-09 08:00:00
2019-08-09,8,221,9,5.141,99.57,0,0,2019-08-09 09:00:00
2019-08-09,8,221,10,4.623,99.51,0,0,2019-08-09 10:00:00
2019-08-09,8,221,11,4.415,98.01,0,0,2019-08-09 11:00:00
2019-08-09,8,221,12,4.934,96.78,0,0,2019-08-09 12:00:00
2019-08-09,8,221,13,5.45,94.63,0,0,2019-08-09 13:00:00
2019-08-09,8,221,14,5.655,89.95,0,0,2019-08-09 14:00:00
2019-08-09,8,221,15,5.86,85.41,0,0,2019-08-09 15:00:00
2019-08-09,8,221,16,6.37,86.26,0,0,2019-08-09 16:00:00
2019-08-09,8,221,17,6.268,85.4,0,0,2019-08-09 17:00:00
2019-08-09,8,221,18,6.166,86.72,0,0,2019-08-09 18:00:00
2019-08-09,8,221,19,5.757,88.21,0,0,2019-08-09 19:00:00
2019-08-09,8,221,20,5.552,89.95,0,0,2019-08-09 20:00:00
2019-08-09,8,221,21,5.244,90.58,0,0,2019-08-09 21:00:00
2019-08-09,8,221,22,5.347,91.28,0,0,2019-08-09 22:00:00
2019-08-09,8,221,23,4.623,91.98,0,0,2019-08-09 23:00:00
2019-08-10,8,222,0,4.415,92.76,0,0,2019-08-10 00:00:00
2019-08-10,8,222,1,3.788,93.57,0,0,2019-08-10 01:00:00
2019-08-10,8,222,2,3.683,93.56,0,0,2019-08-10 02:00:00
2019-08-10,8,222,3,3.578,92.71,0,0,2019-08-10 03:00:00
2019-08-10,8,222,4,3.261,88.71,0,0,2019-08-10 04:00:00
2019-08-10,8,222,5,3.261,82.08,0,0,2019-08-10 05:00:00
2019-08-10,8,222,6,3.578,76.75,0,0,2019-08-10 06:00:00
2019-08-10,8,222,7,3.472,73.0,0,0,2019-08-10 07:00:00
2019-08-10,8,222,8,3.155,70.95,0,0,2019-08-10 08:00:00
2019-08-10,8,222,9,3.893,67.06,0,0,2019-08-10 09:00:00
2019-08-10,8,222,10,5.141,57.98,0,0,2019-08-10 10:00:00
2019-08-10,8,222,11,8.282,52.82,0,0,2019-08-10 11:00:00
2019-08-10,8,222,12,12.207,49.1,0,0,2019-08-10 12:00:00
2019-08-10,8,222,13,15.473,39.55,0,0,2019-08-10 13:00:00
2019-08-10,8,222,14,15.76,44.95,0,0,2019-08-10 14:00:00
2019-08-10,8,222,15,16.713,38.62,0,0,2019-08-10 15:00:00
2019-08-10,8,222,16,16.141,38.07,0,0,2019-08-10 16:00:00
2019-08-10,8,222,17,16.713,38.59,0,0,2019-08-10 17:00:00
2019-08-10,8,222,18,14.613,47.4,0,0,2019-08-10 18:00:00
2019-08-10,8,222,19,11.916,51.34,0,0,2019-08-10 19:00:00
2019-08-10,8,222,20,9.768,64.77,0,0,2019-08-10 20:00:00
2019-08-10,8,222,21,8.779,73.55,0,0,2019-08-10 21:00:00
2019-08-10,8,222,22,7.782,76.83,0,0,2019-08-10 22:00:00
2019-08-10,8,222,23,6.978,79.23,0,0,2019-08-10 23:00:00
2019-08-11,8,223,0,6.775,79.98,0,0,2019-08-11 00:00:00
2019-08-11,8,223,1,6.166,81.34,0,0,2019-08-11 01:00:00
2019-08-11,8,223,2,5.757,80.3,0,0,2019-08-11 02:00:00
2019-08-11,8,223,3,5.655,79.82,0,0,2019-08-11 03:00:00
2019-08-11,8,223,4,5.45,81.11,0,0,2019-08-11 04:00:00
2019-08-11,8,223,5,5.45,83.21,0,0,2019-08-11 05:00:00
2019-08-11,8,223,6,5.244,81.68,0,0,2019-08-11 06:00:00
2019-08-11,8,223,7,5.141,79.62,0,0,2019-08-11 07:00:00
2019-08-11,8,223,8,5.45,80.32,0,0,2019-08-11 08:00:00
2019-08-11,8,223,9,5.86,78.87,0,0,2019-08-11 09:00:00
2019-08-11,8,223,10,7.28,69.12,0,0,2019-08-11 10:00:00
2019-08-11,8,223,11,10.455,61.87,0,0,2019-08-11 11:00:00
2019-08-11,8,223,12,14.325,57.61,0,0,2019-08-11 12:00:00
2019-08-11,8,223,13,17.57,45.24,0,0,2019-08-11 13:00:00
2019-08-11,8,223,14,18.996,45.07,0,0,2019-08-11 14:00:00
2019-08-11,8,223,15,20.043,45.3,0,0,2019-08-11 15:00:00
2019-08-11,8,223,16,20.043,44.48,0,0,2019-08-11 16:00:00
2019-08-11,8,223,17,20.805,44.16,0,0,2019-08-11 17:00:00
2019-08-11,8,223,18,18.901,46.45,0,0,2019-08-11 18:00:00
2019-08-11,8,223,19,15.76,57.52,1,0,2019-08-11 19:00:00
2019-08-11,8,223,20,13.461,66.81,2,0,2019-08-11 20:00:00
2019-08-11,8,223,21,12.401,70.59,1,0,2019-08-11 21:00:00
2019-08-11,8,223,22,11.916,73.26,2,0,2019-08-11 22:00:00
2019-08-11,8,223,23,11.431,75.31,1,0,2019-08-11 23:00:00
2019-08-12,8,224,0,10.944,75.73,2,0,2019-08-12 00:00:00
2019-08-12,8,224,1,11.236,73.66,1,0,2019-08-12 01:00:00
2019-08-12,8,224,2,11.041,72.51,0,0,2019-08-12 02:00:00
2019-08-12,8,224,3,10.944,70.36,0,0,2019-08-12 03:00:00
2019-08-12,8,224,4,10.455,69.77,0,0,2019-08-12 04:00:00
2019-08-12,8,224,5,9.965,73.68,0,0,2019-08-12 05:00:00
2019-08-12,8,224,6,9.965,73.09,0,0,2019-08-12 06:00:00
2019-08-12,8,224,7,9.275,77.27,0,0,2019-08-12 07:00:00
2019-08-12,8,224,8,9.176,78.36,0,0,2019-08-12 08:00:00
2019-08-12,8,224,9,9.176,79.3,0,0,2019-08-12 09:00:00
2019-08-12,8,224,10,9.965,77.2,0,0,2019-08-12 10:00:00
2019-08-12,8,224,11,12.304,74.33,0,0,2019-08-12 11:00:00
2019-08-12,8,224,12,15.282,62.9,0,0,2019-08-12 12:00:00
2019-08-12,8,224,13,17.379,56.33,0,0,2019-08-12 13:00:00
2019-08-12,8,224,14,18.521,51.58,0,0,2019-08-12 14:00:00
2019-08-12,8,224,15,18.331,52.65,0,0,2019-08-12 15:00:00
2019-08-12,8,224,16,19.092,52.44,0,0,2019-08-12 16:00:00
2019-08-12,8,224,17,18.806,49.67,0,0,2019-08-12 17:00:00
2019-08-12,8,224,18,16.713,57.22,0,0,2019-08-12 18:00:00
2019-08-12,8,224,19,14.325,65.66,2,0,2019-08-12 19:00:00
2019-08-12,8,224,20,13.269,71.9,3,0,2019-08-12 20:00:00
2019-08-12,8,224,21,13.076,72.5,0,0,2019-08-12 21:00:00
2019-08-12,8,224,22,12.401,73.82,0,0,2019-08-12 22:00:00
2019-08-12,8,224,23,11.916,75.62,1,0,2019-08-12 23:00:00
2019-08-13,8,225,0,11.334,77.06,1,0,2019-08-13 00:00:00
2019-08-13,8,225,1,10.846,80.49,2,0,2019-08-13 01:00:00
2019-08-13,8,225,2,10.357,84.12,1,0,2019-08-13 02:00:00
2019-08-13,8,225,3,9.472,86.72,2,0,2019-08-13 03:00:00
2019-08-13,8,225,4,8.282,90.04,1,0,2019-08-13 04:00:00
2019-08-13,8,225,5,7.882,92.98,2,0,2019-08-13 05:00:00
2019-08-13,8,225,6,7.381,94.79,2,0,2019-08-13 06:00:00
2019-08-13,8,225,7,5.962,94.67,0,0,2019-08-13 07:00:00
2019-08-13,8,225,8,5.86,95.71,0,0,2019-08-13 08:00:00
2019-08-13,8,225,9,5.655,96.85,0,0,2019-08-13 09:00:00
2019-08-13,8,225,10,5.347,96.82,0,0,2019-08-13 10:00:00
2019-08-13,8,225,11,6.37,96.91,0,0,2019-08-13 11:00:00
2019-08-13,8,225,12,7.381,95.84,0,0,2019-08-13 12:00:00
2019-08-13,8,225,13,8.68,93.03,0,0,2019-08-13 13:00:00
2019-08-13,8,225,14,8.481,87.72,0,0,2019-08-13 14:00:00
2019-08-13,8,225,15,8.68,85.37,0,0,2019-08-13 15:00:00
2019-08-13,8,225,16,8.879,84.55,0,0,2019-08-13 16:00:00
2019-08-13,8,225,17,9.077,84.95,0,0,2019-08-13 17:00:00
2019-08-13,8,225,18,8.68,84.55,1,0,2019-08-13 18:00:00
2019-08-13,8,225,19,7.782,86.25,0,0,2019-08-13 19:00:00
2019-08-13,8,225,20,7.28,87.71,1,0,2019-08-13 20:00:00
2019-08-13,8,225,21,7.079,89.38,2,0,2019-08-13 21:00:00
2019-08-13,8,225,22,6.775,89.99,0,0,2019-08-13 22:00:00
2019-08-13,8,225,23,6.775,91.35,0,0,2019-08-13 23:00:00
2019-08-14,8,226,0,6.573,91.34,0,0,2019-08-14 00:00:00
2019-08-14,8,226,1,6.674,92.09,0,0,2019-08-14 01:00:00
2019-08-14,8,226,2,6.674,92.9,0,0,2019-08-14 02:00:00
2019-08-14,8,226,3,6.471,92.89,0,0,2019-08-14 03:00:00
2019-08-14,8,226,4,6.268,93.75,0,0,2019-08-14 04:00:00
2019-08-14,8,226,5,5.962,93.73,2,0,2019-08-14 05:00:00
2019-08-14,8,226,6,5.552,91.29,0,0,2019-08-14 06:00:00
2019-08-14,8,226,7,5.141,91.27,0,0,2019-08-14 07:00:00
2019-08-14,8,226,8,4.623,87.68,0,0,2019-08-14 08:00:00
2019-08-14,8,226,9,4.623,86.27,0,0,2019-08-14 09:00:00
2019-08-14,8,226,10,4.934,84.27,0,0,2019-08-14 10:00:00
2019-08-14,8,226,11,5.86,81.94,0,0,2019-08-14 11:00:00
2019-08-14,8,226,12,7.381,79.93,0,0,2019-08-14 12:00:00
2019-08-14,8,226,13,8.182,75.18,0,0,2019-08-14 13:00:00
2019-08-14,8,226,14,9.077,72.93,0,0,2019-08-14 14:00:00
2019-08-14,8,226,15,9.275,72.91,0,0,2019-08-14 15:00:00
2019-08-14,8,226,16,9.768,74.82,0,0,2019-08-14 16:00:00
2019-08-14,8,226,17,10.455,70.79,0,0,2019-08-14 17:00:00
2019-08-14,8,226,18,9.768,75.5,0,0,2019-08-14 18:00:00
2019-08-14,8,226,19,8.082,79.38,0,0,2019-08-14 19:00:00
2019-08-14,8,226,20,7.179,84.59,0,0,2019-08-14 20:00:00
2019-08-14,8,226,21,7.079,86.72,0,0,2019-08-14 21:00:00
2019-08-14,8,226,22,7.28,87.71,0,0,2019-08-14 22:00:00
2019-08-14,8,226,23,7.079,87.7,1,0,2019-08-14 23:00:00
2019-08-15,8,227,0,6.37,89.36,0,0,2019-08-15 00:00:00
2019-08-15,8,227,1,6.166,91.32,0,0,2019-08-15 01:00:00
2019-08-15,8,227,2,5.962,92.05,0,0,2019-08-15 02:00:00
2019-08-15,8,227,3,5.757,92.84,0,0,2019-08-15 03:00:00
2019-08-15,8,227,4,5.552,93.7,0,0,2019-08-15 04:00:00
2019-08-15,8,227,5,5.552,93.7,0,0,2019-08-15 05:00:00
2019-08-15,8,227,6,5.552,94.64,0,0,2019-08-15 06:00:00
2019-08-15,8,227,7,5.244,95.65,0,0,2019-08-15 07:00:00
2019-08-15,8,227,8,5.244,96.81,0,0,2019-08-15 08:00:00
2019-08-15,8,227,9,5.45,96.83,0,0,2019-08-15 09:00:00
2019-08-15,8,227,10,6.471,98.23,0,0,2019-08-15 10:00:00
2019-08-15,8,227,11,8.68,95.96,0,0,2019-08-15 11:00:00
2019-08-15,8,227,12,12.497,80.67,0,0,2019-08-15 12:00:00
2019-08-15,8,227,13,15.091,67.97,0,0,2019-08-15 13:00:00
2019-08-15,8,227,14,16.903,64.46,0,0,2019-08-15 14:00:00
2019-08-15,8,227,15,17.379,60.88,0,0,2019-08-15 15:00:00
2019-08-15,8,227,16,18.331,54.81,0,0,2019-08-15 16:00:00
2019-08-15,8,227,17,20.519,52.15,0,0,2019-08-15 17:00:00
2019-08-15,8,227,18,16.427,62.93,0,0,2019-08-15 18:00:00
2019-08-15,8,227,19,13.942,71.38,2,0,2019-08-15 19:00:00
2019-08-15,8,227,20,11.916,78.59,0,0,2019-08-15 20:00:00
2019-08-15,8,227,21,10.944,83.36,0,0,2019-08-15 21:00:00
2019-08-15,8,227,22,10.455,86.72,1,0,2019-08-15 22:00:00
2019-08-15,8,227,23,10.161,88.86,1,0,2019-08-15 23:00:00
2019-08-16,8,228,0,10.063,90.78,0,0,2019-08-16 00:00:00
2019-08-16,8,228,1,9.866,92.27,0,0,2019-08-16 01:00:00
2019-08-16,8,228,2,9.669,93.09,0,0,2019-08-16 02:00:00
2019-08-16,8,228,3,9.669,93.09,0,0,2019-08-16 03:00:00
2019-08-16,8,228,4,9.472,93.97,0,0,2019-08-16 04:00:00
2019-08-16,8,228,5,9.275,93.96,0,0,2019-08-16 05:00:00
2019-08-16,8,228,6,9.275,94.94,0,0,2019-08-16 06:00:00
2019-08-16,8,228,7,9.077,94.92,0,0,2019-08-16 07:00:00
2019-08-16,8,228,8,8.978,94.91,0,0,2019-08-16 08:00:00
2019-08-16,8,228,9,9.472,94.95,0,0,2019-08-16 09:00:00
2019-08-16,8,228,10,11.041,91.55,0,0,2019-08-16 10:00:00
2019-08-16,8,228,11,13.461,82.2,0,0,2019-08-16 11:00:00
2019-08-16,8,228,12,17.094,72.07,0,0,2019-08-16 12:00:00
2019-08-16,8,228,13,20.138,60.16,0,0,2019-08-16 13:00:00
2019-08-16,8,228,14,22.429,50.63,0,0,2019-08-16 14:00:00
2019-08-16,8,228,15,21.951,52.4,0,0,2019-08-16 15:00:00
2019-08-16,8,228,16,22.142,48.19,0,0,2019-08-16 16:00:00
2019-08-16,8,228,17,24.835,42.0,0,0,2019-08-16 17:00:00
2019-08-16,8,228,18,22.525,49.43,0,0,2019-08-16 18:00:00
2019-08-16,8,228,19,19.092,61.55,2,0,2019-08-16 19:00:00
2019-08-16,8,228,20,16.808,70.66,2,0,2019-08-16 20:00:00
2019-08-16,8,228,21,15.951,75.35,2,0,2019-08-16 21:00:00
2019-08-16,8,228,22,15.378,78.55,3,0,2019-08-16 22:00:00
2019-08-16,8,228,23,14.804,79.38,2,0,2019-08-16 23:00:00
2019-08-17,8,229,0,14.517,81.81,2,0,2019-08-17 00:00:00
2019-08-17,8,229,1,14.325,81.49,0,0,2019-08-17 01:00:00
2019-08-17,8,229,2,13.846,83.25,2,0,2019-08-17 02:00:00
2019-08-17,8,229,3,13.365,84.87,2,0,2019-08-17 03:00:00
2019-08-17,8,229,4,13.076,85.31,0,0,2019-08-17 04:00:00
2019-08-17,8,229,5,12.883,86.23,1,0,2019-08-17 05:00:00
2019-08-17,8,229,6,12.787,84.46,0,0,2019-08-17 06:00:00
2019-08-17,8,229,7,12.304,79.84,0,0,2019-08-17 07:00:00
2019-08-17,8,229,8,12.497,76.74,0,0,2019-08-17 08:00:00
2019-08-17,8,229,9,13.365,62.2,0,0,2019-08-17 09:00:00
2019-08-17,8,229,10,14.996,47.22,0,0,2019-08-17 10:00:00
2019-08-17,8,229,11,18.426,43.49,0,0,2019-08-17 11:00:00
2019-08-17,8,229,12,21.282,47.0,0,0,2019-08-17 12:00:00
2019-08-17,8,229,13,24.448,42.66,0,0,2019-08-17 13:00:00
2019-08-17,8,229,14,27.37,29.64,0,0,2019-08-17 14:00:00
2019-08-17,8,229,15,27.075,26.2,0,0,2019-08-17 15:00:00
2019-08-17,8,229,16,27.272,20.91,0,0,2019-08-17 16:00:00
2019-08-17,8,229,17,27.862,15.0,0,0,2019-08-17 17:00:00
2019-08-17,8,229,18,25.513,25.98,0,0,2019-08-17 18:00:00
2019-08-17,8,229,19,21.664,33.63,1,0,2019-08-17 19:00:00
2019-08-17,8,229,20,18.806,46.79,3,0,2019-08-17 20:00:00
2019-08-17,8,229,21,18.045,64.13,3,0,2019-08-17 21:00:00
2019-08-17,8,229,22,16.237,66.84,3,0,2019-08-17 22:00:00
2019-08-17,8,229,23,14.804,71.39,3,0,2019-08-17 23:00:00
2019-08-18,8,230,0,13.654,74.33,3,0,2019-08-18 00:00:00
2019-08-18,8,230,1,13.365,77.52,3,0,2019-08-18 01:00:00
2019-08-18,8,230,2,12.69,79.02,3,0,2019-08-18 02:00:00
2019-08-18,8,230,3,12.11,80.7,3,0,2019-08-18 03:00:00
2019-08-18,8,230,4,11.625,81.63,2,0,2019-08-18 04:00:00
2019-08-18,8,230,5,11.431,83.71,2,0,2019-08-18 05:00:00
2019-08-18,8,230,6,11.139,84.1,2,0,2019-08-18 06:00:00
2019-08-18,8,230,7,10.553,84.51,0,0,2019-08-18 07:00:00
2019-08-18,8,230,8,10.259,86.24,0,0,2019-08-18 08:00:00
2019-08-18,8,230,9,10.651,87.22,0,0,2019-08-18 09:00:00
2019-08-18,8,230,10,11.431,86.72,0,0,2019-08-18 10:00:00
2019-08-18,8,230,11,13.846,81.2,0,0,2019-08-18 11:00:00
2019-08-18,8,230,12,16.141,72.99,0,0,2019-08-18 12:00:00
2019-08-18,8,230,13,15.282,72.79,0,0,2019-08-18 13:00:00
2019-08-18,8,230,14,14.517,76.74,0,0,2019-08-18 14:00:00
2019-08-18,8,230,15,14.134,80.57,0,0,2019-08-18 15:00:00
2019-08-18,8,230,16,13.846,83.25,0,0,2019-08-18 16:00:00
2019-08-18,8,230,17,13.654,84.86,1,0,2019-08-18 17:00:00
2019-08-18,8,230,18,13.365,86.23,0,0,2019-08-18 18:00:00
2019-08-18,8,230,19,12.98,86.72,3,0,2019-08-18 19:00:00
2019-08-18,8,230,20,12.594,87.76,3,0,2019-08-18 20:00:00
2019-08-18,8,230,21,11.528,91.58,3,0,2019-08-18 21:00:00
2019-08-18,8,230,22,9.768,91.49,3,0,2019-08-18 22:00:00
2019-08-18,8,230,23,9.965,94.01,3,0,2019-08-18 23:00:00
2019-08-19,8,231,0,9.965,93.11,3,0,2019-08-19 00:00:00
2019-08-19,8,231,1,8.879,90.06,3,0,2019-08-19 01:00:00
2019-08-19,8,231,2,8.581,86.72,2,0,2019-08-19 02:00:00
2019-08-19,8,231,3,8.282,82.44,2,0,2019-08-19 03:00:00
2019-08-19,8,231,4,7.682,80.43,1,0,2019-08-19 04:00:00
2019-08-19,8,231,5,7.682,80.7,0,0,2019-08-19 05:00:00
2019-08-19,8,231,6,7.582,79.67,0,0,2019-08-19 06:00:00
2019-08-19,8,231,7,7.179,80.46,1,0,2019-08-19 07:00:00
2019-08-19,8,231,8,6.674,82.2,0,0,2019-08-19 08:00:00
2019-08-19,8,231,9,7.582,83.13,0,0,2019-08-19 09:00:00
2019-08-19,8,231,10,8.581,78.64,1,0,2019-08-19 10:00:00
2019-08-19,8,231,11,9.571,75.35,0,0,2019-08-19 11:00:00
2019-08-19,8,231,12,10.455,72.32,1,0,2019-08-19 12:00:00
2019-08-19,8,231,13,11.625,67.82,0,0,2019-08-19 13:00:00
2019-08-19,8,231,14,12.883,62.77,0,0,2019-08-19 14:00:00
2019-08-19,8,231,15,13.654,62.01,0,0,2019-08-19 15:00:00
2019-08-19,8,231,16,13.654,62.26,0,0,2019-08-19 16:00:00
2019-08-19,8,231,17,13.461,63.24,0,0,2019-08-19 17:00:00
2019-08-19,8,231,18,13.076,70.0,0,0,2019-08-19 18:00:00
2019-08-19,8,231,19,11.819,71.44,0,0,2019-08-19 19:00:00
2019-08-19,8,231,20,10.651,72.43,1,0,2019-08-19 20:00:00
2019-08-19,8,231,21,9.472,79.52,0,0,2019-08-19 21:00:00
2019-08-19,8,231,22,9.077,81.77,0,0,2019-08-19 22:00:00
2019-08-19,8,231,23,8.68,83.09,0,0,2019-08-19 23:00:00
2019-08-20,8,232,0,8.182,85.81,1,0,2019-08-20 00:00:00
2019-08-20,8,232,1,7.782,87.71,0,0,2019-08-20 01:00:00
2019-08-20,8,232,2,7.381,88.8,0,0,2019-08-20 02:00:00
2019-08-20,8,232,3,6.978,90.0,1,0,2019-08-20 03:00:00
2019-08-20,8,232,4,6.674,90.64,0,0,2019-08-20 04:00:00
2019-08-20,8,232,5,6.674,91.34,0,0,2019-08-20 05:00:00
2019-08-20,8,232,6,7.28,92.94,0,0,2019-08-20 06:00:00
2019-08-20,8,232,7,7.682,92.96,0,0,2019-08-20 07:00:00
2019-08-20,8,232,8,6.877,84.99,0,0,2019-08-20 08:00:00
2019-08-20,8,232,9,6.37,85.82,0,0,2019-08-20 09:00:00
2019-08-20,8,232,10,7.28,87.71,0,0,2019-08-20 10:00:00
2019-08-20,8,232,11,9.768,79.5,0,0,2019-08-20 11:00:00
2019-08-20,8,232,12,10.944,72.66,0,0,2019-08-20 12:00:00
2019-08-20,8,232,13,12.207,65.44,0,0,2019-08-20 13:00:00
2019-08-20,8,232,14,13.654,60.57,0,0,2019-08-20 14:00:00
2019-08-20,8,232,15,14.325,58.89,0,0,2019-08-20 15:00:00
2019-08-20,8,232,16,13.558,59.93,0,0,2019-08-20 16:00:00
2019-08-20,8,232,17,13.076,63.54,0,0,2019-08-20 17:00:00
2019-08-20,8,232,18,12.207,65.44,0,0,2019-08-20 18:00:00
2019-08-20,8,232,19,11.431,69.49,0,0,2019-08-20 19:00:00
2019-08-20,8,232,20,10.748,72.55,1,0,2019-08-20 20:00:00
2019-08-20,8,232,21,10.357,74.91,0,0,2019-08-20 21:00:00
2019-08-20,8,232,22,9.176,78.82,1,0,2019-08-20 22:00:00
2019-08-20,8,232,23,8.581,82.1,0,0,2019-08-20 23:00:00
2019-08-21,8,233,0,7.983,84.19,0,0,2019-08-21 00:00:00
2019-08-21,8,233,1,7.682,85.81,0,0,2019-08-21 01:00:00
2019-08-21,8,233,2,7.28,86.72,0,0,2019-08-21 02:00:00
2019-08-21,8,233,3,6.877,88.23,1,0,2019-08-21 03:00:00
2019-08-21,8,233,4,6.573,89.36,0,0,2019-08-21 04:00:00
2019-08-21,8,233,5,6.37,89.97,0,0,2019-08-21 05:00:00
2019-08-21,8,233,6,6.064,91.31,0,0,2019-08-21 06:00:00
2019-08-21,8,233,7,6.064,92.06,0,0,2019-08-21 07:00:00
2019-08-21,8,233,8,5.86,92.85,0,0,2019-08-21 08:00:00
2019-08-21,8,233,9,6.37,92.88,0,0,2019-08-21 09:00:00
2019-08-21,8,233,10,7.381,92.13,0,0,2019-08-21 10:00:00
2019-08-21,8,233,11,9.768,85.79,0,0,2019-08-21 11:00:00
2019-08-21,8,233,12,12.497,69.41,0,0,2019-08-21 12:00:00
2019-08-21,8,233,13,14.134,58.99,0,0,2019-08-21 13:00:00
2019-08-21,8,233,14,14.709,54.93,0,0,2019-08-21 14:00:00
2019-08-21,8,233,15,15.282,54.29,0,0,2019-08-21 15:00:00
2019-08-21,8,233,16,16.237,52.46,0,0,2019-08-21 16:00:00
2019-08-21,8,233,17,16.808,51.5,0,0,2019-08-21 17:00:00
2019-08-21,8,233,18,14.9,58.23,0,0,2019-08-21 18:00:00
2019-08-21,8,233,19,13.654,61.63,1,0,2019-08-21 19:00:00
2019-08-21,8,233,20,11.236,72.2,2,0,2019-08-21 20:00:00
2019-08-21,8,233,21,10.455,77.15,2,0,2019-08-21 21:00:00
2019-08-21,8,233,22,9.866,80.01,0,0,2019-08-21 22:00:00
2019-08-21,8,233,23,9.176,81.76,2,0,2019-08-21 23:00:00
2019-08-22,8,234,0,8.879,84.55,1,0,2019-08-22 00:00:00
2019-08-22,8,234,1,8.581,85.8,0,0,2019-08-22 01:00:00
2019-08-22,8,234,2,8.282,86.25,1,0,2019-08-22 02:00:00
2019-08-22,8,234,3,8.182,87.72,0,0,2019-08-22 03:00:00
2019-08-22,8,234,4,8.182,88.25,0,0,2019-08-22 04:00:00
2019-08-22,8,234,5,7.882,88.25,0,0,2019-08-22 05:00:00
2019-08-22,8,234,6,7.882,89.4,0,0,2019-08-22 06:00:00
2019-08-22,8,234,7,7.682,88.8,0,0,2019-08-22 07:00:00
2019-08-22,8,234,8,7.782,89.4,0,0,2019-08-22 08:00:00
2019-08-22,8,234,9,8.481,89.42,0,0,2019-08-22 09:00:00
2019-08-22,8,234,10,9.866,84.53,0,0,2019-08-22 10:00:00
2019-08-22,8,234,11,12.883,74.25,0,0,2019-08-22 11:00:00
2019-08-22,8,234,12,13.654,65.3,0,0,2019-08-22 12:00:00
2019-08-22,8,234,13,14.517,58.89,0,0,2019-08-22 13:00:00
2019-08-22,8,234,14,15.569,49.54,0,0,2019-08-22 14:00:00
2019-08-22,8,234,15,15.664,50.07,0,0,2019-08-22 15:00:00
2019-08-22,8,234,16,14.996,51.61,0,0,2019-08-22 16:00:00
2019-08-22,8,234,17,14.804,54.47,0,0,2019-08-22 17:00:00
2019-08-22,8,234,18,14.23,58.51,1,0,2019-08-22 18:00:00
2019-08-22,8,234,19,13.269,62.1,0,0,2019-08-22 19:00:00
2019-08-22,8,234,20,11.139,69.65,2,0,2019-08-22 20:00:00
2019-08-22,8,234,21,10.259,74.42,1,0,2019-08-22 21:00:00
2019-08-22,8,234,22,9.768,76.62,0,0,2019-08-22 22:00:00
2019-08-22,8,234,23,9.077,79.81,0,0,2019-08-22 23:00:00
2019-08-23,8,235,0,8.779,82.09,1,0,2019-08-23 00:00:00
2019-08-23,8,235,1,8.382,82.43,0,0,2019-08-23 01:00:00
2019-08-23,8,235,2,8.182,83.81,0,0,2019-08-23 02:00:00
2019-08-23,8,235,3,7.983,84.57,1,0,2019-08-23 03:00:00
2019-08-23,8,235,4,7.782,86.72,0,0,2019-08-23 04:00:00
2019-08-23,8,235,5,7.481,86.72,0,0,2019-08-23 05:00:00
2019-08-23,8,235,6,7.481,87.71,0,0,2019-08-23 06:00:00
2019-08-23,8,235,7,7.079,87.7,0,0,2019-08-23 07:00:00
2019-08-23,8,235,8,7.28,88.24,0,0,2019-08-23 08:00:00
2019-08-23,8,235,9,7.481,88.8,0,0,2019-08-23 09:00:00
2019-08-23,8,235,10,8.68,85.8,0,0,2019-08-23 10:00:00
2019-08-23,8,235,11,11.431,79.63,0,0,2019-08-23 11:00:00
2019-08-23,8,235,12,15.378,64.45,0,0,2019-08-23 12:00:00
2019-08-23,8,235,13,17.855,54.69,0,0,2019-08-23 13:00:00
2019-08-23,8,235,14,18.521,48.11,0,0,2019-08-23 14:00:00
2019-08-23,8,235,15,19.282,47.5,0,0,2019-08-23 15:00:00
2019-08-23,8,235,16,20.329,46.87,0,0,2019-08-23 16:00:00
2019-08-23,8,235,17,18.901,49.47,0,0,2019-08-23 17:00:00
2019-08-23,8,235,18,17.379,56.56,0,0,2019-08-23 18:00:00
2019-08-23,8,235,19,15.664,61.66,2,0,2019-08-23 19:00:00
2019-08-23,8,235,20,13.269,71.35,1,0,2019-08-23 20:00:00
2019-08-23,8,235,21,12.401,74.66,1,0,2019-08-23 21:00:00
2019-08-23,8,235,22,11.625,78.61,2,0,2019-08-23 22:00:00
2019-08-23,8,235,23,11.041,81.98,1,0,2019-08-23 23:00:00
2019-08-24,8,236,0,10.553,83.74,0,0,2019-08-24 00:00:00
2019-08-24,8,236,1,10.161,85.35,0,0,2019-08-24 01:00:00
2019-08-24,8,236,2,10.063,87.22,0,0,2019-08-24 02:00:00
2019-08-24,8,236,3,9.571,87.21,0,0,2019-08-24 03:00:00
2019-08-24,8,236,4,9.373,88.84,0,0,2019-08-24 04:00:00
2019-08-24,8,236,5,9.176,89.44,0,0,2019-08-24 05:00:00
2019-08-24,8,236,6,9.077,90.07,0,0,2019-08-24 06:00:00
2019-08-24,8,236,7,8.879,90.73,0,0,2019-08-24 07:00:00
2019-08-24,8,236,8,8.879,91.45,0,0,2019-08-24 08:00:00
2019-08-24,8,236,9,9.373,92.24,0,0,2019-08-24 09:00:00
2019-08-24,8,236,10,10.651,88.87,0,0,2019-08-24 10:00:00
2019-08-24,8,236,11,13.173,80.63,0,0,2019-08-24 11:00:00
2019-08-24,8,236,12,16.618,65.11,0,0,2019-08-24 12:00:00
2019-08-24,8,236,13,18.236,58.65,0,0,2019-08-24 13:00:00
2019-08-24,8,236,14,18.521,55.84,0,0,2019-08-24 14:00:00
2019-08-24,8,236,15,18.996,55.26,0,0,2019-08-24 15:00:00
2019-08-24,8,236,16,20.234,53.49,0,0,2019-08-24 16:00:00
2019-08-24,8,236,17,19.853,52.3,0,0,2019-08-24 17:00:00
2019-08-24,8,236,18,18.616,56.77,0,0,2019-08-24 18:00:00
2019-08-24,8,236,19,16.427,66.23,3,0,2019-08-24 19:00:00
2019-08-24,8,236,20,15.855,69.29,3,0,2019-08-24 20:00:00
2019-08-24,8,236,21,15.569,70.99,2,0,2019-08-24 21:00:00
2019-08-24,8,236,22,15.378,72.47,2,0,2019-08-24 22:00:00
2019-08-24,8,236,23,15.187,73.45,3,0,2019-08-24 23:00:00
2019-08-25,8,237,0,15.187,73.62,3,0,2019-08-25 00:00:00
2019-08-25,8,237,1,14.996,74.7,2,0,2019-08-25 01:00:00
2019-08-25,8,237,2,14.517,76.11,3,0,2019-08-25 02:00:00
2019-08-25,8,237,3,13.942,78.66,2,0,2019-08-25 03:00:00
2019-08-25,8,237,4,13.75,79.74,2,0,2019-08-25 04:00:00
2019-08-25,8,237,5,13.076,81.24,2,0,2019-08-25 05:00:00
2019-08-25,8,237,6,12.69,82.93,0,0,2019-08-25 06:00:00
2019-08-25,8,237,7,12.497,83.68,0,0,2019-08-25 07:00:00
2019-08-25,8,237,8,12.11,85.32,0,0,2019-08-25 08:00:00
2019-08-25,8,237,9,12.497,85.76,0,0,2019-08-25 09:00:00
2019-08-25,8,237,10,13.269,83.65,0,0,2019-08-25 10:00:00
2019-08-25,8,237,11,15.569,78.79,0,0,2019-08-25 11:00:00
2019-08-25,8,237,12,18.901,64.82,0,0,2019-08-25 12:00:00
2019-08-25,8,237,13,20.901,59.16,0,0,2019-08-25 13:00:00
2019-08-25,8,237,14,20.615,54.96,0,0,2019-08-25 14:00:00
2019-08-25,8,237,15,21.76,54.29,0,0,2019-08-25 15:00:00
2019-08-25,8,237,16,23.677,51.32,0,0,2019-08-25 16:00:00
2019-08-25,8,237,17,21.378,56.11,0,0,2019-08-25 17:00:00
2019-08-25,8,237,18,20.615,62.16,1,0,2019-08-25 18:00:00
2019-08-25,8,237,19,18.521,69.21,3,0,2019-08-25 19:00:00
2019-08-25,8,237,20,16.999,73.91,3,0,2019-08-25 20:00:00
2019-08-25,8,237,21,16.141,77.03,3,0,2019-08-25 21:00:00
2019-08-25,8,237,22,15.569,79.89,2,0,2019-08-25 22:00:00
2019-08-25,8,237,23,15.378,81.44,2,0,2019-08-25 23:00:00
2019-08-26,8,238,0,15.187,82.47,3,0,2019-08-26 00:00:00
2019-08-26,8,238,1,14.517,85.29,3,0,2019-08-26 01:00:00
2019-08-26,8,238,2,14.804,83.22,2,0,2019-08-26 02:00:00
2019-08-26,8,238,3,14.325,82.51,3,0,2019-08-26 03:00:00
2019-08-26,8,238,4,14.613,80.84,3,0,2019-08-26 04:00:00
2019-08-26,8,238,5,14.421,80.26,3,0,2019-08-26 05:00:00
2019-08-26,8,238,6,14.038,81.51,2,0,2019-08-26 06:00:00
2019-08-26,8,238,7,13.558,82.9,0,0,2019-08-26 07:00:00
2019-08-26,8,238,8,13.461,84.04,0,0,2019-08-26 08:00:00
2019-08-26,8,238,9,13.558,84.44,0,0,2019-08-26 09:00:00
2019-08-26,8,238,10,14.709,82.14,0,0,2019-08-26 10:00:00
2019-08-26,8,238,11,17.094,77.65,0,0,2019-08-26 11:00:00
2019-08-26,8,238,12,20.234,66.82,0,0,2019-08-26 12:00:00
2019-08-26,8,238,13,21.951,57.28,0,0,2019-08-26 13:00:00
2019-08-26,8,238,14,22.333,55.08,0,0,2019-08-26 14:00:00
2019-08-26,8,238,15,22.621,53.84,0,0,2019-08-26 15:00:00
2019-08-26,8,238,16,23.773,50.86,0,0,2019-08-26 16:00:00
2019-08-26,8,238,17,23.581,50.84,0,0,2019-08-26 17:00:00
2019-08-26,8,238,18,22.429,55.1,0,0,2019-08-26 18:00:00
2019-08-26,8,238,19,19.662,64.58,2,0,2019-08-26 19:00:00
2019-08-26,8,238,20,17.95,70.91,3,0,2019-08-26 20:00:00
2019-08-26,8,238,21,17.284,74.8,3,0,2019-08-26 21:00:00
2019-08-26,8,238,22,16.523,78.2,3,0,2019-08-26 22:00:00
2019-08-26,8,238,23,16.141,79.85,2,0,2019-08-26 23:00:00
2019-08-27,8,239,0,15.855,81.41,3,0,2019-08-27 00:00:00
2019-08-27,8,239,1,15.473,82.82,3,0,2019-08-27 01:00:00
2019-08-27,8,239,2,14.9,85.28,3,0,2019-08-27 02:00:00
2019-08-27,8,239,3,14.9,86.72,3,0,2019-08-27 03:00:00
2019-08-27,8,239,4,14.613,87.78,2,0,2019-08-27 04:00:00
2019-08-27,8,239,5,14.517,88.35,1,0,2019-08-27 05:00:00
2019-08-27,8,239,6,14.709,87.79,0,0,2019-08-27 06:00:00
2019-08-27,8,239,7,14.709,87.79,0,0,2019-08-27 07:00:00
2019-08-27,8,239,8,14.421,88.95,0,0,2019-08-27 08:00:00
2019-08-27,8,239,9,15.855,87.8,0,0,2019-08-27 09:00:00
2019-08-27,8,239,10,16.999,86.72,0,0,2019-08-27 10:00:00
2019-08-27,8,239,11,17.665,84.79,1,0,2019-08-27 11:00:00
2019-08-27,8,239,12,19.567,73.4,0,0,2019-08-27 12:00:00
2019-08-27,8,239,13,20.519,69.67,0,0,2019-08-27 13:00:00
2019-08-27,8,239,14,21.855,64.59,0,0,2019-08-27 14:00:00
2019-08-27,8,239,15,23.292,60.67,0,0,2019-08-27 15:00:00
2019-08-27,8,239,16,23.581,58.4,0,0,2019-08-27 16:00:00
2019-08-27,8,239,17,23.581,56.06,0,0,2019-08-27 17:00:00
2019-08-27,8,239,18,23.004,60.96,0,0,2019-08-27 18:00:00
2019-08-27,8,239,19,20.901,70.46,3,0,2019-08-27 19:00:00
2019-08-27,8,239,20,19.948,74.1,3,0,2019-08-27 20:00:00
2019-08-27,8,239,21,19.567,74.74,3,0,2019-08-27 21:00:00
2019-08-27,8,239,22,18.996,77.23,3,0,2019-08-27 22:00:00
2019-08-27,8,239,23,17.95,80.65,3,0,2019-08-27 23:00:00
2019-08-28,8,240,0,17.379,83.52,2,0,2019-08-28 00:00:00
2019-08-28,8,240,1,16.999,85.72,2,0,2019-08-28 01:00:00
2019-08-28,8,240,2,16.808,87.25,2,0,2019-08-28 02:00:00
2019-08-28,8,240,3,16.523,88.39,2,0,2019-08-28 03:00:00
2019-08-28,8,240,4,16.046,88.38,3,0,2019-08-28 04:00:00
2019-08-28,8,240,5,15.664,88.98,3,0,2019-08-28 05:00:00
2019-08-28,8,240,6,14.9,89.6,2,0,2019-08-28 06:00:00
2019-08-28,8,240,7,14.804,90.26,1,0,2019-08-28 07:00:00
2019-08-28,8,240,8,14.613,90.97,0,0,2019-08-28 08:00:00
2019-08-28,8,240,9,14.996,91.74,0,0,2019-08-28 09:00:00
2019-08-28,8,240,10,16.046,88.38,0,0,2019-08-28 10:00:00
2019-08-28,8,240,11,18.996,80.59,0,0,2019-08-28 11:00:00
2019-08-28,8,240,12,22.717,66.03,1,0,2019-08-28 12:00:00
2019-08-28,8,240,13,24.351,59.12,0,0,2019-08-28 13:00:00
2019-08-28,8,240,14,24.448,54.0,0,0,2019-08-28 14:00:00
2019-08-28,8,240,15,25.125,49.21,0,0,2019-08-28 15:00:00
2019-08-28,8,240,16,27.468,46.55,0,0,2019-08-28 16:00:00
2019-08-28,8,240,17,26.977,48.92,0,0,2019-08-28 17:00:00
2019-08-28,8,240,18,25.902,53.67,0,0,2019-08-28 18:00:00
2019-08-28,8,240,19,23.196,62.47,0,0,2019-08-28 19:00:00
2019-08-28,8,240,20,21.091,69.44,3,0,2019-08-28 20:00:00
2019-08-28,8,240,21,20.424,73.48,2,0,2019-08-28 21:00:00
2019-08-28,8,240,22,19.662,76.93,3,0,2019-08-28 22:00:00
2019-08-28,8,240,23,19.187,78.5,3,0,2019-08-28 23:00:00
2019-08-29,8,241,0,18.711,80.29,2,0,2019-08-29 00:00:00
2019-08-29,8,241,1,18.14,82.35,2,0,2019-08-29 01:00:00
2019-08-29,8,241,2,17.475,82.74,2,0,2019-08-29 02:00:00
2019-08-29,8,241,3,17.189,83.53,2,0,2019-08-29 03:00:00
2019-08-29,8,241,4,16.903,83.95,2,0,2019-08-29 04:00:00
2019-08-29,8,241,5,16.427,84.81,2,0,2019-08-29 05:00:00
2019-08-29,8,241,6,16.237,85.26,2,0,2019-08-29 06:00:00
2019-08-29,8,241,7,15.855,85.73,1,0,2019-08-29 07:00:00
2019-08-29,8,241,8,15.664,86.72,0,0,2019-08-29 08:00:00
2019-08-29,8,241,9,15.855,86.72,0,0,2019-08-29 09:00:00
2019-08-29,8,241,10,17.855,79.16,0,0,2019-08-29 10:00:00
2019-08-29,8,241,11,20.996,69.32,0,0,2019-08-29 11:00:00
2019-08-29,8,241,12,25.028,56.24,0,0,2019-08-29 12:00:00
2019-08-29,8,241,13,26.683,52.45,0,0,2019-08-29 13:00:00
2019-08-29,8,241,14,27.468,44.74,0,0,2019-08-29 14:00:00
2019-08-29,8,241,15,27.075,46.29,0,0,2019-08-29 15:00:00
2019-08-29,8,241,16,27.665,47.64,0,0,2019-08-29 16:00:00
2019-08-29,8,241,17,27.272,47.15,0,0,2019-08-29 17:00:00
2019-08-29,8,241,18,26.39,49.91,0,0,2019-08-29 18:00:00
2019-08-29,8,241,19,23.869,59.1,2,0,2019-08-29 19:00:00
2019-08-29,8,241,20,21.569,66.57,3,0,2019-08-29 20:00:00
2019-08-29,8,241,21,20.615,70.95,3,0,2019-08-29 21:00:00
2019-08-29,8,241,22,19.948,74.1,2,0,2019-08-29 22:00:00
2019-08-29,8,241,23,19.092,76.74,2,0,2019-08-29 23:00:00
2019-08-30,8,242,0,18.711,74.64,2,0,2019-08-30 00:00:00
2019-08-30,8,242,1,18.236,75.71,2,0,2019-08-30 01:00:00
2019-08-30,8,242,2,18.331,76.36,2,0,2019-08-30 02:00:00
2019-08-30,8,242,3,17.76,78.62,2,0,2019-08-30 03:00:00
2019-08-30,8,242,4,17.475,78.12,1,0,2019-08-30 04:00:00
2019-08-30,8,242,5,17.189,78.66,1,0,2019-08-30 05:00:00
2019-08-30,8,242,6,16.808,80.1,0,0,2019-08-30 06:00:00
2019-08-30,8,242,7,16.618,79.25,0,0,2019-08-30 07:00:00
2019-08-30,8,242,8,16.046,79.29,0,0,2019-08-30 08:00:00
2019-08-30,8,242,9,15.951,81.41,0,0,2019-08-30 09:00:00
2019-08-30,8,242,10,16.523,81.38,0,0,2019-08-30 10:00:00
2019-08-30,8,242,11,19.092,76.51,0,0,2019-08-30 11:00:00
2019-08-30,8,242,12,21.951,65.65,0,0,2019-08-30 12:00:00
2019-08-30,8,242,13,23.388,60.58,0,0,2019-08-30 13:00:00
2019-08-30,8,242,14,22.812,60.64,0,0,2019-08-30 14:00:00
2019-08-30,8,242,15,22.908,63.38,0,0,2019-08-30 15:00:00
2019-08-30,8,242,16,23.004,62.18,0,0,2019-08-30 16:00:00
2019-08-30,8,242,17,22.429,61.45,0,0,2019-08-30 17:00:00
2019-08-30,8,242,18,20.043,67.29,0,0,2019-08-30 18:00:00
2019-08-30,8,242,19,18.426,72.04,3,0,2019-08-30 19:00:00
2019-08-30,8,242,20,17.95,71.49,3,0,2019-08-30 20:00:00
2019-08-30,8,242,21,17.475,72.98,2,0,2019-08-30 21:00:00
2019-08-30,8,242,22,16.427,67.11,3,0,2019-08-30 22:00:00
2019-08-30,8,242,23,16.046,67.18,3,0,2019-08-30 23:00:00
2019-08-31,8,243,0,15.091,62.94,2,0,2019-08-31 00:00:00
2019-08-31,8,243,1,14.325,62.11,2,0,2019-08-31 01:00:00
2019-08-31,8,243,2,13.75,66.21,2,0,2019-08-31 02:00:00
2019-08-31,8,243,3,13.076,65.67,2,0,2019-08-31 03:00:00
2019-08-31,8,243,4,12.594,66.89,1,0,2019-08-31 04:00:00
2019-08-31,8,243,5,12.11,68.52,0,0,2019-08-31 05:00:00
2019-08-31,8,243,6,11.819,69.87,0,0,2019-08-31 06:00:00
2019-08-31,8,243,7,11.528,71.75,0,0,2019-08-31 07:00:00
2019-08-31,8,243,8,11.236,74.8,0,0,2019-08-31 08:00:00
2019-08-31,8,243,9,11.625,77.03,0,0,2019-08-31 09:00:00
2019-08-31,8,243,10,12.013,76.58,0,0,2019-08-31 10:00:00
2019-08-31,8,243,11,12.401,73.66,0,0,2019-08-31 11:00:00
2019-08-31,8,243,12,12.787,70.41,0,0,2019-08-31 12:00:00
2019-08-31,8,243,13,12.69,64.12,0,0,2019-08-31 13:00:00
2019-08-31,8,243,14,12.497,60.63,0,0,2019-08-31 14:00:00
2019-08-31,8,243,15,12.787,60.5,0,0,2019-08-31 15:00:00
2019-08-31,8,243,16,12.883,60.2,0,0,2019-08-31 16:00:00
2019-08-31,8,243,17,13.076,64.04,0,0,2019-08-31 17:00:00
2019-08-31,8,243,18,12.401,66.06,0,0,2019-08-31 18:00:00
2019-08-31,8,243,19,11.236,59.63,2,0,2019-08-31 19:00:00
2019-08-31,8,243,20,10.651,59.3,0,0,2019-08-31 20:00:00
2019-08-31,8,243,21,10.455,57.15,1,0,2019-08-31 21:00:00
2019-08-31,8,243,22,10.357,61.84,1,0,2019-08-31 22:00:00
2019-08-31,8,243,23,10.357,62.54,0,0,2019-08-31 23:00:00
2019-09-01,9,244,0,10.259,64.31,0,0,2019-09-01 00:00:00
2019-09-01,9,244,1,10.063,63.55,0,0,2019-09-01 01:00:00
2019-09-01,9,244,2,9.965,67.24,0,0,2019-09-01 02:00:00
2019-09-01,9,244,3,9.768,64.42,0,0,2019-09-01 03:00:00
2019-09-01,9,244,4,9.472,63.82,0,0,2019-09-01 04:00:00
2019-09-01,9,244,5,9.275,62.51,0,0,2019-09-01 05:00:00
2019-09-01,9,244,6,8.978,64.81,0,0,2019-09-01 06:00:00
2019-09-01,9,244,7,8.68,64.94,0,0,2019-09-01 07:00:00
2019-09-01,9,244,8,8.581,65.61,0,0,2019-09-01 08:00:00
2019-09-01,9,244,9,7.682,62.49,0,0,2019-09-01 09:00:00
2019-09-01,9,244,10,8.68,61.11,0,0,2019-09-01 10:00:00
2019-09-01,9,244,11,11.431,55.35,0,0,2019-09-01 11:00:00
2019-09-01,9,244,12,14.421,45.41,0,0,2019-09-01 12:00:00
2019-09-01,9,244,13,15.569,43.35,0,0,2019-09-01 13:00:00
2019-09-01,9,244,14,15.855,41.45,0,0,2019-09-01 14:00:00
2019-09-01,9,244,15,16.332,42.92,0,0,2019-09-01 15:00:00
2019-09-01,9,244,16,17.094,43.23,0,0,2019-09-01 16:00:00
2019-09-01,9,244,17,16.427,43.29,0,0,2019-09-01 17:00:00
2019-09-01,9,244,18,15.855,45.65,0,0,2019-09-01 18:00:00
2019-09-01,9,244,19,13.365,54.68,0,0,2019-09-01 19:00:00
2019-09-01,9,244,20,11.431,60.46,2,0,2019-09-01 20:00:00
2019-09-01,9,244,21,10.455,67.49,1,0,2019-09-01 21:00:00
2019-09-01,9,244,22,9.571,70.48,0,0,2019-09-01 22:00:00
2019-09-01,9,244,23,9.077,71.5,0,0,2019-09-01 23:00:00
2019-09-02,9,245,0,8.382,72.37,0,0,2019-09-02 00:00:00
2019-09-02,9,245,1,7.983,72.17,0,0,2019-09-02 01:00:00
2019-09-02,9,245,2,7.782,72.85,0,0,2019-09-02 02:00:00
2019-09-02,9,245,3,7.481,76.67,0,0,2019-09-02 03:00:00
2019-09-02,9,245,4,7.179,77.28,0,0,2019-09-02 04:00:00
2019-09-02,9,245,5,6.573,79.75,0,0,2019-09-02 05:00:00
2019-09-02,9,245,6,6.37,79.52,0,0,2019-09-02 06:00:00
2019-09-02,9,245,7,5.86,80.55,0,0,2019-09-02 07:00:00
2019-09-02,9,245,8,5.962,81.08,0,0,2019-09-02 08:00:00
2019-09-02,9,245,9,6.573,82.2,0,0,2019-09-02 09:00:00
2019-09-02,9,245,10,8.581,75.3,0,0,2019-09-02 10:00:00
2019-09-02,9,245,11,11.625,66.56,0,0,2019-09-02 11:00:00
2019-09-02,9,245,12,15.282,54.25,0,0,2019-09-02 12:00:00
2019-09-02,9,245,13,16.618,49.55,0,0,2019-09-02 13:00:00
2019-09-02,9,245,14,16.808,47.67,0,0,2019-09-02 14:00:00
2019-09-02,9,245,15,17.189,46.6,0,0,2019-09-02 15:00:00
2019-09-02,9,245,16,17.57,46.58,0,0,2019-09-02 16:00:00
2019-09-02,9,245,17,17.57,47.41,0,0,2019-09-02 17:00:00
2019-09-02,9,245,18,16.713,49.56,0,0,2019-09-02 18:00:00
2019-09-02,9,245,19,14.517,56.29,0,0,2019-09-02 19:00:00
2019-09-02,9,245,20,12.401,64.26,0,0,2019-09-02 20:00:00
2019-09-02,9,245,21,11.722,67.06,0,0,2019-09-02 21:00:00
2019-09-02,9,245,22,10.944,70.95,0,0,2019-09-02 22:00:00
2019-09-02,9,245,23,10.259,74.26,0,0,2019-09-02 23:00:00
2019-09-03,9,246,0,10.063,74.78,0,0,2019-09-03 00:00:00
2019-09-03,9,246,1,10.651,76.33,0,0,2019-09-03 01:00:00
2019-09-03,9,246,2,10.748,74.53,0,0,2019-09-03 02:00:00
2019-09-03,9,246,3,10.748,72.69,0,0,2019-09-03 03:00:00
2019-09-03,9,246,4,10.651,67.64,0,0,2019-09-03 04:00:00
2019-09-03,9,246,5,10.553,66.44,0,0,2019-09-03 05:00:00
2019-09-03,9,246,6,10.455,70.1,1,0,2019-09-03 06:00:00
2019-09-03,9,246,7,10.259,67.99,0,0,2019-09-03 07:00:00
2019-09-03,9,246,8,10.161,67.11,0,0,2019-09-03 08:00:00
2019-09-03,9,246,9,10.748,72.98,0,0,2019-09-03 09:00:00
2019-09-03,9,246,10,11.431,59.68,0,0,2019-09-03 10:00:00
2019-09-03,9,246,11,13.173,58.58,0,0,2019-09-03 11:00:00
2019-09-03,9,246,12,14.517,54.08,0,0,2019-09-03 12:00:00
2019-09-03,9,246,13,14.613,51.83,0,0,2019-09-03 13:00:00
2019-09-03,9,246,14,14.421,51.65,0,0,2019-09-03 14:00:00
2019-09-03,9,246,15,14.996,52.57,0,0,2019-09-03 15:00:00
2019-09-03,9,246,16,14.709,54.45,0,0,2019-09-03 16:00:00
2019-09-03,9,246,17,13.846,56.0,0,0,2019-09-03 17:00:00
2019-09-03,9,246,18,12.69,60.04,0,0,2019-09-03 18:00:00
2019-09-03,9,246,19,11.916,64.01,0,0,2019-09-03 19:00:00
2019-09-03,9,246,20,11.431,66.94,2,0,2019-09-03 20:00:00
2019-09-03,9,246,21,11.139,68.11,1,0,2019-09-03 21:00:00
2019-09-03,9,246,22,11.041,69.89,0,0,2019-09-03 22:00:00
2019-09-03,9,246,23,10.944,69.68,0,0,2019-09-03 23:00:00
2019-09-04,9,247,0,10.651,71.12,0,0,2019-09-04 00:00:00
2019-09-04,9,247,1,10.455,70.33,0,0,2019-09-04 01:00:00
2019-09-04,9,247,2,10.357,72.47,0,0,2019-09-04 02:00:00
2019-09-04,9,247,3,10.161,74.6,0,0,2019-09-04 03:00:00
2019-09-04,9,247,4,9.768,76.42,0,0,2019-09-04 04:00:00
2019-09-04,9,247,5,9.571,75.7,0,0,2019-09-04 05:00:00
2019-09-04,9,247,6,9.472,75.36,0,0,2019-09-04 06:00:00
2019-09-04,9,247,7,9.373,77.47,0,0,2019-09-04 07:00:00
2019-09-04,9,247,8,9.077,71.14,0,0,2019-09-04 08:00:00
2019-09-04,9,247,9,8.978,70.35,0,0,2019-09-04 09:00:00
2019-09-04,9,247,10,9.275,71.72,0,0,2019-09-04 10:00:00
2019-09-04,9,247,11,10.553,68.31,0,0,2019-09-04 11:00:00
2019-09-04,9,247,12,10.748,69.39,0,0,2019-09-04 12:00:00
2019-09-04,9,247,13,11.431,64.77,0,0,2019-09-04 13:00:00
2019-09-04,9,247,14,12.594,64.14,0,0,2019-09-04 14:00:00
2019-09-04,9,247,15,11.916,66.85,0,0,2019-09-04 15:00:00
2019-09-04,9,247,16,11.528,67.56,0,0,2019-09-04 16:00:00
2019-09-04,9,247,17,11.236,69.74,0,0,2019-09-04 17:00:00
2019-09-04,9,247,18,10.748,72.83,0,0,2019-09-04 18:00:00
2019-09-04,9,247,19,10.357,75.98,0,0,2019-09-04 19:00:00
2019-09-04,9,247,20,9.965,78.29,2,0,2019-09-04 20:00:00
2019-09-04,9,247,21,9.768,80.02,0,0,2019-09-04 21:00:00
2019-09-04,9,247,22,9.571,80.85,0,0,2019-09-04 22:00:00
2019-09-04,9,247,23,9.472,82.71,0,0,2019-09-04 23:00:00
2019-09-05,9,248,0,9.275,84.54,0,0,2019-09-05 00:00:00
2019-09-05,9,248,1,9.373,84.94,0,0,2019-09-05 01:00:00
2019-09-05,9,248,2,9.077,85.36,0,0,2019-09-05 02:00:00
2019-09-05,9,248,3,9.077,86.72,0,0,2019-09-05 03:00:00
2019-09-05,9,248,4,8.779,87.21,1,0,2019-09-05 04:00:00
2019-09-05,9,248,5,8.382,88.82,0,0,2019-09-05 05:00:00
2019-09-05,9,248,6,7.983,90.03,1,0,2019-09-05 06:00:00
2019-09-05,9,248,7,7.782,90.02,0,0,2019-09-05 07:00:00
2019-09-05,9,248,8,7.782,91.4,0,0,2019-09-05 08:00:00
2019-09-05,9,248,9,7.983,91.41,0,0,2019-09-05 09:00:00
2019-09-05,9,248,10,7.882,89.4,0,0,2019-09-05 10:00:00
2019-09-05,9,248,11,7.882,88.25,0,0,2019-09-05 11:00:00
2019-09-05,9,248,12,7.882,87.71,0,0,2019-09-05 12:00:00
2019-09-05,9,248,13,9.373,85.79,0,0,2019-09-05 13:00:00
2019-09-05,9,248,14,10.259,82.35,0,0,2019-09-05 14:00:00
2019-09-05,9,248,15,10.259,81.4,0,0,2019-09-05 15:00:00
2019-09-05,9,248,16,10.161,81.71,0,0,2019-09-05 16:00:00
2019-09-05,9,248,17,10.651,80.79,0,0,2019-09-05 17:00:00
2019-09-05,9,248,18,10.455,79.97,0,0,2019-09-05 18:00:00
2019-09-05,9,248,19,9.965,83.04,0,0,2019-09-05 19:00:00
2019-09-05,9,248,20,9.571,84.94,0,0,2019-09-05 20:00:00
2019-09-05,9,248,21,9.275,87.73,0,0,2019-09-05 21:00:00
2019-09-05,9,248,22,9.275,88.27,2,0,2019-09-05 22:00:00
2019-09-05,9,248,23,9.176,88.27,0,0,2019-09-05 23:00:00
2019-09-06,9,249,0,9.077,88.83,0,0,2019-09-06 00:00:00
2019-09-06,9,249,1,8.978,89.43,0,0,2019-09-06 01:00:00
2019-09-06,9,249,2,8.978,90.06,0,0,2019-09-06 02:00:00
2019-09-06,9,249,3,8.978,90.06,0,0,2019-09-06 03:00:00
2019-09-06,9,249,4,8.978,90.06,0,0,2019-09-06 04:00:00
2019-09-06,9,249,5,8.879,90.06,0,0,2019-09-06 05:00:00
2019-09-06,9,249,6,8.879,90.73,0,0,2019-09-06 06:00:00
2019-09-06,9,249,7,8.779,90.73,0,0,2019-09-06 07:00:00
2019-09-06,9,249,8,8.879,91.45,0,0,2019-09-06 08:00:00
2019-09-06,9,249,9,9.275,92.24,0,0,2019-09-06 09:00:00
2019-09-06,9,249,10,9.768,90.09,0,0,2019-09-06 10:00:00
2019-09-06,9,249,11,11.236,84.91,0,0,2019-09-06 11:00:00
2019-09-06,9,249,12,15.091,75.84,0,0,2019-09-06 12:00:00
2019-09-06,9,249,13,15.855,67.32,0,0,2019-09-06 13:00:00
2019-09-06,9,249,14,16.999,61.48,0,0,2019-09-06 14:00:00
2019-09-06,9,249,15,17.665,58.19,0,0,2019-09-06 15:00:00
2019-09-06,9,249,16,17.95,58.77,0,0,2019-09-06 16:00:00
2019-09-06,9,249,17,18.236,56.87,0,0,2019-09-06 17:00:00
2019-09-06,9,249,18,16.713,63.09,0,0,2019-09-06 18:00:00
2019-09-06,9,249,19,15.664,69.32,1,0,2019-09-06 19:00:00
2019-09-06,9,249,20,14.134,73.92,3,0,2019-09-06 20:00:00
2019-09-06,9,249,21,13.173,76.88,3,0,2019-09-06 21:00:00
2019-09-06,9,249,22,12.594,79.03,2,0,2019-09-06 22:00:00
2019-09-06,9,249,23,12.401,80.98,2,0,2019-09-06 23:00:00
2019-09-07,9,250,0,12.013,83.32,1,0,2019-09-07 00:00:00
2019-09-07,9,250,1,11.819,84.48,0,0,2019-09-07 01:00:00
2019-09-07,9,250,2,11.819,84.9,0,0,2019-09-07 02:00:00
2019-09-07,9,250,3,11.625,85.77,1,0,2019-09-07 03:00:00
2019-09-07,9,250,4,11.236,86.24,1,0,2019-09-07 04:00:00
2019-09-07,9,250,5,11.041,87.22,0,0,2019-09-07 05:00:00
2019-09-07,9,250,6,10.748,88.29,0,0,2019-09-07 06:00:00
2019-09-07,9,250,7,10.651,89.48,0,0,2019-09-07 07:00:00
2019-09-07,9,250,8,10.651,89.48,0,0,2019-09-07 08:00:00
2019-09-07,9,250,9,11.819,90.16,0,0,2019-09-07 09:00:00
2019-09-07,9,250,10,13.461,87.23,0,0,2019-09-07 10:00:00
2019-09-07,9,250,11,15.473,76.22,0,0,2019-09-07 11:00:00
2019-09-07,9,250,12,18.14,68.19,0,0,2019-09-07 12:00:00
2019-09-07,9,250,13,19.092,58.72,0,0,2019-09-07 13:00:00
2019-09-07,9,250,14,19.662,55.17,0,0,2019-09-07 14:00:00
2019-09-07,9,250,15,20.329,53.97,0,0,2019-09-07 15:00:00
2019-09-07,9,250,16,20.519,54.36,0,0,2019-09-07 16:00:00
2019-09-07,9,250,17,19.472,58.57,0,0,2019-09-07 17:00:00
2019-09-07,9,250,18,17.855,64.51,0,0,2019-09-07 18:00:00
2019-09-07,9,250,19,16.713,68.33,1,0,2019-09-07 19:00:00
2019-09-07,9,250,20,15.378,70.62,3,0,2019-09-07 20:00:00
2019-09-07,9,250,21,14.613,74.56,3,0,2019-09-07 21:00:00
2019-09-07,9,250,22,13.942,77.24,3,0,2019-09-07 22:00:00
2019-09-07,9,250,23,13.654,76.62,2,0,2019-09-07 23:00:00
2019-09-08,9,251,0,13.461,76.64,3,0,2019-09-08 00:00:00
2019-09-08,9,251,1,12.883,77.56,2,0,2019-09-08 01:00:00
2019-09-08,9,251,2,12.69,79.02,1,0,2019-09-08 02:00:00
2019-09-08,9,251,3,12.207,80.12,2,0,2019-09-08 03:00:00
2019-09-08,9,251,4,11.819,82.61,1,0,2019-09-08 04:00:00
2019-09-08,9,251,5,11.722,84.48,1,0,2019-09-08 05:00:00
2019-09-08,9,251,6,11.528,85.77,1,0,2019-09-08 06:00:00
2019-09-08,9,251,7,11.431,86.24,0,0,2019-09-08 07:00:00
2019-09-08,9,251,8,11.431,87.22,0,0,2019-09-08 08:00:00
2019-09-08,9,251,9,12.304,87.76,0,0,2019-09-08 09:00:00
2019-09-08,9,251,10,13.558,84.04,0,0,2019-09-08 10:00:00
2019-09-08,9,251,11,14.709,80.24,0,0,2019-09-08 11:00:00
2019-09-08,9,251,12,16.903,73.06,0,0,2019-09-08 12:00:00
2019-09-08,9,251,13,18.806,63.97,0,0,2019-09-08 13:00:00
2019-09-08,9,251,14,19.282,61.58,0,0,2019-09-08 14:00:00
2019-09-08,9,251,15,19.662,61.7,0,0,2019-09-08 15:00:00
2019-09-08,9,251,16,19.567,61.94,0,0,2019-09-08 16:00:00
2019-09-08,9,251,17,18.045,66.91,0,0,2019-09-08 17:00:00
2019-09-08,9,251,18,16.903,76.95,0,0,2019-09-08 18:00:00
2019-09-08,9,251,19,15.855,79.59,2,0,2019-09-08 19:00:00
2019-09-08,9,251,20,14.996,82.13,3,0,2019-09-08 20:00:00
2019-09-08,9,251,21,14.23,83.62,3,0,2019-09-08 21:00:00
2019-09-08,9,251,22,13.942,85.75,3,0,2019-09-08 22:00:00
2019-09-08,9,251,23,13.558,87.23,3,0,2019-09-08 23:00:00
2019-09-09,9,252,0,13.173,88.92,3,0,2019-09-09 00:00:00
2019-09-09,9,252,1,12.594,90.19,3,0,2019-09-09 01:00:00
2019-09-09,9,252,2,12.207,91.61,3,0,2019-09-09 02:00:00
2019-09-09,9,252,3,11.916,92.38,3,0,2019-09-09 03:00:00
2019-09-09,9,252,4,11.819,93.23,3,0,2019-09-09 04:00:00
2019-09-09,9,252,5,11.625,95.12,3,0,2019-09-09 05:00:00
2019-09-09,9,252,6,11.236,95.09,3,0,2019-09-09 06:00:00
2019-09-09,9,252,7,10.748,95.05,0,0,2019-09-09 07:00:00
2019-09-09,9,252,8,10.259,95.01,0,0,2019-09-09 08:00:00
2019-09-09,9,252,9,10.748,89.48,0,0,2019-09-09 09:00:00
2019-09-09,9,252,10,13.076,77.55,0,0,2019-09-09 10:00:00
2019-09-09,9,252,11,17.475,64.93,0,0,2019-09-09 11:00:00
2019-09-09,9,252,12,23.004,52.99,0,0,2019-09-09 12:00:00
2019-09-09,9,252,13,23.869,52.12,0,0,2019-09-09 13:00:00
2019-09-09,9,252,14,23.966,52.43,0,0,2019-09-09 14:00:00
2019-09-09,9,252,15,23.484,53.12,0,0,2019-09-09 15:00:00
2019-09-09,9,252,16,22.717,55.47,0,0,2019-09-09 16:00:00
2019-09-09,9,252,17,22.621,54.71,0,0,2019-09-09 17:00:00
2019-09-09,9,252,18,21.569,58.05,0,0,2019-09-09 18:00:00
2019-09-09,9,252,19,19.662,62.52,1,0,2019-09-09 19:00:00
2019-09-09,9,252,20,17.57,70.41,3,0,2019-09-09 20:00:00
2019-09-09,9,252,21,16.999,73.91,3,0,2019-09-09 21:00:00
2019-09-09,9,252,22,17.57,73.31,3,0,2019-09-09 22:00:00
2019-09-09,9,252,23,17.665,73.29,3,0,2019-09-09 23:00:00
2019-09-10,9,253,0,17.57,69.62,3,0,2019-09-10 00:00:00
2019-09-10,9,253,1,17.094,68.73,3,0,2019-09-10 01:00:00
2019-09-10,9,253,2,16.523,67.82,3,0,2019-09-10 02:00:00
2019-09-10,9,253,3,16.046,69.75,2,0,2019-09-10 03:00:00
2019-09-10,9,253,4,15.473,71.57,0,0,2019-09-10 04:00:00
2019-09-10,9,253,5,14.709,75.89,1,0,2019-09-10 05:00:00
2019-09-10,9,253,6,14.23,78.9,2,0,2019-09-10 06:00:00
2019-09-10,9,253,7,13.846,81.2,0,0,2019-09-10 07:00:00
2019-09-10,9,253,8,13.75,83.26,0,0,2019-09-10 08:00:00
2019-09-10,9,253,9,13.558,85.3,0,0,2019-09-10 09:00:00
2019-09-10,9,253,10,13.173,88.33,0,0,2019-09-10 10:00:00
2019-09-10,9,253,11,13.076,91.65,0,0,2019-09-10 11:00:00
2019-09-10,9,253,12,13.269,90.21,0,0,2019-09-10 12:00:00
2019-09-10,9,253,13,13.558,87.23,0,0,2019-09-10 13:00:00
2019-09-10,9,253,14,12.98,87.77,0,0,2019-09-10 14:00:00
2019-09-10,9,253,15,12.883,90.9,0,0,2019-09-10 15:00:00
2019-09-10,9,253,16,12.883,92.44,0,0,2019-09-10 16:00:00
2019-09-10,9,253,17,12.401,93.26,0,0,2019-09-10 17:00:00
2019-09-10,9,253,18,12.013,95.15,0,0,2019-09-10 18:00:00
2019-09-10,9,253,19,11.722,96.22,2,0,2019-09-10 19:00:00
2019-09-10,9,253,20,11.431,97.4,3,0,2019-09-10 20:00:00
2019-09-10,9,253,21,11.334,98.73,3,0,2019-09-10 21:00:00
2019-09-10,9,253,22,11.334,98.73,3,0,2019-09-10 22:00:00
2019-09-10,9,253,23,11.041,100.0,3,0,2019-09-10 23:00:00
2019-09-11,9,254,0,10.651,100.0,3,0,2019-09-11 00:00:00
2019-09-11,9,254,1,10.357,100.0,3,0,2019-09-11 01:00:00
2019-09-11,9,254,2,9.866,100.0,3,0,2019-09-11 02:00:00
2019-09-11,9,254,3,9.571,100.0,3,0,2019-09-11 03:00:00
2019-09-11,9,254,4,9.472,100.0,3,0,2019-09-11 04:00:00
2019-09-11,9,254,5,9.275,100.0,3,0,2019-09-11 05:00:00
2019-09-11,9,254,6,9.077,100.0,2,0,2019-09-11 06:00:00
2019-09-11,9,254,7,8.779,99.98,0,0,2019-09-11 07:00:00
2019-09-11,9,254,8,8.779,99.98,0,0,2019-09-11 08:00:00
2019-09-11,9,254,9,9.077,100.0,0,0,2019-09-11 09:00:00
2019-09-11,9,254,10,9.571,100.0,0,0,2019-09-11 10:00:00
2019-09-11,9,254,11,9.866,100.0,0,0,2019-09-11 11:00:00
2019-09-11,9,254,12,10.748,98.67,0,0,2019-09-11 12:00:00
2019-09-11,9,254,13,10.455,96.11,0,0,2019-09-11 13:00:00
2019-09-11,9,254,14,9.669,94.97,0,0,2019-09-11 14:00:00
2019-09-11,9,254,15,10.063,95.0,0,0,2019-09-11 15:00:00
2019-09-11,9,254,16,9.373,93.97,0,0,2019-09-11 16:00:00
2019-09-11,9,254,17,9.275,94.94,0,0,2019-09-11 17:00:00
2019-09-11,9,254,18,8.879,95.97,0,0,2019-09-11 18:00:00
2019-09-11,9,254,19,8.581,95.95,0,0,2019-09-11 19:00:00
2019-09-11,9,254,20,8.382,97.11,2,0,2019-09-11 20:00:00
2019-09-11,9,254,21,8.481,98.44,2,0,2019-09-11 21:00:00
2019-09-11,9,254,22,8.481,99.94,2,0,2019-09-11 22:00:00
2019-09-11,9,254,23,8.481,99.94,2,0,2019-09-11 23:00:00
2019-09-12,9,255,0,8.481,99.94,2,0,2019-09-12 00:00:00
2019-09-12,9,255,1,8.082,100.0,2,0,2019-09-12 01:00:00
2019-09-12,9,255,2,7.882,100.0,2,0,2019-09-12 02:00:00
2019-09-12,9,255,3,7.782,100.0,0,0,2019-09-12 03:00:00
2019-09-12,9,255,4,7.782,100.0,2,0,2019-09-12 04:00:00
2019-09-12,9,255,5,7.782,100.0,2,0,2019-09-12 05:00:00
2019-09-12,9,255,6,7.682,100.0,2,0,2019-09-12 06:00:00
2019-09-12,9,255,7,7.782,100.0,0,0,2019-09-12 07:00:00
2019-09-12,9,255,8,7.882,100.0,0,0,2019-09-12 08:00:00
2019-09-12,9,255,9,8.282,100.0,0,0,2019-09-12 09:00:00
2019-09-12,9,255,10,8.68,100.0,0,0,2019-09-12 10:00:00
2019-09-12,9,255,11,10.748,100.0,0,0,2019-09-12 11:00:00
2019-09-12,9,255,12,15.187,100.0,0,0,2019-09-12 12:00:00
2019-09-12,9,255,13,15.282,87.79,0,0,2019-09-12 13:00:00
2019-09-12,9,255,14,15.282,70.77,0,0,2019-09-12 14:00:00
2019-09-12,9,255,15,15.855,60.74,0,0,2019-09-12 15:00:00
2019-09-12,9,255,16,15.76,55.77,0,0,2019-09-12 16:00:00
2019-09-12,9,255,17,15.664,56.51,0,0,2019-09-12 17:00:00
2019-09-12,9,255,18,14.804,58.71,0,0,2019-09-12 18:00:00
2019-09-12,9,255,19,12.594,65.77,1,0,2019-09-12 19:00:00
2019-09-12,9,255,20,10.357,72.89,1,0,2019-09-12 20:00:00
2019-09-12,9,255,21,10.063,78.74,0,0,2019-09-12 21:00:00
2019-09-12,9,255,22,10.259,81.4,0,0,2019-09-12 22:00:00
2019-09-12,9,255,23,9.965,79.49,0,0,2019-09-12 23:00:00
2019-09-13,9,256,0,9.176,81.17,0,0,2019-09-13 00:00:00
2019-09-13,9,256,1,8.68,83.79,1,0,2019-09-13 01:00:00
2019-09-13,9,256,2,7.983,84.57,0,0,2019-09-13 02:00:00
2019-09-13,9,256,3,7.582,85.81,0,0,2019-09-13 03:00:00
2019-09-13,9,256,4,7.079,85.82,0,0,2019-09-13 04:00:00
2019-09-13,9,256,5,6.877,86.26,0,0,2019-09-13 05:00:00
2019-09-13,9,256,6,6.775,87.7,0,0,2019-09-13 06:00:00
2019-09-13,9,256,7,6.573,88.78,0,0,2019-09-13 07:00:00
2019-09-13,9,256,8,6.573,89.98,0,0,2019-09-13 08:00:00
2019-09-13,9,256,9,7.381,90.67,0,0,2019-09-13 09:00:00
2019-09-13,9,256,10,9.176,86.25,0,0,2019-09-13 10:00:00
2019-09-13,9,256,11,12.497,78.3,0,0,2019-09-13 11:00:00
2019-09-13,9,256,12,16.808,59.91,0,0,2019-09-13 12:00:00
2019-09-13,9,256,13,16.618,59.61,0,0,2019-09-13 13:00:00
2019-09-13,9,256,14,16.713,58.28,0,0,2019-09-13 14:00:00
2019-09-13,9,256,15,18.426,56.48,0,0,2019-09-13 15:00:00
2019-09-13,9,256,16,17.855,58.09,0,0,2019-09-13 16:00:00
2019-09-13,9,256,17,16.903,59.95,0,0,2019-09-13 17:00:00
2019-09-13,9,256,18,15.76,64.29,0,0,2019-09-13 18:00:00
2019-09-13,9,256,19,14.804,69.83,0,0,2019-09-13 19:00:00
2019-09-13,9,256,20,14.038,72.51,0,0,2019-09-13 20:00:00
2019-09-13,9,256,21,13.654,75.42,0,0,2019-09-13 21:00:00
2019-09-13,9,256,22,13.461,75.82,1,0,2019-09-13 22:00:00
2019-09-13,9,256,23,12.98,77.11,0,0,2019-09-13 23:00:00
2019-09-14,9,257,0,11.916,79.87,0,0,2019-09-14 00:00:00
2019-09-14,9,257,1,11.236,82.64,1,0,2019-09-14 01:00:00
2019-09-14,9,257,2,10.846,85.34,1,0,2019-09-14 02:00:00
2019-09-14,9,257,3,10.455,87.22,0,0,2019-09-14 03:00:00
2019-09-14,9,257,4,9.965,88.28,0,0,2019-09-14 04:00:00
2019-09-14,9,257,5,9.669,90.09,0,0,2019-09-14 05:00:00
2019-09-14,9,257,6,9.275,90.75,0,0,2019-09-14 06:00:00
2019-09-14,9,257,7,9.176,91.46,0,0,2019-09-14 07:00:00
2019-09-14,9,257,8,9.373,93.07,0,0,2019-09-14 08:00:00
2019-09-14,9,257,9,9.768,93.1,0,0,2019-09-14 09:00:00
2019-09-14,9,257,10,11.916,90.17,0,0,2019-09-14 10:00:00
2019-09-14,9,257,11,15.664,78.02,0,0,2019-09-14 11:00:00
2019-09-14,9,257,12,20.234,61.79,0,0,2019-09-14 12:00:00
2019-09-14,9,257,13,21.473,57.73,0,0,2019-09-14 13:00:00
2019-09-14,9,257,14,22.046,53.9,0,0,2019-09-14 14:00:00
2019-09-14,9,257,15,23.484,49.27,0,0,2019-09-14 15:00:00
2019-09-14,9,257,16,23.196,50.87,0,0,2019-09-14 16:00:00
2019-09-14,9,257,17,22.429,53.71,0,0,2019-09-14 17:00:00
2019-09-14,9,257,18,22.717,55.72,0,0,2019-09-14 18:00:00
2019-09-14,9,257,19,20.043,60.06,0,0,2019-09-14 19:00:00
2019-09-14,9,257,20,17.665,70.67,2,0,2019-09-14 20:00:00
2019-09-14,9,257,21,16.808,75.05,0,0,2019-09-14 21:00:00
2019-09-14,9,257,22,16.237,77.73,0,0,2019-09-14 22:00:00
2019-09-14,9,257,23,16.046,79.57,0,0,2019-09-14 23:00:00
2019-09-15,9,258,0,15.664,80.78,1,0,2019-09-15 00:00:00
2019-09-15,9,258,1,15.76,80.47,2,0,2019-09-15 01:00:00
2019-09-15,9,258,2,15.569,81.1,0,0,2019-09-15 02:00:00
2019-09-15,9,258,3,15.664,82.1,1,0,2019-09-15 03:00:00
2019-09-15,9,258,4,15.282,83.2,0,0,2019-09-15 04:00:00
2019-09-15,9,258,5,14.996,84.0,0,0,2019-09-15 05:00:00
2019-09-15,9,258,6,14.613,85.74,0,0,2019-09-15 06:00:00
2019-09-15,9,258,7,14.517,84.42,0,0,2019-09-15 07:00:00
2019-09-15,9,258,8,14.23,78.9,0,0,2019-09-15 08:00:00
2019-09-15,9,258,9,15.664,64.96,0,0,2019-09-15 09:00:00
2019-09-15,9,258,10,19.758,43.72,0,0,2019-09-15 10:00:00
2019-09-15,9,258,11,23.869,43.28,0,0,2019-09-15 11:00:00
2019-09-15,9,258,12,29.552,24.17,0,0,2019-09-15 12:00:00
2019-09-15,9,258,13,33.43,15.0,0,0,2019-09-15 13:00:00
2019-09-15,9,258,14,33.639,15.0,0,0,2019-09-15 14:00:00
2019-09-15,9,258,15,33.43,16.07,0,0,2019-09-15 15:00:00
2019-09-15,9,258,16,33.014,21.61,0,0,2019-09-15 16:00:00
2019-09-15,9,258,17,30.457,37.51,0,0,2019-09-15 17:00:00
2019-09-15,9,258,18,29.252,40.67,0,0,2019-09-15 18:00:00
2019-09-15,9,258,19,26.097,49.35,0,0,2019-09-15 19:00:00
2019-09-15,9,258,20,24.255,54.82,1,0,2019-09-15 20:00:00
2019-09-15,9,258,21,23.388,56.98,0,0,2019-09-15 21:00:00
2019-09-15,9,258,22,22.333,61.25,0,0,2019-09-15 22:00:00
2019-09-15,9,258,23,21.473,64.39,0,0,2019-09-15 23:00:00
2019-09-16,9,259,0,20.805,66.18,1,0,2019-09-16 00:00:00
2019-09-16,9,259,1,20.329,65.66,0,0,2019-09-16 01:00:00
2019-09-16,9,259,2,19.948,66.55,0,0,2019-09-16 02:00:00
2019-09-16,9,259,3,19.282,69.6,0,0,2019-09-16 03:00:00
2019-09-16,9,259,4,18.996,66.94,0,0,2019-09-16 04:00:00
2019-09-16,9,259,5,18.996,59.2,0,0,2019-09-16 05:00:00
2019-09-16,9,259,6,18.901,64.29,0,0,2019-09-16 06:00:00
2019-09-16,9,259,7,19.472,65.54,0,0,2019-09-16 07:00:00
2019-09-16,9,259,8,18.045,69.93,0,0,2019-09-16 08:00:00
2019-09-16,9,259,9,19.472,67.62,0,0,2019-09-16 09:00:00
2019-09-16,9,259,10,20.996,64.67,0,0,2019-09-16 10:00:00
2019-09-16,9,259,11,23.292,58.47,0,0,2019-09-16 11:00:00
2019-09-16,9,259,12,25.028,52.76,0,0,2019-09-16 12:00:00
2019-09-16,9,259,13,25.708,50.77,0,0,2019-09-16 13:00:00
2019-09-16,9,259,14,25.125,50.26,0,0,2019-09-16 14:00:00
2019-09-16,9,259,15,25.319,49.71,0,0,2019-09-16 15:00:00
2019-09-16,9,259,16,22.429,65.77,0,0,2019-09-16 16:00:00
2019-09-16,9,259,17,19.567,75.15,0,0,2019-09-16 17:00:00
2019-09-16,9,259,18,17.475,80.36,0,0,2019-09-16 18:00:00
2019-09-16,9,259,19,14.9,89.6,2,0,2019-09-16 19:00:00
2019-09-16,9,259,20,13.076,94.23,3,0,2019-09-16 20:00:00
2019-09-16,9,259,21,11.916,95.14,3,0,2019-09-16 21:00:00
2019-09-16,9,259,22,11.431,96.19,3,0,2019-09-16 22:00:00
2019-09-16,9,259,23,11.334,97.39,3,0,2019-09-16 23:00:00
2019-09-17,9,260,0,11.431,97.4,3,0,2019-09-17 00:00:00
2019-09-17,9,260,1,10.748,98.67,3,0,2019-09-17 01:00:00
2019-09-17,9,260,2,10.748,98.67,3,0,2019-09-17 02:00:00
2019-09-17,9,260,3,10.651,98.66,3,0,2019-09-17 03:00:00
2019-09-17,9,260,4,10.748,100.0,3,0,2019-09-17 04:00:00
2019-09-17,9,260,5,10.161,98.61,2,0,2019-09-17 05:00:00
2019-09-17,9,260,6,9.768,98.57,1,0,2019-09-17 06:00:00
2019-09-17,9,260,7,9.176,98.51,0,0,2019-09-17 07:00:00
2019-09-17,9,260,8,9.077,98.5,0,0,2019-09-17 08:00:00
2019-09-17,9,260,9,9.472,100.0,0,0,2019-09-17 09:00:00
2019-09-17,9,260,10,9.866,100.0,0,0,2019-09-17 10:00:00
2019-09-17,9,260,11,9.965,100.0,0,0,2019-09-17 11:00:00
2019-09-17,9,260,12,9.965,100.0,0,0,2019-09-17 12:00:00
2019-09-17,9,260,13,10.748,100.0,0,0,2019-09-17 13:00:00
2019-09-17,9,260,14,11.431,98.74,0,0,2019-09-17 14:00:00
2019-09-17,9,260,15,11.041,98.7,0,0,2019-09-17 15:00:00
2019-09-17,9,260,16,10.161,97.28,0,0,2019-09-17 16:00:00
2019-09-17,9,260,17,10.161,98.61,0,0,2019-09-17 17:00:00
2019-09-17,9,260,18,9.866,98.58,0,0,2019-09-17 18:00:00
2019-09-17,9,260,19,9.965,100.0,0,0,2019-09-17 19:00:00
2019-09-17,9,260,20,9.866,100.0,2,0,2019-09-17 20:00:00
2019-09-17,9,260,21,9.866,100.0,3,0,2019-09-17 21:00:00
2019-09-17,9,260,22,9.866,100.0,2,0,2019-09-17 22:00:00
2019-09-17,9,260,23,9.571,100.0,3,0,2019-09-17 23:00:00
2019-09-18,9,261,0,9.275,100.0,1,0,2019-09-18 00:00:00
2019-09-18,9,261,1,9.176,100.0,0,0,2019-09-18 01:00:00
2019-09-18,9,261,2,8.68,100.0,0,0,2019-09-18 02:00:00
2019-09-18,9,261,3,8.382,99.93,0,0,2019-09-18 03:00:00
2019-09-18,9,261,4,8.082,99.9,0,0,2019-09-18 04:00:00
2019-09-18,9,261,5,8.282,100.0,0,0,2019-09-18 05:00:00
2019-09-18,9,261,6,8.282,100.0,0,0,2019-09-18 06:00:00
2019-09-18,9,261,7,8.481,100.0,0,0,2019-09-18 07:00:00
2019-09-18,9,261,8,9.176,100.0,0,0,2019-09-18 08:00:00
2019-09-18,9,261,9,9.571,100.0,0,0,2019-09-18 09:00:00
2019-09-18,9,261,10,10.259,100.0,0,0,2019-09-18 10:00:00
2019-09-18,9,261,11,10.651,100.0,0,0,2019-09-18 11:00:00
2019-09-18,9,261,12,13.076,100.0,0,0,2019-09-18 12:00:00
2019-09-18,9,261,13,15.664,91.01,0,0,2019-09-18 13:00:00
2019-09-18,9,261,14,16.141,73.32,0,0,2019-09-18 14:00:00
2019-09-18,9,261,15,18.711,59.16,0,0,2019-09-18 15:00:00
2019-09-18,9,261,16,17.95,58.12,0,0,2019-09-18 16:00:00
2019-09-18,9,261,17,18.426,56.24,0,0,2019-09-18 17:00:00
2019-09-18,9,261,18,18.901,54.4,0,0,2019-09-18 18:00:00
2019-09-18,9,261,19,16.427,62.79,0,0,2019-09-18 19:00:00
2019-09-18,9,261,20,14.038,73.28,0,0,2019-09-18 20:00:00
2019-09-18,9,261,21,12.787,79.27,0,0,2019-09-18 21:00:00
2019-09-18,9,261,22,11.916,83.69,1,0,2019-09-18 22:00:00
2019-09-18,9,261,23,11.236,85.78,0,0,2019-09-18 23:00:00
2019-09-19,9,262,0,10.748,88.29,0,0,2019-09-19 00:00:00
2019-09-19,9,262,1,10.161,89.46,0,0,2019-09-19 01:00:00
2019-09-19,9,262,2,9.768,91.49,0,0,2019-09-19 02:00:00
2019-09-19,9,262,3,9.275,92.24,0,0,2019-09-19 03:00:00
2019-09-19,9,262,4,8.978,93.94,0,0,2019-09-19 04:00:00
2019-09-19,9,262,5,8.481,93.9,0,0,2019-09-19 05:00:00
2019-09-19,9,262,6,7.882,93.86,0,0,2019-09-19 06:00:00
2019-09-19,9,262,7,7.983,88.81,0,0,2019-09-19 07:00:00
2019-09-19,9,262,8,9.176,76.3,0,0,2019-09-19 08:00:00
2019-09-19,9,262,9,11.625,63.8,0,0,2019-09-19 09:00:00
2019-09-19,9,262,10,14.421,57.54,0,0,2019-09-19 10:00:00
2019-09-19,9,262,11,17.76,50.98,0,0,2019-09-19 11:00:00
2019-09-19,9,262,12,20.996,42.86,0,0,2019-09-19 12:00:00
2019-09-19,9,262,13,24.255,40.27,0,0,2019-09-19 13:00:00
2019-09-19,9,262,14,25.513,41.43,0,0,2019-09-19 14:00:00
2019-09-19,9,262,15,25.805,39.45,0,0,2019-09-19 15:00:00
2019-09-19,9,262,16,26.292,36.67,0,0,2019-09-19 16:00:00
2019-09-19,9,262,17,27.075,26.75,0,0,2019-09-19 17:00:00
2019-09-19,9,262,18,26.292,36.5,0,0,2019-09-19 18:00:00
2019-09-19,9,262,19,21.091,55.4,0,0,2019-09-19 19:00:00
2019-09-19,9,262,20,18.711,59.75,0,0,2019-09-19 20:00:00
2019-09-19,9,262,21,17.475,66.02,0,0,2019-09-19 21:00:00
2019-09-19,9,262,22,16.713,65.89,0,0,2019-09-19 22:00:00
2019-09-19,9,262,23,16.332,61.77,0,0,2019-09-19 23:00:00
2019-09-20,9,263,0,16.713,62.3,0,0,2019-09-20 00:00:00
2019-09-20,9,263,1,15.664,60.02,0,0,2019-09-20 01:00:00
2019-09-20,9,263,2,14.325,63.4,0,0,2019-09-20 02:00:00
2019-09-20,9,263,3,13.173,63.66,0,0,2019-09-20 03:00:00
2019-09-20,9,263,4,12.594,65.52,0,0,2019-09-20 04:00:00
2019-09-20,9,263,5,12.013,68.74,0,0,2019-09-20 05:00:00
2019-09-20,9,263,6,11.916,70.55,0,0,2019-09-20 06:00:00
2019-09-20,9,263,7,11.139,67.91,0,0,2019-09-20 07:00:00
2019-09-20,9,263,8,10.651,67.91,0,0,2019-09-20 08:00:00
2019-09-20,9,263,9,10.846,71.6,0,0,2019-09-20 09:00:00
2019-09-20,9,263,10,11.334,72.46,0,0,2019-09-20 10:00:00
2019-09-20,9,263,11,12.11,71.27,0,0,2019-09-20 11:00:00
2019-09-20,9,263,12,13.461,66.36,0,0,2019-09-20 12:00:00
2019-09-20,9,263,13,13.846,64.32,0,0,2019-09-20 13:00:00
2019-09-20,9,263,14,14.325,65.75,0,0,2019-09-20 14:00:00
2019-09-20,9,263,15,13.75,66.13,0,0,2019-09-20 15:00:00
2019-09-20,9,263,16,13.269,65.55,0,0,2019-09-20 16:00:00
2019-09-20,9,263,17,12.497,70.46,0,0,2019-09-20 17:00:00
2019-09-20,9,263,18,11.819,72.68,0,0,2019-09-20 18:00:00
2019-09-20,9,263,19,11.334,76.86,0,0,2019-09-20 19:00:00
2019-09-20,9,263,20,10.944,79.93,0,0,2019-09-20 20:00:00
2019-09-20,9,263,21,10.357,84.12,0,0,2019-09-20 21:00:00
2019-09-20,9,263,22,9.866,84.93,0,0,2019-09-20 22:00:00
2019-09-20,9,263,23,9.571,87.21,0,0,2019-09-20 23:00:00
2019-09-21,9,264,0,9.472,88.84,0,0,2019-09-21 00:00:00
2019-09-21,9,264,1,8.68,89.42,0,0,2019-09-21 01:00:00
2019-09-21,9,264,2,8.581,88.82,0,0,2019-09-21 02:00:00
2019-09-21,9,264,3,8.282,84.56,0,0,2019-09-21 03:00:00
2019-09-21,9,264,4,8.182,86.72,0,0,2019-09-21 04:00:00
2019-09-21,9,264,5,7.582,85.38,0,0,2019-09-21 05:00:00
2019-09-21,9,264,6,7.381,83.84,0,0,2019-09-21 06:00:00
2019-09-21,9,264,7,7.179,84.59,0,0,2019-09-21 07:00:00
2019-09-21,9,264,8,7.582,86.26,0,0,2019-09-21 08:00:00
2019-09-21,9,264,9,7.983,85.81,0,0,2019-09-21 09:00:00
2019-09-21,9,264,10,9.077,83.42,0,0,2019-09-21 10:00:00
2019-09-21,9,264,11,10.651,77.77,0,0,2019-09-21 11:00:00
2019-09-21,9,264,12,12.11,68.94,0,0,2019-09-21 12:00:00
2019-09-21,9,264,13,13.846,57.18,0,0,2019-09-21 13:00:00
2019-09-21,9,264,14,16.808,51.97,0,0,2019-09-21 14:00:00
2019-09-21,9,264,15,18.14,46.56,0,0,2019-09-21 15:00:00
2019-09-21,9,264,16,17.57,49.53,0,0,2019-09-21 16:00:00
2019-09-21,9,264,17,17.475,48.87,0,0,2019-09-21 17:00:00
2019-09-21,9,264,18,17.855,47.89,0,0,2019-09-21 18:00:00
2019-09-21,9,264,19,15.569,54.73,0,0,2019-09-21 19:00:00
2019-09-21,9,264,20,13.076,64.26,0,0,2019-09-21 20:00:00
2019-09-21,9,264,21,11.722,68.8,0,0,2019-09-21 21:00:00
2019-09-21,9,264,22,11.139,74.31,2,0,2019-09-21 22:00:00
2019-09-21,9,264,23,10.357,78.02,0,0,2019-09-21 23:00:00
2019-09-22,9,265,0,9.768,79.5,0,0,2019-09-22 00:00:00
2019-09-22,9,265,1,9.373,80.59,0,0,2019-09-22 01:00:00
2019-09-22,9,265,2,9.077,82.73,0,0,2019-09-22 02:00:00
2019-09-22,9,265,3,8.978,83.79,0,0,2019-09-22 03:00:00
2019-09-22,9,265,4,8.68,83.79,0,0,2019-09-22 04:00:00
2019-09-22,9,265,5,8.481,84.96,0,0,2019-09-22 05:00:00
2019-09-22,9,265,6,9.373,86.25,0,0,2019-09-22 06:00:00
2019-09-22,9,265,7,10.063,84.52,0,0,2019-09-22 07:00:00
2019-09-22,9,265,8,10.455,84.92,0,0,2019-09-22 08:00:00
2019-09-22,9,265,9,10.846,84.5,0,0,2019-09-22 09:00:00
2019-09-22,9,265,10,11.916,83.32,0,0,2019-09-22 10:00:00
2019-09-22,9,265,11,14.23,72.63,0,0,2019-09-22 11:00:00
2019-09-22,9,265,12,15.569,64.74,0,0,2019-09-22 12:00:00
2019-09-22,9,265,13,17.379,54.15,0,0,2019-09-22 13:00:00
2019-09-22,9,265,14,19.092,49.22,0,0,2019-09-22 14:00:00
2019-09-22,9,265,15,21.187,42.19,0,0,2019-09-22 15:00:00
2019-09-22,9,265,16,20.138,46.02,0,0,2019-09-22 16:00:00
2019-09-22,9,265,17,19.853,47.42,0,0,2019-09-22 17:00:00
2019-09-22,9,265,18,19.567,46.75,0,0,2019-09-22 18:00:00
2019-09-22,9,265,19,16.713,52.14,0,0,2019-09-22 19:00:00
2019-09-22,9,265,20,14.996,60.95,0,0,2019-09-22 20:00:00
2019-09-22,9,265,21,14.9,61.78,2,0,2019-09-22 21:00:00
2019-09-22,9,265,22,14.421,62.89,0,0,2019-09-22 22:00:00
2019-09-22,9,265,23,14.038,66.88,0,0,2019-09-22 23:00:00
2019-09-23,9,266,0,13.942,67.19,0,0,2019-09-23 00:00:00
2019-09-23,9,266,1,13.75,69.19,0,0,2019-09-23 01:00:00
2019-09-23,9,266,2,13.654,70.14,0,0,2019-09-23 02:00:00
2019-09-23,9,266,3,13.269,68.84,0,0,2019-09-23 03:00:00
2019-09-23,9,266,4,12.883,70.03,0,0,2019-09-23 04:00:00
2019-09-23,9,266,5,12.401,73.34,0,0,2019-09-23 05:00:00
2019-09-23,9,266,6,11.916,73.41,0,0,2019-09-23 06:00:00
2019-09-23,9,266,7,11.139,75.7,0,0,2019-09-23 07:00:00
2019-09-23,9,266,8,11.139,78.41,0,0,2019-09-23 08:00:00
2019-09-23,9,266,9,11.819,76.81,0,0,2019-09-23 09:00:00
2019-09-23,9,266,10,14.038,69.72,0,0,2019-09-23 10:00:00
2019-09-23,9,266,11,18.236,63.53,0,0,2019-09-23 11:00:00
2019-09-23,9,266,12,17.95,53.3,0,0,2019-09-23 12:00:00
2019-09-23,9,266,13,19.662,47.13,0,0,2019-09-23 13:00:00
2019-09-23,9,266,14,20.615,44.0,0,0,2019-09-23 14:00:00
2019-09-23,9,266,15,23.004,39.8,0,0,2019-09-23 15:00:00
2019-09-23,9,266,16,22.621,40.26,0,0,2019-09-23 16:00:00
2019-09-23,9,266,17,22.429,40.53,0,0,2019-09-23 17:00:00
2019-09-23,9,266,18,22.046,42.45,0,0,2019-09-23 18:00:00
2019-09-23,9,266,19,20.615,46.37,0,0,2019-09-23 19:00:00
2019-09-23,9,266,20,18.331,54.51,0,0,2019-09-23 20:00:00
2019-09-23,9,266,21,16.999,56.15,0,0,2019-09-23 21:00:00
2019-09-23,9,266,22,16.141,62.71,0,0,2019-09-23 22:00:00
2019-09-23,9,266,23,15.76,64.21,0,0,2019-09-23 23:00:00
2019-09-24,9,267,0,15.187,65.66,0,0,2019-09-24 00:00:00
2019-09-24,9,267,1,14.9,66.81,0,0,2019-09-24 01:00:00
2019-09-24,9,267,2,14.804,68.67,0,0,2019-09-24 02:00:00
2019-09-24,9,267,3,14.9,70.57,0,0,2019-09-24 03:00:00
2019-09-24,9,267,4,14.996,69.44,0,0,2019-09-24 04:00:00
2019-09-24,9,267,5,14.804,70.58,0,0,2019-09-24 05:00:00
2019-09-24,9,267,6,14.709,67.53,0,0,2019-09-24 06:00:00
2019-09-24,9,267,7,14.421,62.96,0,0,2019-09-24 07:00:00
2019-09-24,9,267,8,13.942,66.81,0,0,2019-09-24 08:00:00
2019-09-24,9,267,9,14.517,66.33,0,0,2019-09-24 09:00:00
2019-09-24,9,267,10,15.951,60.6,0,0,2019-09-24 10:00:00
2019-09-24,9,267,11,18.521,49.42,0,0,2019-09-24 11:00:00
2019-09-24,9,267,12,20.519,43.12,0,0,2019-09-24 12:00:00
2019-09-24,9,267,13,22.238,42.0,0,0,2019-09-24 13:00:00
2019-09-24,9,267,14,23.1,40.18,0,0,2019-09-24 14:00:00
2019-09-24,9,267,15,23.677,37.96,0,0,2019-09-24 15:00:00
2019-09-24,9,267,16,21.951,41.35,0,0,2019-09-24 16:00:00
2019-09-24,9,267,17,21.473,41.25,0,0,2019-09-24 17:00:00
2019-09-24,9,267,18,20.424,47.0,0,0,2019-09-24 18:00:00
2019-09-24,9,267,19,19.187,48.89,0,0,2019-09-24 19:00:00
2019-09-24,9,267,20,18.331,52.65,0,0,2019-09-24 20:00:00
2019-09-24,9,267,21,17.95,54.2,0,0,2019-09-24 21:00:00
2019-09-24,9,267,22,17.57,57.59,0,0,2019-09-24 22:00:00
2019-09-24,9,267,23,17.189,60.73,0,0,2019-09-24 23:00:00
2019-09-25,9,268,0,17.094,61.8,0,0,2019-09-25 00:00:00
2019-09-25,9,268,1,16.903,60.61,1,0,2019-09-25 01:00:00
2019-09-25,9,268,2,16.523,63.89,0,0,2019-09-25 02:00:00
2019-09-25,9,268,3,16.332,64.33,0,0,2019-09-25 03:00:00
2019-09-25,9,268,4,16.046,65.84,1,0,2019-09-25 04:00:00
2019-09-25,9,268,5,15.76,66.93,0,0,2019-09-25 05:00:00
2019-09-25,9,268,6,15.855,67.02,0,0,2019-09-25 06:00:00
2019-09-25,9,268,7,15.378,68.35,0,0,2019-09-25 07:00:00
2019-09-25,9,268,8,15.187,67.96,0,0,2019-09-25 08:00:00
2019-09-25,9,268,9,15.187,68.6,0,0,2019-09-25 09:00:00
2019-09-25,9,268,10,16.237,68.64,0,0,2019-09-25 10:00:00
2019-09-25,9,268,11,17.379,63.09,0,0,2019-09-25 11:00:00
2019-09-25,9,268,12,18.711,55.7,0,0,2019-09-25 12:00:00
2019-09-25,9,268,13,19.092,52.55,0,0,2019-09-25 13:00:00
2019-09-25,9,268,14,19.187,51.8,0,0,2019-09-25 14:00:00
2019-09-25,9,268,15,20.996,44.96,0,0,2019-09-25 15:00:00
2019-09-25,9,268,16,20.71,45.41,0,0,2019-09-25 16:00:00
2019-09-25,9,268,17,20.043,48.37,0,0,2019-09-25 17:00:00
2019-09-25,9,268,18,19.662,52.16,0,0,2019-09-25 18:00:00
2019-09-25,9,268,19,18.996,55.16,0,0,2019-09-25 19:00:00
2019-09-25,9,268,20,17.379,61.26,0,0,2019-09-25 20:00:00
2019-09-25,9,268,21,16.713,63.09,0,0,2019-09-25 21:00:00
2019-09-25,9,268,22,16.141,65.82,0,0,2019-09-25 22:00:00
2019-09-25,9,268,23,15.569,67.37,0,0,2019-09-25 23:00:00
2019-09-26,9,269,0,14.804,72.25,0,0,2019-09-26 00:00:00
2019-09-26,9,269,1,14.517,72.74,1,0,2019-09-26 01:00:00
2019-09-26,9,269,2,14.23,73.09,0,0,2019-09-26 02:00:00
2019-09-26,9,269,3,13.75,74.67,0,0,2019-09-26 03:00:00
2019-09-26,9,269,4,13.558,75.43,0,0,2019-09-26 04:00:00
2019-09-26,9,269,5,13.076,77.1,0,0,2019-09-26 05:00:00
2019-09-26,9,269,6,12.69,78.28,0,0,2019-09-26 06:00:00
2019-09-26,9,269,7,12.207,78.56,0,0,2019-09-26 07:00:00
2019-09-26,9,269,8,12.207,80.99,0,0,2019-09-26 08:00:00
2019-09-26,9,269,9,12.98,79.25,0,0,2019-09-26 09:00:00
2019-09-26,9,269,10,14.9,73.49,0,0,2019-09-26 10:00:00
2019-09-26,9,269,11,18.521,61.2,0,0,2019-09-26 11:00:00
2019-09-26,9,269,12,21.855,45.94,0,0,2019-09-26 12:00:00
2019-09-26,9,269,13,23.388,42.94,0,0,2019-09-26 13:00:00
2019-09-26,9,269,14,23.773,38.03,0,0,2019-09-26 14:00:00
2019-09-26,9,269,15,27.961,28.35,0,0,2019-09-26 15:00:00
2019-09-26,9,269,16,25.708,33.36,0,0,2019-09-26 16:00:00
2019-09-26,9,269,17,25.805,35.4,0,0,2019-09-26 17:00:00
2019-09-26,9,269,18,26.292,35.62,0,0,2019-09-26 18:00:00
2019-09-26,9,269,19,23.773,38.84,0,0,2019-09-26 19:00:00
2019-09-26,9,269,20,20.329,45.87,0,0,2019-09-26 20:00:00
2019-09-26,9,269,21,18.806,53.92,0,0,2019-09-26 21:00:00
2019-09-26,9,269,22,18.045,55.87,3,0,2019-09-26 22:00:00
2019-09-26,9,269,23,17.189,57.84,2,0,2019-09-26 23:00:00
2019-09-27,9,270,0,16.427,60.66,0,0,2019-09-27 00:00:00
2019-09-27,9,270,1,15.855,61.62,0,0,2019-09-27 01:00:00
2019-09-27,9,270,2,15.282,66.18,0,0,2019-09-27 02:00:00
2019-09-27,9,270,3,14.9,67.7,0,0,2019-09-27 03:00:00
2019-09-27,9,270,4,14.709,68.15,0,0,2019-09-27 04:00:00
2019-09-27,9,270,5,14.134,68.9,0,0,2019-09-27 05:00:00
2019-09-27,9,270,6,13.942,69.97,0,0,2019-09-27 06:00:00
2019-09-27,9,270,7,13.654,70.02,0,0,2019-09-27 07:00:00
2019-09-27,9,270,8,13.558,70.91,0,0,2019-09-27 08:00:00
2019-09-27,9,270,9,13.75,73.64,0,0,2019-09-27 09:00:00
2019-09-27,9,270,10,15.76,66.08,0,0,2019-09-27 10:00:00
2019-09-27,9,270,11,19.282,55.13,0,0,2019-09-27 11:00:00
2019-09-27,9,270,12,22.142,45.2,0,0,2019-09-27 12:00:00
2019-09-27,9,270,13,23.292,39.05,0,0,2019-09-27 13:00:00
2019-09-27,9,270,14,23.966,33.37,0,0,2019-09-27 14:00:00
2019-09-27,9,270,15,29.252,26.67,0,0,2019-09-27 15:00:00
2019-09-27,9,270,16,26.879,33.2,0,0,2019-09-27 16:00:00
2019-09-27,9,270,17,27.075,32.49,0,0,2019-09-27 17:00:00
2019-09-27,9,270,18,27.173,31.65,0,0,2019-09-27 18:00:00
2019-09-27,9,270,19,25.513,37.66,0,0,2019-09-27 19:00:00
2019-09-27,9,270,20,21.473,43.84,0,0,2019-09-27 20:00:00
2019-09-27,9,270,21,19.948,49.03,0,0,2019-09-27 21:00:00
2019-09-27,9,270,22,19.187,54.07,0,0,2019-09-27 22:00:00
2019-09-27,9,270,23,18.521,57.15,0,0,2019-09-27 23:00:00
2019-09-28,9,271,0,17.855,57.88,0,0,2019-09-28 00:00:00
2019-09-28,9,271,1,17.379,60.94,0,0,2019-09-28 01:00:00
2019-09-28,9,271,2,16.999,60.47,0,0,2019-09-28 02:00:00
2019-09-28,9,271,3,16.713,61.82,0,0,2019-09-28 03:00:00
2019-09-28,9,271,4,16.332,63.03,0,0,2019-09-28 04:00:00
2019-09-28,9,271,5,15.855,63.35,0,0,2019-09-28 05:00:00
2019-09-28,9,271,6,15.569,65.5,0,0,2019-09-28 06:00:00
2019-09-28,9,271,7,15.187,66.85,0,0,2019-09-28 07:00:00
2019-09-28,9,271,8,15.187,68.72,0,0,2019-09-28 08:00:00
2019-09-28,9,271,9,15.951,65.33,0,0,2019-09-28 09:00:00
2019-09-28,9,271,10,18.045,58.64,0,0,2019-09-28 10:00:00
2019-09-28,9,271,11,21.855,50.53,0,0,2019-09-28 11:00:00
2019-09-28,9,271,12,24.062,41.95,0,0,2019-09-28 12:00:00
2019-09-28,9,271,13,25.61,38.25,0,0,2019-09-28 13:00:00
2019-09-28,9,271,14,26.0,37.62,0,0,2019-09-28 14:00:00
2019-09-28,9,271,15,31.166,28.8,0,0,2019-09-28 15:00:00
2019-09-28,9,271,16,27.665,34.27,1,0,2019-09-28 16:00:00
2019-09-28,9,271,17,27.567,35.08,0,0,2019-09-28 17:00:00
2019-09-28,9,271,18,26.879,35.95,0,0,2019-09-28 18:00:00
2019-09-28,9,271,19,26.488,36.75,2,0,2019-09-28 19:00:00
2019-09-28,9,271,20,22.238,47.6,0,0,2019-09-28 20:00:00
2019-09-28,9,271,21,21.091,53.0,0,0,2019-09-28 21:00:00
2019-09-28,9,271,22,20.043,56.5,0,0,2019-09-28 22:00:00
2019-09-28,9,271,23,19.662,57.16,0,0,2019-09-28 23:00:00
2019-09-29,9,272,0,19.092,59.36,0,0,2019-09-29 00:00:00
2019-09-29,9,272,1,18.426,61.91,0,0,2019-09-29 01:00:00
2019-09-29,9,272,2,18.331,61.65,0,0,2019-09-29 02:00:00
2019-09-29,9,272,3,18.14,62.12,0,0,2019-09-29 03:00:00
2019-09-29,9,272,4,17.57,65.36,0,0,2019-09-29 04:00:00
2019-09-29,9,272,5,17.189,65.08,0,0,2019-09-29 05:00:00
2019-09-29,9,272,6,17.094,65.63,0,0,2019-09-29 06:00:00
2019-09-29,9,272,7,16.808,66.15,0,0,2019-09-29 07:00:00
2019-09-29,9,272,8,17.094,63.54,0,0,2019-09-29 08:00:00
2019-09-29,9,272,9,17.284,65.5,0,0,2019-09-29 09:00:00
2019-09-29,9,272,10,19.377,58.76,0,0,2019-09-29 10:00:00
2019-09-29,9,272,11,22.525,49.75,0,0,2019-09-29 11:00:00
2019-09-29,9,272,12,25.222,39.09,0,0,2019-09-29 12:00:00
2019-09-29,9,272,13,26.781,34.33,0,0,2019-09-29 13:00:00
2019-09-29,9,272,14,27.272,33.51,0,0,2019-09-29 14:00:00
2019-09-29,9,272,15,30.76,26.1,0,0,2019-09-29 15:00:00
2019-09-29,9,272,16,28.655,31.81,0,0,2019-09-29 16:00:00
2019-09-29,9,272,17,28.655,33.12,0,0,2019-09-29 17:00:00
2019-09-29,9,272,18,27.862,33.75,0,0,2019-09-29 18:00:00
2019-09-29,9,272,19,26.0,37.84,0,0,2019-09-29 19:00:00
2019-09-29,9,272,20,23.292,45.05,1,0,2019-09-29 20:00:00
2019-09-29,9,272,21,21.951,52.16,2,0,2019-09-29 21:00:00
2019-09-29,9,272,22,21.378,53.34,1,0,2019-09-29 22:00:00
2019-09-29,9,272,23,20.519,57.05,0,0,2019-09-29 23:00:00
2019-09-30,9,273,0,20.71,54.13,0,0,2019-09-30 00:00:00
2019-09-30,9,273,1,19.948,56.78,0,0,2019-09-30 01:00:00
2019-09-30,9,273,2,19.377,58.48,0,0,2019-09-30 02:00:00
2019-09-30,9,273,3,19.092,60.73,0,0,2019-09-30 03:00:00
2019-09-30,9,273,4,18.521,63.87,0,0,2019-09-30 04:00:00
2019-09-30,9,273,5,18.236,64.09,0,0,2019-09-30 05:00:00
2019-09-30,9,273,6,17.95,64.84,0,0,2019-09-30 06:00:00
2019-09-30,9,273,7,17.95,64.58,0,0,2019-09-30 07:00:00
2019-09-30,9,273,8,17.95,62.74,0,0,2019-09-30 08:00:00
2019-09-30,9,273,9,18.616,63.44,0,0,2019-09-30 09:00:00
2019-09-30,9,273,10,20.901,55.79,0,0,2019-09-30 10:00:00
2019-09-30,9,273,11,24.448,48.68,0,0,2019-09-30 11:00:00
2019-09-30,9,273,12,26.879,42.35,0,0,2019-09-30 12:00:00
2019-09-30,9,273,13,29.053,36.43,0,0,2019-09-30 13:00:00
2019-09-30,9,273,14,29.953,35.33,0,0,2019-09-30 14:00:00
2019-09-30,9,273,15,33.326,30.81,0,0,2019-09-30 15:00:00
2019-09-30,9,273,16,30.255,35.63,0,0,2019-09-30 16:00:00
2019-09-30,9,273,17,30.558,35.78,0,0,2019-09-30 17:00:00
2019-09-30,9,273,18,28.06,43.0,0,0,2019-09-30 18:00:00
2019-09-30,9,273,19,26.585,49.1,0,0,2019-09-30 19:00:00
2019-09-30,9,273,20,24.641,54.58,2,0,2019-09-30 20:00:00
2019-09-30,9,273,21,23.484,58.99,1,0,2019-09-30 21:00:00
2019-09-30,9,273,22,22.812,61.37,0,0,2019-09-30 22:00:00
2019-09-30,9,273,23,22.717,61.32,0,0,2019-09-30 23:00:00
2019-10-01,10,274,0,22.429,61.23,1,0,2019-10-01 00:00:00
2019-10-01,10,274,1,21.76,63.53,0,0,2019-10-01 01:00:00
2019-10-01,10,274,2,21.473,64.12,0,0,2019-10-01 02:00:00
2019-10-01,10,274,3,20.996,65.34,0,0,2019-10-01 03:00:00
2019-10-01,10,274,4,20.805,65.67,0,0,2019-10-01 04:00:00
2019-10-01,10,274,5,20.329,67.58,0,0,2019-10-01 05:00:00
2019-10-01,10,274,6,20.138,67.5,0,0,2019-10-01 06:00:00
2019-10-01,10,274,7,19.567,67.83,0,0,2019-10-01 07:00:00
2019-10-01,10,274,8,19.567,70.1,0,0,2019-10-01 08:00:00
2019-10-01,10,274,9,20.138,67.16,0,0,2019-10-01 09:00:00
2019-10-01,10,274,10,22.142,65.21,0,0,2019-10-01 10:00:00
2019-10-01,10,274,11,24.835,54.28,0,0,2019-10-01 11:00:00
2019-10-01,10,274,12,26.585,48.91,0,0,2019-10-01 12:00:00
2019-10-01,10,274,13,27.665,46.59,0,0,2019-10-01 13:00:00
2019-10-01,10,274,14,28.953,45.97,0,0,2019-10-01 14:00:00
2019-10-01,10,274,15,26.683,52.73,0,0,2019-10-01 15:00:00
2019-10-01,10,274,16,25.125,60.34,0,0,2019-10-01 16:00:00
2019-10-01,10,274,17,25.125,61.33,0,0,2019-10-01 17:00:00
2019-10-01,10,274,18,23.484,74.71,0,0,2019-10-01 18:00:00
2019-10-01,10,274,19,23.388,72.19,0,0,2019-10-01 19:00:00
2019-10-01,10,274,20,22.238,76.44,3,0,2019-10-01 20:00:00
2019-10-01,10,274,21,21.473,79.19,3,0,2019-10-01 21:00:00
2019-10-01,10,274,22,17.95,82.73,3,0,2019-10-01 22:00:00
2019-10-01,10,274,23,14.613,90.97,3,0,2019-10-01 23:00:00
2019-10-02,10,275,0,14.613,94.34,3,0,2019-10-02 00:00:00
2019-10-02,10,275,1,14.613,95.36,3,0,2019-10-02 01:00:00
2019-10-02,10,275,2,13.654,95.28,3,0,2019-10-02 02:00:00
2019-10-02,10,275,3,13.269,95.25,3,0,2019-10-02 03:00:00
2019-10-02,10,275,4,12.69,95.2,3,0,2019-10-02 04:00:00
2019-10-02,10,275,5,12.013,95.15,2,0,2019-10-02 05:00:00
2019-10-02,10,275,6,11.528,95.11,2,0,2019-10-02 06:00:00
2019-10-02,10,275,7,11.625,96.21,0,0,2019-10-02 07:00:00
2019-10-02,10,275,8,11.722,96.22,0,0,2019-10-02 08:00:00
2019-10-02,10,275,9,11.334,96.19,0,0,2019-10-02 09:00:00
2019-10-02,10,275,10,10.553,96.12,0,0,2019-10-02 10:00:00
2019-10-02,10,275,11,10.748,96.14,0,0,2019-10-02 11:00:00
2019-10-02,10,275,12,10.455,95.03,0,0,2019-10-02 12:00:00
2019-10-02,10,275,13,10.553,95.04,0,0,2019-10-02 13:00:00
2019-10-02,10,275,14,10.748,94.07,0,0,2019-10-02 14:00:00
2019-10-02,10,275,15,10.357,91.52,0,0,2019-10-02 15:00:00
2019-10-02,10,275,16,10.651,90.12,0,0,2019-10-02 16:00:00
2019-10-02,10,275,17,9.866,89.46,0,0,2019-10-02 17:00:00
2019-10-02,10,275,18,9.472,90.08,0,0,2019-10-02 18:00:00
2019-10-02,10,275,19,9.077,90.74,0,0,2019-10-02 19:00:00
2019-10-02,10,275,20,8.879,93.04,0,0,2019-10-02 20:00:00
2019-10-02,10,275,21,9.176,94.93,1,0,2019-10-02 21:00:00
2019-10-02,10,275,22,9.077,94.92,1,0,2019-10-02 22:00:00
2019-10-02,10,275,23,8.978,94.91,0,0,2019-10-02 23:00:00
2019-10-03,10,276,0,9.176,96.0,0,0,2019-10-03 00:00:00
2019-10-03,10,276,1,9.176,96.0,1,0,2019-10-03 01:00:00
2019-10-03,10,276,2,9.472,96.02,0,0,2019-10-03 02:00:00
2019-10-03,10,276,3,9.669,97.23,0,0,2019-10-03 03:00:00
2019-10-03,10,276,4,9.669,97.23,0,0,2019-10-03 04:00:00
2019-10-03,10,276,5,9.669,97.23,0,0,2019-10-03 05:00:00
2019-10-03,10,276,6,9.571,96.03,0,0,2019-10-03 06:00:00
2019-10-03,10,276,7,9.373,96.02,0,0,2019-10-03 07:00:00
2019-10-03,10,276,8,9.571,96.03,0,0,2019-10-03 08:00:00
2019-10-03,10,276,9,10.553,96.12,0,0,2019-10-03 09:00:00
2019-10-03,10,276,10,11.334,94.11,0,0,2019-10-03 10:00:00
2019-10-03,10,276,11,12.497,83.3,0,0,2019-10-03 11:00:00
2019-10-03,10,276,12,13.942,77.7,0,0,2019-10-03 12:00:00
2019-10-03,10,276,13,14.996,74.34,0,0,2019-10-03 13:00:00
2019-10-03,10,276,14,16.046,64.15,0,0,2019-10-03 14:00:00
2019-10-03,10,276,15,15.951,57.56,0,0,2019-10-03 15:00:00
2019-10-03,10,276,16,16.237,59.82,0,0,2019-10-03 16:00:00
2019-10-03,10,276,17,16.141,60.43,0,0,2019-10-03 17:00:00
2019-10-03,10,276,18,15.473,67.9,0,0,2019-10-03 18:00:00
2019-10-03,10,276,19,14.9,71.51,0,0,2019-10-03 19:00:00
2019-10-03,10,276,20,14.038,75.96,0,0,2019-10-03 20:00:00
2019-10-03,10,276,21,13.75,78.43,2,0,2019-10-03 21:00:00
2019-10-03,10,276,22,13.365,80.62,0,0,2019-10-03 22:00:00
2019-10-03,10,276,23,12.98,82.92,0,0,2019-10-03 23:00:00
2019-10-04,10,277,0,12.883,82.92,0,0,2019-10-04 00:00:00
2019-10-04,10,277,1,12.787,84.06,0,0,2019-10-04 01:00:00
2019-10-04,10,277,2,12.69,83.29,0,0,2019-10-04 02:00:00
2019-10-04,10,277,3,12.497,82.59,0,0,2019-10-04 03:00:00
2019-10-04,10,277,4,12.207,83.31,0,0,2019-10-04 04:00:00
2019-10-04,10,277,5,11.916,84.89,0,0,2019-10-04 05:00:00
2019-10-04,10,277,6,11.722,86.24,0,0,2019-10-04 06:00:00
2019-10-04,10,277,7,11.334,88.3,0,0,2019-10-04 07:00:00
2019-10-04,10,277,8,10.944,89.49,0,0,2019-10-04 08:00:00
2019-10-04,10,277,9,10.748,90.81,0,0,2019-10-04 09:00:00
2019-10-04,10,277,10,12.11,90.87,0,0,2019-10-04 10:00:00
2019-10-04,10,277,11,14.517,84.01,0,0,2019-10-04 11:00:00
2019-10-04,10,277,12,16.618,72.45,0,0,2019-10-04 12:00:00
2019-10-04,10,277,13,17.855,65.67,0,0,2019-10-04 13:00:00
2019-10-04,10,277,14,16.713,70.54,0,0,2019-10-04 14:00:00
2019-10-04,10,277,15,16.046,73.85,0,0,2019-10-04 15:00:00
2019-10-04,10,277,16,14.996,77.6,0,0,2019-10-04 16:00:00
2019-10-04,10,277,17,14.325,80.26,0,0,2019-10-04 17:00:00
2019-10-04,10,277,18,13.75,84.44,0,0,2019-10-04 18:00:00
2019-10-04,10,277,19,12.98,90.2,1,0,2019-10-04 19:00:00
2019-10-04,10,277,20,12.69,93.28,2,0,2019-10-04 20:00:00
2019-10-04,10,277,21,12.497,95.19,3,0,2019-10-04 21:00:00
2019-10-04,10,277,22,12.304,95.17,3,0,2019-10-04 22:00:00
2019-10-04,10,277,23,12.304,96.27,3,0,2019-10-04 23:00:00
2019-10-05,10,278,0,12.207,97.47,2,0,2019-10-05 00:00:00
2019-10-05,10,278,1,12.013,97.45,2,0,2019-10-05 01:00:00
2019-10-05,10,278,2,11.236,97.38,2,0,2019-10-05 02:00:00
2019-10-05,10,278,3,11.041,97.36,2,0,2019-10-05 03:00:00
2019-10-05,10,278,4,10.944,98.69,2,0,2019-10-05 04:00:00
2019-10-05,10,278,5,10.357,98.63,1,0,2019-10-05 05:00:00
2019-10-05,10,278,6,10.259,98.62,2,0,2019-10-05 06:00:00
2019-10-05,10,278,7,9.965,98.59,0,0,2019-10-05 07:00:00
2019-10-05,10,278,8,10.063,98.6,0,0,2019-10-05 08:00:00
2019-10-05,10,278,9,10.161,100.0,0,0,2019-10-05 09:00:00
2019-10-05,10,278,10,10.651,100.0,0,0,2019-10-05 10:00:00
2019-10-05,10,278,11,10.651,100.0,0,0,2019-10-05 11:00:00
2019-10-05,10,278,12,11.041,100.0,0,0,2019-10-05 12:00:00
2019-10-05,10,278,13,10.846,98.68,0,0,2019-10-05 13:00:00
2019-10-05,10,278,14,10.846,98.68,0,0,2019-10-05 14:00:00
2019-10-05,10,278,15,10.651,98.66,0,0,2019-10-05 15:00:00
2019-10-05,10,278,16,10.846,98.68,0,0,2019-10-05 16:00:00
2019-10-05,10,278,17,9.965,98.59,0,0,2019-10-05 17:00:00
2019-10-05,10,278,18,10.063,98.6,0,0,2019-10-05 18:00:00
2019-10-05,10,278,19,9.768,98.57,0,0,2019-10-05 19:00:00
2019-10-05,10,278,20,9.768,98.57,1,0,2019-10-05 20:00:00
2019-10-05,10,278,21,9.669,100.0,2,0,2019-10-05 21:00:00
2019-10-05,10,278,22,9.571,100.0,1,0,2019-10-05 22:00:00
2019-10-05,10,278,23,9.571,100.0,0,0,2019-10-05 23:00:00
2019-10-06,10,279,0,9.571,100.0,0,0,2019-10-06 00:00:00
2019-10-06,10,279,1,9.472,100.0,0,0,2019-10-06 01:00:00
2019-10-06,10,279,2,9.373,100.0,0,0,2019-10-06 02:00:00
2019-10-06,10,279,3,8.779,99.98,0,0,2019-10-06 03:00:00
2019-10-06,10,279,4,8.68,99.96,0,0,2019-10-06 04:00:00
2019-10-06,10,279,5,8.481,99.94,0,0,2019-10-06 05:00:00
2019-10-06,10,279,6,8.481,99.94,0,0,2019-10-06 06:00:00
2019-10-06,10,279,7,8.481,99.94,0,0,2019-10-06 07:00:00
2019-10-06,10,279,8,8.581,99.95,0,0,2019-10-06 08:00:00
2019-10-06,10,279,9,9.571,100.0,0,0,2019-10-06 09:00:00
2019-10-06,10,279,10,10.846,100.0,0,0,2019-10-06 10:00:00
2019-10-06,10,279,11,11.916,100.0,0,0,2019-10-06 11:00:00
2019-10-06,10,279,12,12.98,100.0,0,0,2019-10-06 12:00:00
2019-10-06,10,279,13,14.613,99.07,0,0,2019-10-06 13:00:00
2019-10-06,10,279,14,14.421,91.71,0,0,2019-10-06 14:00:00
2019-10-06,10,279,15,17.189,76.7,0,0,2019-10-06 15:00:00
2019-10-06,10,279,16,15.951,72.7,0,0,2019-10-06 16:00:00
2019-10-06,10,279,17,14.325,79.42,0,0,2019-10-06 17:00:00
2019-10-06,10,279,18,13.846,81.84,0,0,2019-10-06 18:00:00
2019-10-06,10,279,19,13.461,84.04,0,0,2019-10-06 19:00:00
2019-10-06,10,279,20,12.69,87.23,0,0,2019-10-06 20:00:00
2019-10-06,10,279,21,12.11,89.52,0,0,2019-10-06 21:00:00
2019-10-06,10,279,22,12.013,90.86,0,0,2019-10-06 22:00:00
2019-10-06,10,279,23,12.11,91.6,0,0,2019-10-06 23:00:00
2019-10-07,10,280,0,11.916,92.38,0,0,2019-10-07 00:00:00
2019-10-07,10,280,1,11.528,92.36,0,0,2019-10-07 01:00:00
2019-10-07,10,280,2,10.455,92.3,0,0,2019-10-07 02:00:00
2019-10-07,10,280,3,9.768,93.1,0,0,2019-10-07 03:00:00
2019-10-07,10,280,4,9.275,93.96,0,0,2019-10-07 04:00:00
2019-10-07,10,280,5,8.581,94.88,0,0,2019-10-07 05:00:00
2019-10-07,10,280,6,8.382,94.87,0,0,2019-10-07 06:00:00
2019-10-07,10,280,7,8.082,95.9,0,0,2019-10-07 07:00:00
2019-10-07,10,280,8,7.983,95.89,0,0,2019-10-07 08:00:00
2019-10-07,10,280,9,8.581,94.88,0,0,2019-10-07 09:00:00
2019-10-07,10,280,10,10.944,85.78,0,0,2019-10-07 10:00:00
2019-10-07,10,280,11,14.421,75.14,0,0,2019-10-07 11:00:00
2019-10-07,10,280,12,17.95,63.75,0,0,2019-10-07 12:00:00
2019-10-07,10,280,13,20.519,53.45,0,0,2019-10-07 13:00:00
2019-10-07,10,280,14,20.329,48.02,0,0,2019-10-07 14:00:00
2019-10-07,10,280,15,23.677,37.32,0,0,2019-10-07 15:00:00
2019-10-07,10,280,16,23.966,37.78,0,0,2019-10-07 16:00:00
2019-10-07,10,280,17,23.388,44.78,0,0,2019-10-07 17:00:00
2019-10-07,10,280,18,25.513,42.96,0,0,2019-10-07 18:00:00
2019-10-07,10,280,19,24.351,41.04,0,0,2019-10-07 19:00:00
2019-10-07,10,280,20,18.14,60.44,0,0,2019-10-07 20:00:00
2019-10-07,10,280,21,16.523,64.96,0,0,2019-10-07 21:00:00
2019-10-07,10,280,22,15.569,68.87,0,0,2019-10-07 22:00:00
2019-10-07,10,280,23,14.996,73.98,0,0,2019-10-07 23:00:00
2019-10-08,10,281,0,14.325,77.2,0,0,2019-10-08 00:00:00
2019-10-08,10,281,1,13.846,80.59,0,0,2019-10-08 01:00:00
2019-10-08,10,281,2,13.269,81.23,0,0,2019-10-08 02:00:00
2019-10-08,10,281,3,12.883,83.29,0,0,2019-10-08 03:00:00
2019-10-08,10,281,4,12.401,83.68,0,0,2019-10-08 04:00:00
2019-10-08,10,281,5,12.11,84.89,0,0,2019-10-08 05:00:00
2019-10-08,10,281,6,11.819,86.23,0,0,2019-10-08 06:00:00
2019-10-08,10,281,7,11.431,87.22,0,0,2019-10-08 07:00:00
2019-10-08,10,281,8,11.431,86.72,0,0,2019-10-08 08:00:00
2019-10-08,10,281,9,12.207,80.4,0,0,2019-10-08 09:00:00
2019-10-08,10,281,10,14.804,65.48,0,0,2019-10-08 10:00:00
2019-10-08,10,281,11,18.045,60.4,0,0,2019-10-08 11:00:00
2019-10-08,10,281,12,21.378,51.53,0,0,2019-10-08 12:00:00
2019-10-08,10,281,13,22.812,47.7,0,0,2019-10-08 13:00:00
2019-10-08,10,281,14,23.484,48.15,0,0,2019-10-08 14:00:00
2019-10-08,10,281,15,26.0,41.29,0,0,2019-10-08 15:00:00
2019-10-08,10,281,16,26.488,38.57,0,0,2019-10-08 16:00:00
2019-10-08,10,281,17,25.125,44.15,0,0,2019-10-08 17:00:00
2019-10-08,10,281,18,26.488,40.88,0,0,2019-10-08 18:00:00
2019-10-08,10,281,19,22.238,47.57,0,0,2019-10-08 19:00:00
2019-10-08,10,281,20,19.662,54.63,0,0,2019-10-08 20:00:00
2019-10-08,10,281,21,18.711,62.72,1,0,2019-10-08 21:00:00
2019-10-08,10,281,22,18.236,63.93,0,0,2019-10-08 22:00:00
2019-10-08,10,281,23,17.284,67.68,0,0,2019-10-08 23:00:00
2019-10-09,10,282,0,16.618,71.11,0,0,2019-10-09 00:00:00
2019-10-09,10,282,1,16.332,71.01,0,0,2019-10-09 01:00:00
2019-10-09,10,282,2,15.664,73.06,0,0,2019-10-09 02:00:00
2019-10-09,10,282,3,15.282,74.66,0,0,2019-10-09 03:00:00
2019-10-09,10,282,4,14.9,77.84,0,0,2019-10-09 04:00:00
2019-10-09,10,282,5,14.613,76.52,0,0,2019-10-09 05:00:00
2019-10-09,10,282,6,14.709,77.86,0,0,2019-10-09 06:00:00
2019-10-09,10,282,7,14.517,77.88,0,0,2019-10-09 07:00:00
2019-10-09,10,282,8,14.613,78.11,0,0,2019-10-09 08:00:00
2019-10-09,10,282,9,15.091,77.59,0,0,2019-10-09 09:00:00
2019-10-09,10,282,10,17.094,71.77,0,0,2019-10-09 10:00:00
2019-10-09,10,282,11,20.138,60.49,0,0,2019-10-09 11:00:00
2019-10-09,10,282,12,21.951,50.65,0,0,2019-10-09 12:00:00
2019-10-09,10,282,13,23.196,46.8,0,0,2019-10-09 13:00:00
2019-10-09,10,282,14,24.545,43.3,0,0,2019-10-09 14:00:00
2019-10-09,10,282,15,26.879,38.89,0,0,2019-10-09 15:00:00
2019-10-09,10,282,16,24.738,43.67,0,0,2019-10-09 16:00:00
2019-10-09,10,282,17,23.966,47.81,0,0,2019-10-09 17:00:00
2019-10-09,10,282,18,23.869,50.95,0,0,2019-10-09 18:00:00
2019-10-09,10,282,19,23.196,52.85,0,0,2019-10-09 19:00:00
2019-10-09,10,282,20,21.091,59.18,0,0,2019-10-09 20:00:00
2019-10-09,10,282,21,20.424,62.35,0,0,2019-10-09 21:00:00
2019-10-09,10,282,22,19.662,63.71,0,0,2019-10-09 22:00:00
2019-10-09,10,282,23,18.901,69.4,0,0,2019-10-09 23:00:00
2019-10-10,10,283,0,18.236,72.88,0,0,2019-10-10 00:00:00
2019-10-10,10,283,1,17.76,74.94,0,0,2019-10-10 01:00:00
2019-10-10,10,283,2,17.284,75.4,0,0,2019-10-10 02:00:00
2019-10-10,10,283,3,16.903,75.04,0,0,2019-10-10 03:00:00
2019-10-10,10,283,4,16.808,76.74,0,0,2019-10-10 04:00:00
2019-10-10,10,283,5,16.427,78.2,0,0,2019-10-10 05:00:00
2019-10-10,10,283,6,16.141,79.57,0,0,2019-10-10 06:00:00
2019-10-10,10,283,7,16.141,79.57,0,0,2019-10-10 07:00:00
2019-10-10,10,283,8,16.141,80.14,0,0,2019-10-10 08:00:00
2019-10-10,10,283,9,16.713,80.72,0,0,2019-10-10 09:00:00
2019-10-10,10,283,10,18.996,70.75,0,0,2019-10-10 10:00:00
2019-10-10,10,283,11,22.046,61.1,0,0,2019-10-10 11:00:00
2019-10-10,10,283,12,24.158,53.52,0,0,2019-10-10 12:00:00
2019-10-10,10,283,13,25.513,46.59,0,0,2019-10-10 13:00:00
2019-10-10,10,283,14,26.585,44.32,0,0,2019-10-10 14:00:00
2019-10-10,10,283,15,28.258,38.0,0,0,2019-10-10 15:00:00
2019-10-10,10,283,16,28.555,38.54,0,0,2019-10-10 16:00:00
2019-10-10,10,283,17,27.665,42.0,0,0,2019-10-10 17:00:00
2019-10-10,10,283,18,26.488,45.14,0,0,2019-10-10 18:00:00
2019-10-10,10,283,19,24.255,52.23,0,0,2019-10-10 19:00:00
2019-10-10,10,283,20,22.525,58.11,0,0,2019-10-10 20:00:00
2019-10-10,10,283,21,21.951,61.34,0,0,2019-10-10 21:00:00
2019-10-10,10,283,22,21.282,60.7,0,0,2019-10-10 22:00:00
2019-10-10,10,283,23,20.805,62.34,0,0,2019-10-10 23:00:00
2019-10-11,10,284,0,20.329,63.49,0,0,2019-10-11 00:00:00
2019-10-11,10,284,1,20.138,66.41,0,0,2019-10-11 01:00:00
2019-10-11,10,284,2,19.567,65.33,0,0,2019-10-11 02:00:00
2019-10-11,10,284,3,19.282,67.32,0,0,2019-10-11 03:00:00
2019-10-11,10,284,4,18.806,70.21,0,0,2019-10-11 04:00:00
2019-10-11,10,284,5,18.521,69.46,0,0,2019-10-11 05:00:00
2019-10-11,10,284,6,18.14,70.74,0,0,2019-10-11 06:00:00
2019-10-11,10,284,7,18.045,70.33,0,0,2019-10-11 07:00:00
2019-10-11,10,284,8,18.331,69.12,0,0,2019-10-11 08:00:00
2019-10-11,10,284,9,18.426,69.23,0,0,2019-10-11 09:00:00
2019-10-11,10,284,10,20.615,63.68,0,0,2019-10-11 10:00:00
2019-10-11,10,284,11,23.869,53.83,0,0,2019-10-11 11:00:00
2019-10-11,10,284,12,26.488,43.2,0,0,2019-10-11 12:00:00
2019-10-11,10,284,13,27.862,40.76,0,0,2019-10-11 13:00:00
2019-10-11,10,284,14,29.152,35.1,0,0,2019-10-11 14:00:00
2019-10-11,10,284,15,28.456,33.54,0,0,2019-10-11 15:00:00
2019-10-11,10,284,16,28.159,39.67,0,0,2019-10-11 16:00:00
2019-10-11,10,284,17,30.558,33.7,0,0,2019-10-11 17:00:00
2019-10-11,10,284,18,29.752,38.39,0,0,2019-10-11 18:00:00
2019-10-11,10,284,19,26.097,47.51,0,0,2019-10-11 19:00:00
2019-10-11,10,284,20,24.255,52.66,0,0,2019-10-11 20:00:00
2019-10-11,10,284,21,23.388,54.8,0,0,2019-10-11 21:00:00
2019-10-11,10,284,22,22.717,58.73,0,0,2019-10-11 22:00:00
2019-10-11,10,284,23,21.855,60.92,0,0,2019-10-11 23:00:00
2019-10-12,10,285,0,21.473,59.34,0,0,2019-10-12 00:00:00
2019-10-12,10,285,1,20.615,62.46,0,0,2019-10-12 01:00:00
2019-10-12,10,285,2,20.043,63.8,0,0,2019-10-12 02:00:00
2019-10-12,10,285,3,19.662,63.55,0,0,2019-10-12 03:00:00
2019-10-12,10,285,4,19.377,63.94,1,0,2019-10-12 04:00:00
2019-10-12,10,285,5,18.806,64.4,0,0,2019-10-12 05:00:00
2019-10-12,10,285,6,18.711,64.77,0,0,2019-10-12 06:00:00
2019-10-12,10,285,7,18.426,64.92,0,0,2019-10-12 07:00:00
2019-10-12,10,285,8,18.426,63.41,0,0,2019-10-12 08:00:00
2019-10-12,10,285,9,19.377,58.09,0,0,2019-10-12 09:00:00
2019-10-12,10,285,10,21.569,52.54,0,0,2019-10-12 10:00:00
2019-10-12,10,285,11,24.545,47.24,0,0,2019-10-12 11:00:00
2019-10-12,10,285,12,27.665,36.21,0,0,2019-10-12 12:00:00
2019-10-12,10,285,13,28.853,28.0,0,0,2019-10-12 13:00:00
2019-10-12,10,285,14,29.853,26.86,0,0,2019-10-12 14:00:00
2019-10-12,10,285,15,31.88,25.09,0,0,2019-10-12 15:00:00
2019-10-12,10,285,16,33.326,23.12,0,0,2019-10-12 16:00:00
2019-10-12,10,285,17,32.394,29.83,0,0,2019-10-12 17:00:00
2019-10-12,10,285,18,31.778,32.35,0,0,2019-10-12 18:00:00
2019-10-12,10,285,19,29.053,40.52,0,0,2019-10-12 19:00:00
2019-10-12,10,285,20,26.0,50.22,0,0,2019-10-12 20:00:00
2019-10-12,10,285,21,24.738,54.9,0,0,2019-10-12 21:00:00
2019-10-12,10,285,22,23.677,58.32,0,0,2019-10-12 22:00:00
2019-10-12,10,285,23,22.908,61.05,0,0,2019-10-12 23:00:00
2019-10-13,10,286,0,22.238,62.67,0,0,2019-10-13 00:00:00
2019-10-13,10,286,1,21.76,65.09,0,0,2019-10-13 01:00:00
2019-10-13,10,286,2,21.091,67.33,0,0,2019-10-13 02:00:00
2019-10-13,10,286,3,20.615,69.66,0,0,2019-10-13 03:00:00
2019-10-13,10,286,4,20.234,70.85,0,0,2019-10-13 04:00:00
2019-10-13,10,286,5,20.138,70.01,0,0,2019-10-13 05:00:00
2019-10-13,10,286,6,19.758,71.38,1,0,2019-10-13 06:00:00
2019-10-13,10,286,7,19.567,70.81,0,0,2019-10-13 07:00:00
2019-10-13,10,286,8,19.758,73.38,0,0,2019-10-13 08:00:00
2019-10-13,10,286,9,21.187,72.48,0,0,2019-10-13 09:00:00
2019-10-13,10,286,10,23.004,65.66,0,0,2019-10-13 10:00:00
2019-10-13,10,286,11,25.028,57.87,0,0,2019-10-13 11:00:00
2019-10-13,10,286,12,26.292,55.76,0,0,2019-10-13 12:00:00
2019-10-13,10,286,13,27.075,51.69,0,0,2019-10-13 13:00:00
2019-10-13,10,286,14,25.805,59.19,0,0,2019-10-13 14:00:00
2019-10-13,10,286,15,26.0,60.22,0,0,2019-10-13 15:00:00
2019-10-13,10,286,16,24.255,74.2,0,0,2019-10-13 16:00:00
2019-10-13,10,286,17,22.429,77.43,0,0,2019-10-13 17:00:00
2019-10-13,10,286,18,18.711,90.4,0,0,2019-10-13 18:00:00
2019-10-13,10,286,19,18.521,94.61,1,0,2019-10-13 19:00:00
2019-10-13,10,286,20,18.045,96.76,3,0,2019-10-13 20:00:00
2019-10-13,10,286,21,18.14,98.03,3,0,2019-10-13 21:00:00
2019-10-13,10,286,22,17.95,98.01,3,0,2019-10-13 22:00:00
2019-10-13,10,286,23,17.95,99.4,3,0,2019-10-13 23:00:00
2019-10-14,10,287,0,18.045,99.41,3,0,2019-10-14 00:00:00
2019-10-14,10,287,1,17.76,99.38,3,0,2019-10-14 01:00:00
2019-10-14,10,287,2,16.332,99.24,2,0,2019-10-14 02:00:00
2019-10-14,10,287,3,16.046,100.0,0,0,2019-10-14 03:00:00
2019-10-14,10,287,4,15.76,100.0,2,1,2019-10-14 04:00:00
2019-10-14,10,287,5,15.664,100.0,0,0,2019-10-14 05:00:00
2019-10-14,10,287,6,15.855,100.0,0,0,2019-10-14 06:00:00
2019-10-14,10,287,7,15.76,100.0,0,0,2019-10-14 07:00:00
2019-10-14,10,287,8,15.951,100.0,0,0,2019-10-14 08:00:00
2019-10-14,10,287,9,15.473,100.0,0,0,2019-10-14 09:00:00
2019-10-14,10,287,10,14.9,100.0,0,0,2019-10-14 10:00:00
2019-10-14,10,287,11,14.709,100.0,0,0,2019-10-14 11:00:00
2019-10-14,10,287,12,14.325,100.0,0,0,2019-10-14 12:00:00
2019-10-14,10,287,13,14.517,100.0,0,0,2019-10-14 13:00:00
2019-10-14,10,287,14,14.038,100.0,0,0,2019-10-14 14:00:00
2019-10-14,10,287,15,13.558,100.0,0,0,2019-10-14 15:00:00
2019-10-14,10,287,16,13.076,100.0,0,0,2019-10-14 16:00:00
2019-10-14,10,287,17,12.98,100.0,0,0,2019-10-14 17:00:00
2019-10-14,10,287,18,12.787,100.0,0,2,2019-10-14 18:00:00
2019-10-14,10,287,19,12.98,100.0,0,2,2019-10-14 19:00:00
2019-10-14,10,287,20,12.787,100.0,2,2,2019-10-14 20:00:00
2019-10-14,10,287,21,12.883,100.0,0,3,2019-10-14 21:00:00
2019-10-14,10,287,22,12.69,100.0,0,3,2019-10-14 22:00:00
2019-10-14,10,287,23,12.401,100.0,0,2,2019-10-14 23:00:00
2019-10-15,10,288,0,12.401,100.0,0,3,2019-10-15 00:00:00
2019-10-15,10,288,1,11.334,100.0,0,2,2019-10-15 01:00:00
2019-10-15,10,288,2,9.866,100.0,0,2,2019-10-15 02:00:00
2019-10-15,10,288,3,9.373,100.0,0,2,2019-10-15 03:00:00
2019-10-15,10,288,4,9.077,100.0,0,2,2019-10-15 04:00:00
2019-10-15,10,288,5,8.581,100.0,0,0,2019-10-15 05:00:00
2019-10-15,10,288,6,8.481,100.0,0,0,2019-10-15 06:00:00
2019-10-15,10,288,7,8.779,100.0,0,0,2019-10-15 07:00:00
2019-10-15,10,288,8,8.581,100.0,0,0,2019-10-15 08:00:00
2019-10-15,10,288,9,8.879,100.0,0,0,2019-10-15 09:00:00
2019-10-15,10,288,10,9.965,100.0,0,0,2019-10-15 10:00:00
2019-10-15,10,288,11,10.357,100.0,0,0,2019-10-15 11:00:00
2019-10-15,10,288,12,10.748,100.0,0,0,2019-10-15 12:00:00
2019-10-15,10,288,13,10.651,100.0,0,0,2019-10-15 13:00:00
2019-10-15,10,288,14,10.553,100.0,0,0,2019-10-15 14:00:00
2019-10-15,10,288,15,10.063,100.0,0,0,2019-10-15 15:00:00
2019-10-15,10,288,16,10.553,100.0,0,0,2019-10-15 16:00:00
2019-10-15,10,288,17,10.553,100.0,0,0,2019-10-15 17:00:00
2019-10-15,10,288,18,10.651,100.0,0,0,2019-10-15 18:00:00
2019-10-15,10,288,19,10.259,100.0,0,0,2019-10-15 19:00:00
2019-10-15,10,288,20,9.965,100.0,1,1,2019-10-15 20:00:00
2019-10-15,10,288,21,9.669,100.0,1,1,2019-10-15 21:00:00
2019-10-15,10,288,22,9.472,100.0,1,0,2019-10-15 22:00:00
2019-10-15,10,288,23,9.077,100.0,1,0,2019-10-15 23:00:00
2019-10-16,10,289,0,8.779,100.0,0,0,2019-10-16 00:00:00
2019-10-16,10,289,1,8.282,100.0,0,0,2019-10-16 01:00:00
2019-10-16,10,289,2,8.282,100.0,0,0,2019-10-16 02:00:00
2019-10-16,10,289,3,8.082,100.0,0,0,2019-10-16 03:00:00
2019-10-16,10,289,4,8.182,100.0,0,0,2019-10-16 04:00:00
2019-10-16,10,289,5,7.882,100.0,0,0,2019-10-16 05:00:00
2019-10-16,10,289,6,7.682,100.0,0,0,2019-10-16 06:00:00
2019-10-16,10,289,7,7.682,100.0,0,0,2019-10-16 07:00:00
2019-10-16,10,289,8,7.381,100.0,0,0,2019-10-16 08:00:00
2019-10-16,10,289,9,7.481,100.0,0,0,2019-10-16 09:00:00
2019-10-16,10,289,10,7.682,100.0,0,0,2019-10-16 10:00:00
2019-10-16,10,289,11,8.182,100.0,0,0,2019-10-16 11:00:00
2019-10-16,10,289,12,9.077,100.0,0,0,2019-10-16 12:00:00
2019-10-16,10,289,13,9.373,100.0,0,0,2019-10-16 13:00:00
2019-10-16,10,289,14,10.357,100.0,0,0,2019-10-16 14:00:00
2019-10-16,10,289,15,10.651,100.0,0,0,2019-10-16 15:00:00
2019-10-16,10,289,16,10.063,100.0,0,0,2019-10-16 16:00:00
2019-10-16,10,289,17,9.768,100.0,0,0,2019-10-16 17:00:00
2019-10-16,10,289,18,9.768,100.0,0,0,2019-10-16 18:00:00
2019-10-16,10,289,19,9.275,100.0,0,0,2019-10-16 19:00:00
2019-10-16,10,289,20,9.176,100.0,0,0,2019-10-16 20:00:00
2019-10-16,10,289,21,8.879,100.0,0,0,2019-10-16 21:00:00
2019-10-16,10,289,22,8.978,100.0,1,0,2019-10-16 22:00:00
2019-10-16,10,289,23,8.978,100.0,0,0,2019-10-16 23:00:00
2019-10-17,10,290,0,8.879,100.0,0,0,2019-10-17 00:00:00
2019-10-17,10,290,1,9.176,100.0,1,0,2019-10-17 01:00:00
2019-10-17,10,290,2,9.275,100.0,0,0,2019-10-17 02:00:00
2019-10-17,10,290,3,9.275,100.0,0,0,2019-10-17 03:00:00
2019-10-17,10,290,4,9.373,100.0,0,0,2019-10-17 04:00:00
2019-10-17,10,290,5,9.373,100.0,0,0,2019-10-17 05:00:00
2019-10-17,10,290,6,9.275,100.0,0,0,2019-10-17 06:00:00
2019-10-17,10,290,7,9.275,100.0,0,0,2019-10-17 07:00:00
2019-10-17,10,290,8,9.373,100.0,0,0,2019-10-17 08:00:00
2019-10-17,10,290,9,9.571,100.0,0,0,2019-10-17 09:00:00
2019-10-17,10,290,10,10.161,100.0,0,0,2019-10-17 10:00:00
2019-10-17,10,290,11,10.944,100.0,0,0,2019-10-17 11:00:00
2019-10-17,10,290,12,11.625,100.0,0,0,2019-10-17 12:00:00
2019-10-17,10,290,13,12.69,100.0,0,0,2019-10-17 13:00:00
2019-10-17,10,290,14,13.173,100.0,0,0,2019-10-17 14:00:00
2019-10-17,10,290,15,12.594,100.0,0,0,2019-10-17 15:00:00
2019-10-17,10,290,16,12.013,100.0,0,0,2019-10-17 16:00:00
2019-10-17,10,290,17,11.819,100.0,0,0,2019-10-17 17:00:00
2019-10-17,10,290,18,11.722,100.0,0,0,2019-10-17 18:00:00
2019-10-17,10,290,19,11.334,100.0,0,0,2019-10-17 19:00:00
2019-10-17,10,290,20,11.139,100.0,2,0,2019-10-17 20:00:00
2019-10-17,10,290,21,11.041,100.0,0,0,2019-10-17 21:00:00
2019-10-17,10,290,22,10.944,100.0,1,0,2019-10-17 22:00:00
2019-10-17,10,290,23,10.748,100.0,1,0,2019-10-17 23:00:00
2019-10-18,10,291,0,10.748,100.0,0,0,2019-10-18 00:00:00
2019-10-18,10,291,1,10.846,100.0,0,0,2019-10-18 01:00:00
2019-10-18,10,291,2,10.944,100.0,0,0,2019-10-18 02:00:00
2019-10-18,10,291,3,10.944,100.0,0,0,2019-10-18 03:00:00
2019-10-18,10,291,4,10.944,100.0,0,0,2019-10-18 04:00:00
2019-10-18,10,291,5,10.944,100.0,0,0,2019-10-18 05:00:00
2019-10-18,10,291,6,10.846,100.0,0,0,2019-10-18 06:00:00
2019-10-18,10,291,7,10.748,100.0,0,0,2019-10-18 07:00:00
2019-10-18,10,291,8,10.748,100.0,0,0,2019-10-18 08:00:00
2019-10-18,10,291,9,11.041,100.0,0,0,2019-10-18 09:00:00
2019-10-18,10,291,10,11.334,100.0,0,0,2019-10-18 10:00:00
2019-10-18,10,291,11,11.916,100.0,0,0,2019-10-18 11:00:00
2019-10-18,10,291,12,12.401,100.0,0,0,2019-10-18 12:00:00
2019-10-18,10,291,13,12.883,100.0,0,0,2019-10-18 13:00:00
2019-10-18,10,291,14,13.076,100.0,0,0,2019-10-18 14:00:00
2019-10-18,10,291,15,12.594,100.0,0,0,2019-10-18 15:00:00
2019-10-18,10,291,16,12.11,100.0,0,0,2019-10-18 16:00:00
2019-10-18,10,291,17,11.334,100.0,0,0,2019-10-18 17:00:00
2019-10-18,10,291,18,11.334,100.0,0,0,2019-10-18 18:00:00
2019-10-18,10,291,19,11.334,100.0,0,0,2019-10-18 19:00:00
2019-10-18,10,291,20,11.236,100.0,0,0,2019-10-18 20:00:00
2019-10-18,10,291,21,11.139,100.0,2,0,2019-10-18 21:00:00
2019-10-18,10,291,22,11.139,100.0,2,0,2019-10-18 22:00:00
2019-10-18,10,291,23,11.139,100.0,2,0,2019-10-18 23:00:00
2019-10-19,10,292,0,11.041,100.0,1,1,2019-10-19 00:00:00
2019-10-19,10,292,1,11.041,100.0,1,1,2019-10-19 01:00:00
2019-10-19,10,292,2,10.944,100.0,0,0,2019-10-19 02:00:00
2019-10-19,10,292,3,10.944,100.0,0,0,2019-10-19 03:00:00
2019-10-19,10,292,4,10.944,100.0,0,0,2019-10-19 04:00:00
2019-10-19,10,292,5,10.944,100.0,0,0,2019-10-19 05:00:00
2019-10-19,10,292,6,10.944,100.0,0,0,2019-10-19 06:00:00
2019-10-19,10,292,7,11.041,100.0,0,0,2019-10-19 07:00:00
2019-10-19,10,292,8,11.139,100.0,0,0,2019-10-19 08:00:00
2019-10-19,10,292,9,11.334,100.0,0,0,2019-10-19 09:00:00
2019-10-19,10,292,10,11.528,100.0,0,0,2019-10-19 10:00:00
2019-10-19,10,292,11,12.11,100.0,0,0,2019-10-19 11:00:00
2019-10-19,10,292,12,12.304,100.0,0,0,2019-10-19 12:00:00
2019-10-19,10,292,13,12.497,100.0,0,0,2019-10-19 13:00:00
2019-10-19,10,292,14,12.401,100.0,0,0,2019-10-19 14:00:00
2019-10-19,10,292,15,12.304,100.0,0,0,2019-10-19 15:00:00
2019-10-19,10,292,16,12.497,100.0,0,0,2019-10-19 16:00:00
2019-10-19,10,292,17,12.207,100.0,0,0,2019-10-19 17:00:00
2019-10-19,10,292,18,12.207,100.0,0,0,2019-10-19 18:00:00
2019-10-19,10,292,19,11.916,100.0,0,1,2019-10-19 19:00:00
2019-10-19,10,292,20,11.819,100.0,1,0,2019-10-19 20:00:00
2019-10-19,10,292,21,11.528,100.0,3,2,2019-10-19 21:00:00
2019-10-19,10,292,22,11.334,100.0,2,2,2019-10-19 22:00:00
2019-10-19,10,292,23,11.139,100.0,2,0,2019-10-19 23:00:00
2019-10-20,10,293,0,11.041,100.0,2,1,2019-10-20 00:00:00
2019-10-20,10,293,1,10.553,100.0,0,0,2019-10-20 01:00:00
2019-10-20,10,293,2,10.357,100.0,0,0,2019-10-20 02:00:00
2019-10-20,10,293,3,10.651,100.0,0,0,2019-10-20 03:00:00
2019-10-20,10,293,4,10.748,100.0,0,0,2019-10-20 04:00:00
2019-10-20,10,293,5,10.846,100.0,0,0,2019-10-20 05:00:00
2019-10-20,10,293,6,11.041,100.0,0,0,2019-10-20 06:00:00
2019-10-20,10,293,7,11.041,100.0,0,0,2019-10-20 07:00:00
2019-10-20,10,293,8,11.139,100.0,0,0,2019-10-20 08:00:00
2019-10-20,10,293,9,11.431,100.0,0,0,2019-10-20 09:00:00
2019-10-20,10,293,10,11.819,100.0,0,0,2019-10-20 10:00:00
2019-10-20,10,293,11,12.207,100.0,0,0,2019-10-20 11:00:00
2019-10-20,10,293,12,12.497,100.0,0,0,2019-10-20 12:00:00
2019-10-20,10,293,13,12.98,100.0,0,0,2019-10-20 13:00:00
2019-10-20,10,293,14,13.173,100.0,0,0,2019-10-20 14:00:00
2019-10-20,10,293,15,13.076,100.0,0,0,2019-10-20 15:00:00
2019-10-20,10,293,16,13.558,100.0,0,0,2019-10-20 16:00:00
2019-10-20,10,293,17,13.558,100.0,0,0,2019-10-20 17:00:00
2019-10-20,10,293,18,13.173,100.0,0,0,2019-10-20 18:00:00
2019-10-20,10,293,19,13.076,100.0,0,2,2019-10-20 19:00:00
2019-10-20,10,293,20,12.787,100.0,2,2,2019-10-20 20:00:00
2019-10-20,10,293,21,12.883,100.0,2,2,2019-10-20 21:00:00
2019-10-20,10,293,22,12.787,100.0,2,2,2019-10-20 22:00:00
2019-10-20,10,293,23,12.594,100.0,2,2,2019-10-20 23:00:00
2019-10-21,10,294,0,12.497,100.0,0,0,2019-10-21 00:00:00
2019-10-21,10,294,1,12.497,100.0,0,2,2019-10-21 01:00:00
2019-10-21,10,294,2,12.497,100.0,0,0,2019-10-21 02:00:00
2019-10-21,10,294,3,12.401,100.0,0,2,2019-10-21 03:00:00
2019-10-21,10,294,4,12.304,100.0,0,2,2019-10-21 04:00:00
2019-10-21,10,294,5,12.401,100.0,0,2,2019-10-21 05:00:00
2019-10-21,10,294,6,11.916,100.0,0,2,2019-10-21 06:00:00
2019-10-21,10,294,7,11.334,100.0,0,0,2019-10-21 07:00:00
2019-10-21,10,294,8,11.236,100.0,0,0,2019-10-21 08:00:00
2019-10-21,10,294,9,11.236,100.0,0,0,2019-10-21 09:00:00
2019-10-21,10,294,10,11.431,100.0,0,0,2019-10-21 10:00:00
2019-10-21,10,294,11,12.11,100.0,0,0,2019-10-21 11:00:00
2019-10-21,10,294,12,14.23,100.0,0,0,2019-10-21 12:00:00
2019-10-21,10,294,13,15.855,89.62,0,0,2019-10-21 13:00:00
2019-10-21,10,294,14,17.094,68.73,0,0,2019-10-21 14:00:00
2019-10-21,10,294,15,19.187,57.03,0,0,2019-10-21 15:00:00
2019-10-21,10,294,16,19.758,55.33,0,0,2019-10-21 16:00:00
2019-10-21,10,294,17,20.234,50.73,0,0,2019-10-21 17:00:00
2019-10-21,10,294,18,22.429,40.44,0,0,2019-10-21 18:00:00
2019-10-21,10,294,19,19.758,42.23,0,0,2019-10-21 19:00:00
2019-10-21,10,294,20,15.569,55.4,0,1,2019-10-21 20:00:00
2019-10-21,10,294,21,13.942,75.77,0,0,2019-10-21 21:00:00
2019-10-21,10,294,22,13.75,70.88,0,0,2019-10-21 22:00:00
2019-10-21,10,294,23,13.076,76.89,0,0,2019-10-21 23:00:00
2019-10-22,10,295,0,12.594,78.29,1,0,2019-10-22 00:00:00
2019-10-22,10,295,1,12.013,77.42,0,0,2019-10-22 01:00:00
2019-10-22,10,295,2,11.625,78.14,0,0,2019-10-22 02:00:00
2019-10-22,10,295,3,11.139,79.4,0,0,2019-10-22 03:00:00
2019-10-22,10,295,4,10.651,81.08,0,0,2019-10-22 04:00:00
2019-10-22,10,295,5,10.259,82.68,0,0,2019-10-22 05:00:00
2019-10-22,10,295,6,9.965,82.69,0,0,2019-10-22 06:00:00
2019-10-22,10,295,7,9.768,82.37,0,0,2019-10-22 07:00:00
2019-10-22,10,295,8,9.866,81.13,0,0,2019-10-22 08:00:00
2019-10-22,10,295,9,10.553,83.37,0,0,2019-10-22 09:00:00
2019-10-22,10,295,10,12.883,72.82,0,0,2019-10-22 10:00:00
2019-10-22,10,295,11,16.046,67.08,0,0,2019-10-22 11:00:00
2019-10-22,10,295,12,17.475,59.29,0,0,2019-10-22 12:00:00
2019-10-22,10,295,13,18.901,55.01,0,0,2019-10-22 13:00:00
2019-10-22,10,295,14,19.472,51.53,0,0,2019-10-22 14:00:00
2019-10-22,10,295,15,20.996,49.17,0,0,2019-10-22 15:00:00
2019-10-22,10,295,16,20.519,50.61,0,0,2019-10-22 16:00:00
2019-10-22,10,295,17,19.567,58.66,0,0,2019-10-22 17:00:00
2019-10-22,10,295,18,18.806,61.61,0,0,2019-10-22 18:00:00
2019-10-22,10,295,19,17.95,70.21,0,0,2019-10-22 19:00:00
2019-10-22,10,295,20,16.999,74.27,0,0,2019-10-22 20:00:00
2019-10-22,10,295,21,16.808,71.51,0,0,2019-10-22 21:00:00
2019-10-22,10,295,22,16.427,73.98,0,0,2019-10-22 22:00:00
2019-10-22,10,295,23,16.237,76.14,0,0,2019-10-22 23:00:00
2019-10-23,10,296,0,15.951,77.28,0,1,2019-10-23 00:00:00
2019-10-23,10,296,1,15.664,77.78,0,0,2019-10-23 01:00:00
2019-10-23,10,296,2,15.282,78.55,0,0,2019-10-23 02:00:00
2019-10-23,10,296,3,14.996,79.1,0,0,2019-10-23 03:00:00
2019-10-23,10,296,4,14.325,81.82,0,0,2019-10-23 04:00:00
2019-10-23,10,296,5,13.942,85.29,0,0,2019-10-23 05:00:00
2019-10-23,10,296,6,14.421,81.17,0,0,2019-10-23 06:00:00
2019-10-23,10,296,7,14.134,82.52,0,0,2019-10-23 07:00:00
2019-10-23,10,296,8,14.325,84.42,0,0,2019-10-23 08:00:00
2019-10-23,10,296,9,14.996,85.28,0,0,2019-10-23 09:00:00
2019-10-23,10,296,10,15.855,74.41,0,0,2019-10-23 10:00:00
2019-10-23,10,296,11,17.475,71.86,0,0,2019-10-23 11:00:00
2019-10-23,10,296,12,18.331,70.99,0,0,2019-10-23 12:00:00
2019-10-23,10,296,13,18.616,67.22,0,0,2019-10-23 13:00:00
2019-10-23,10,296,14,18.806,67.08,0,0,2019-10-23 14:00:00
2019-10-23,10,296,15,18.331,68.28,0,0,2019-10-23 15:00:00
2019-10-23,10,296,16,18.14,70.32,0,0,2019-10-23 16:00:00
2019-10-23,10,296,17,18.236,70.72,0,0,2019-10-23 17:00:00
2019-10-23,10,296,18,18.045,73.07,0,0,2019-10-23 18:00:00
2019-10-23,10,296,19,17.094,73.89,0,0,2019-10-23 19:00:00
2019-10-23,10,296,20,16.713,74.87,0,0,2019-10-23 20:00:00
2019-10-23,10,296,21,16.237,77.25,0,1,2019-10-23 21:00:00
2019-10-23,10,296,22,15.951,78.76,0,2,2019-10-23 22:00:00
2019-10-23,10,296,23,15.473,81.43,0,0,2019-10-23 23:00:00
2019-10-24,10,297,0,15.378,79.9,0,0,2019-10-24 00:00:00
2019-10-24,10,297,1,14.996,82.48,0,0,2019-10-24 01:00:00
2019-10-24,10,297,2,14.804,84.41,0,0,2019-10-24 02:00:00
2019-10-24,10,297,3,14.421,84.01,0,0,2019-10-24 03:00:00
2019-10-24,10,297,4,14.613,82.86,1,0,2019-10-24 04:00:00
2019-10-24,10,297,5,14.517,80.55,0,0,2019-10-24 05:00:00
2019-10-24,10,297,6,14.038,84.85,0,0,2019-10-24 06:00:00
2019-10-24,10,297,7,13.461,85.3,0,0,2019-10-24 07:00:00
2019-10-24,10,297,8,13.173,85.31,0,0,2019-10-24 08:00:00
2019-10-24,10,297,9,13.846,84.44,0,0,2019-10-24 09:00:00
2019-10-24,10,297,10,15.76,78.78,0,0,2019-10-24 10:00:00
2019-10-24,10,297,11,18.426,69.23,0,0,2019-10-24 11:00:00
2019-10-24,10,297,12,20.138,61.38,0,0,2019-10-24 12:00:00
2019-10-24,10,297,13,20.234,58.78,0,0,2019-10-24 13:00:00
2019-10-24,10,297,14,20.424,60.69,0,0,2019-10-24 14:00:00
2019-10-24,10,297,15,20.043,63.97,0,0,2019-10-24 15:00:00
2019-10-24,10,297,16,19.377,67.41,0,0,2019-10-24 16:00:00
2019-10-24,10,297,17,19.567,68.3,0,0,2019-10-24 17:00:00
2019-10-24,10,297,18,19.282,70.28,0,0,2019-10-24 18:00:00
2019-10-24,10,297,19,18.521,73.72,0,0,2019-10-24 19:00:00
2019-10-24,10,297,20,17.95,75.33,0,2,2019-10-24 20:00:00
2019-10-24,10,297,21,17.855,75.13,1,0,2019-10-24 21:00:00
2019-10-24,10,297,22,17.475,76.9,0,0,2019-10-24 22:00:00
2019-10-24,10,297,23,17.189,78.14,0,0,2019-10-24 23:00:00
2019-10-25,10,298,0,17.189,78.4,0,1,2019-10-25 00:00:00
2019-10-25,10,298,1,17.284,77.39,1,0,2019-10-25 01:00:00
2019-10-25,10,298,2,17.284,77.63,2,0,2019-10-25 02:00:00
2019-10-25,10,298,3,16.808,75.25,0,0,2019-10-25 03:00:00
2019-10-25,10,298,4,16.332,77.72,0,0,2019-10-25 04:00:00
2019-10-25,10,298,5,15.76,82.45,0,0,2019-10-25 05:00:00
2019-10-25,10,298,6,15.378,83.2,0,0,2019-10-25 06:00:00
2019-10-25,10,298,7,15.664,83.98,0,0,2019-10-25 07:00:00
2019-10-25,10,298,8,16.046,83.97,0,0,2019-10-25 08:00:00
2019-10-25,10,298,9,17.094,81.02,0,0,2019-10-25 09:00:00
2019-10-25,10,298,10,17.95,74.53,0,0,2019-10-25 10:00:00
2019-10-25,10,298,11,20.329,67.93,0,0,2019-10-25 11:00:00
2019-10-25,10,298,12,22.142,59.56,0,0,2019-10-25 12:00:00
2019-10-25,10,298,13,23.004,55.95,0,0,2019-10-25 13:00:00
2019-10-25,10,298,14,23.773,55.05,0,0,2019-10-25 14:00:00
2019-10-25,10,298,15,24.738,52.14,0,0,2019-10-25 15:00:00
2019-10-25,10,298,16,24.931,47.87,0,0,2019-10-25 16:00:00
2019-10-25,10,298,17,25.61,47.34,0,0,2019-10-25 17:00:00
2019-10-25,10,298,18,23.773,48.38,0,0,2019-10-25 18:00:00
2019-10-25,10,298,19,22.238,58.6,0,0,2019-10-25 19:00:00
2019-10-25,10,298,20,20.901,61.79,0,2,2019-10-25 20:00:00
2019-10-25,10,298,21,20.71,60.83,2,2,2019-10-25 21:00:00
2019-10-25,10,298,22,19.948,65.84,0,1,2019-10-25 22:00:00
2019-10-25,10,298,23,19.472,67.39,0,0,2019-10-25 23:00:00
2019-10-26,10,299,0,19.187,68.24,0,0,2019-10-26 00:00:00
2019-10-26,10,299,1,18.901,71.05,0,0,2019-10-26 01:00:00
2019-10-26,10,299,2,17.95,74.73,0,0,2019-10-26 02:00:00
2019-10-26,10,299,3,17.475,76.22,0,0,2019-10-26 03:00:00
2019-10-26,10,299,4,16.999,79.5,0,0,2019-10-26 04:00:00
2019-10-26,10,299,5,16.332,81.72,0,0,2019-10-26 05:00:00
2019-10-26,10,299,6,16.237,83.17,0,0,2019-10-26 06:00:00
2019-10-26,10,299,7,15.855,85.27,0,0,2019-10-26 07:00:00
2019-10-26,10,299,8,16.332,84.38,0,0,2019-10-26 08:00:00
2019-10-26,10,299,9,16.999,81.69,0,0,2019-10-26 09:00:00
2019-10-26,10,299,10,19.187,73.1,0,0,2019-10-26 10:00:00
2019-10-26,10,299,11,22.238,66.34,0,0,2019-10-26 11:00:00
2019-10-26,10,299,12,23.966,59.47,0,0,2019-10-26 12:00:00
2019-10-26,10,299,13,25.319,56.01,0,0,2019-10-26 13:00:00
2019-10-26,10,299,14,27.272,49.52,0,0,2019-10-26 14:00:00
2019-10-26,10,299,15,28.655,47.01,0,0,2019-10-26 15:00:00
2019-10-26,10,299,16,29.053,47.91,0,0,2019-10-26 16:00:00
2019-10-26,10,299,17,27.961,52.21,0,0,2019-10-26 17:00:00
2019-10-26,10,299,18,30.356,47.3,0,0,2019-10-26 18:00:00
2019-10-26,10,299,19,25.902,59.51,0,0,2019-10-26 19:00:00
2019-10-26,10,299,20,23.869,66.72,0,2,2019-10-26 20:00:00
2019-10-26,10,299,21,23.581,67.73,0,2,2019-10-26 21:00:00
2019-10-26,10,299,22,22.621,71.95,0,2,2019-10-26 22:00:00
2019-10-26,10,299,23,22.046,74.25,0,2,2019-10-26 23:00:00
2019-10-27,10,300,0,21.282,77.27,0,2,2019-10-27 00:00:00
2019-10-27,10,300,1,21.091,76.79,0,2,2019-10-27 01:00:00
2019-10-27,10,300,2,20.615,77.85,0,2,2019-10-27 02:00:00
2019-10-27,10,300,3,20.138,77.63,0,0,2019-10-27 03:00:00
2019-10-27,10,300,4,19.662,77.93,0,0,2019-10-27 04:00:00
2019-10-27,10,300,5,19.377,80.56,0,1,2019-10-27 05:00:00
2019-10-27,10,300,6,18.711,83.08,0,0,2019-10-27 06:00:00
2019-10-27,10,300,7,18.331,83.91,0,0,2019-10-27 07:00:00
2019-10-27,10,300,8,18.045,85.71,0,0,2019-10-27 08:00:00
2019-10-27,10,300,9,18.711,74.25,0,0,2019-10-27 09:00:00
2019-10-27,10,300,10,21.473,65.44,0,0,2019-10-27 10:00:00
2019-10-27,10,300,11,24.835,58.48,0,0,2019-10-27 11:00:00
2019-10-27,10,300,12,27.961,47.45,0,0,2019-10-27 12:00:00
2019-10-27,10,300,13,31.88,25.09,0,0,2019-10-27 13:00:00
2019-10-27,10,300,14,30.862,31.52,0,0,2019-10-27 14:00:00
2019-10-27,10,300,15,31.778,39.09,0,0,2019-10-27 15:00:00
2019-10-27,10,300,16,31.983,39.13,0,0,2019-10-27 16:00:00
2019-10-27,10,300,17,34.163,24.33,0,0,2019-10-27 17:00:00
2019-10-27,10,300,18,37.055,28.05,0,0,2019-10-27 18:00:00
2019-10-27,10,300,19,31.37,40.57,0,0,2019-10-27 19:00:00
2019-10-27,10,300,20,27.37,47.51,0,2,2019-10-27 20:00:00
2019-10-27,10,300,21,25.028,55.49,0,0,2019-10-27 21:00:00
2019-10-27,10,300,22,23.773,60.64,0,2,2019-10-27 22:00:00
2019-10-27,10,300,23,23.292,60.39,2,1,2019-10-27 23:00:00
2019-10-28,10,301,0,22.717,59.5,0,2,2019-10-28 00:00:00
2019-10-28,10,301,1,22.142,60.3,0,0,2019-10-28 01:00:00
2019-10-28,10,301,2,22.046,59.59,0,2,2019-10-28 02:00:00
2019-10-28,10,301,3,21.664,61.62,0,2,2019-10-28 03:00:00
2019-10-28,10,301,4,21.569,59.07,0,2,2019-10-28 04:00:00
2019-10-28,10,301,5,20.996,63.52,0,2,2019-10-28 05:00:00
2019-10-28,10,301,6,20.71,64.27,0,0,2019-10-28 06:00:00
2019-10-28,10,301,7,20.424,63.98,0,0,2019-10-28 07:00:00
2019-10-28,10,301,8,20.519,67.89,0,0,2019-10-28 08:00:00
2019-10-28,10,301,9,21.473,63.16,0,0,2019-10-28 09:00:00
2019-10-28,10,301,10,24.158,57.6,0,0,2019-10-28 10:00:00
2019-10-28,10,301,11,27.075,51.73,0,0,2019-10-28 11:00:00
2019-10-28,10,301,12,29.053,42.47,0,0,2019-10-28 12:00:00
2019-10-28,10,301,13,30.255,41.43,0,0,2019-10-28 13:00:00
2019-10-28,10,301,14,30.76,40.38,0,0,2019-10-28 14:00:00
2019-10-28,10,301,15,32.497,35.25,0,0,2019-10-28 15:00:00
2019-10-28,10,301,16,32.807,33.79,0,0,2019-10-28 16:00:00
2019-10-28,10,301,17,33.326,35.19,0,0,2019-10-28 17:00:00
2019-10-28,10,301,18,31.574,43.18,0,0,2019-10-28 18:00:00
2019-10-28,10,301,19,27.764,51.68,0,0,2019-10-28 19:00:00
2019-10-28,10,301,20,26.195,53.27,0,1,2019-10-28 20:00:00
2019-10-28,10,301,21,25.513,57.39,0,2,2019-10-28 21:00:00
2019-10-28,10,301,22,25.125,58.29,0,2,2019-10-28 22:00:00
2019-10-28,10,301,23,25.222,56.36,0,2,2019-10-28 23:00:00
2019-10-29,10,302,0,24.641,58.34,0,2,2019-10-29 00:00:00
2019-10-29,10,302,1,23.966,61.42,0,2,2019-10-29 01:00:00
2019-10-29,10,302,2,23.677,62.45,0,2,2019-10-29 02:00:00
2019-10-29,10,302,3,23.773,61.78,0,2,2019-10-29 03:00:00
2019-10-29,10,302,4,23.484,62.08,0,1,2019-10-29 04:00:00
2019-10-29,10,302,5,22.717,67.27,0,0,2019-10-29 05:00:00
2019-10-29,10,302,6,22.142,68.1,0,0,2019-10-29 06:00:00
2019-10-29,10,302,7,21.569,70.65,0,0,2019-10-29 07:00:00
2019-10-29,10,302,8,21.091,75.19,0,0,2019-10-29 08:00:00
2019-10-29,10,302,9,21.187,76.54,0,0,2019-10-29 09:00:00
2019-10-29,10,302,10,22.812,74.36,0,0,2019-10-29 10:00:00
2019-10-29,10,302,11,25.125,69.67,0,0,2019-10-29 11:00:00
2019-10-29,10,302,12,27.468,65.84,0,0,2019-10-29 12:00:00
2019-10-29,10,302,13,27.567,60.1,0,0,2019-10-29 13:00:00
2019-10-29,10,302,14,26.488,67.11,0,0,2019-10-29 14:00:00
2019-10-29,10,302,15,25.222,74.52,0,0,2019-10-29 15:00:00
2019-10-29,10,302,16,24.062,79.31,0,0,2019-10-29 16:00:00
2019-10-29,10,302,17,23.966,82.1,0,0,2019-10-29 17:00:00
2019-10-29,10,302,18,26.195,73.56,0,0,2019-10-29 18:00:00
2019-10-29,10,302,19,25.708,75.14,0,0,2019-10-29 19:00:00
2019-10-29,10,302,20,23.966,79.01,0,3,2019-10-29 20:00:00
2019-10-29,10,302,21,23.292,80.0,2,3,2019-10-29 21:00:00
2019-10-29,10,302,22,23.004,78.2,0,2,2019-10-29 22:00:00
2019-10-29,10,302,23,22.429,81.06,0,2,2019-10-29 23:00:00
2019-10-30,10,303,0,22.333,82.56,0,2,2019-10-30 00:00:00
2019-10-30,10,303,1,22.046,82.57,2,1,2019-10-30 01:00:00
2019-10-30,10,303,2,21.951,80.41,0,2,2019-10-30 02:00:00
2019-10-30,10,303,3,21.664,80.76,0,2,2019-10-30 03:00:00
2019-10-30,10,303,4,21.473,81.47,0,1,2019-10-30 04:00:00
2019-10-30,10,303,5,20.901,83.84,0,1,2019-10-30 05:00:00
2019-10-30,10,303,6,20.329,85.69,0,0,2019-10-30 06:00:00
2019-10-30,10,303,7,20.043,86.72,0,0,2019-10-30 07:00:00
2019-10-30,10,303,8,19.948,87.27,0,0,2019-10-30 08:00:00
2019-10-30,10,303,9,20.329,87.27,0,0,2019-10-30 09:00:00
2019-10-30,10,303,10,21.855,85.67,0,0,2019-10-30 10:00:00
2019-10-30,10,303,11,24.255,78.39,0,0,2019-10-30 11:00:00
2019-10-30,10,303,12,25.708,71.01,0,0,2019-10-30 12:00:00
2019-10-30,10,303,13,26.488,68.3,0,0,2019-10-30 13:00:00
2019-10-30,10,303,14,25.319,71.75,0,0,2019-10-30 14:00:00
2019-10-30,10,303,15,23.869,78.71,0,0,2019-10-30 15:00:00
2019-10-30,10,303,16,23.1,81.76,0,0,2019-10-30 16:00:00
2019-10-30,10,303,17,22.525,83.36,0,0,2019-10-30 17:00:00
2019-10-30,10,303,18,21.855,87.28,0,0,2019-10-30 18:00:00
2019-10-30,10,303,19,21.091,91.23,0,0,2019-10-30 19:00:00
2019-10-30,10,303,20,19.853,94.7,2,2,2019-10-30 20:00:00
2019-10-30,10,303,21,19.853,96.92,3,3,2019-10-30 21:00:00
2019-10-30,10,303,22,19.948,98.19,2,3,2019-10-30 22:00:00
2019-10-30,10,303,23,19.853,98.18,2,3,2019-10-30 23:00:00
2019-10-31,10,304,0,18.901,98.1,2,3,2019-10-31 00:00:00
2019-10-31,10,304,1,17.855,98.0,2,3,2019-10-31 01:00:00
2019-10-31,10,304,2,17.094,97.93,2,3,2019-10-31 02:00:00
2019-10-31,10,304,3,16.713,97.89,0,3,2019-10-31 03:00:00
2019-10-31,10,304,4,16.618,97.89,0,3,2019-10-31 04:00:00
2019-10-31,10,304,5,16.332,97.86,1,3,2019-10-31 05:00:00
2019-10-31,10,304,6,16.141,97.84,0,3,2019-10-31 06:00:00
2019-10-31,10,304,7,16.046,97.83,0,2,2019-10-31 07:00:00
2019-10-31,10,304,8,16.046,99.21,0,3,2019-10-31 08:00:00
2019-10-31,10,304,9,16.237,99.23,0,2,2019-10-31 09:00:00
2019-10-31,10,304,10,16.999,99.3,0,2,2019-10-31 10:00:00
2019-10-31,10,304,11,17.76,99.38,0,2,2019-10-31 11:00:00
2019-10-31,10,304,12,18.521,98.06,0,2,2019-10-31 12:00:00
2019-10-31,10,304,13,18.901,96.83,0,2,2019-10-31 13:00:00
2019-10-31,10,304,14,18.901,94.64,0,2,2019-10-31 14:00:00
2019-10-31,10,304,15,18.521,94.61,0,2,2019-10-31 15:00:00
2019-10-31,10,304,16,18.14,95.63,0,2,2019-10-31 16:00:00
2019-10-31,10,304,17,17.855,95.61,0,2,2019-10-31 17:00:00
2019-10-31,10,304,18,17.475,96.71,0,3,2019-10-31 18:00:00
2019-10-31,10,304,19,17.094,96.68,0,2,2019-10-31 19:00:00
2019-10-31,10,304,20,16.999,97.92,2,2,2019-10-31 20:00:00
2019-10-31,10,304,21,16.999,97.92,2,2,2019-10-31 21:00:00
2019-10-31,10,304,22,16.999,99.3,2,3,2019-10-31 22:00:00
2019-10-31,10,304,23,16.999,99.3,0,3,2019-10-31 23:00:00
2019-11-01,11,305,0,16.903,99.29,2,3,2019-11-01 00:00:00
2019-11-01,11,305,1,16.999,99.3,0,3,2019-11-01 01:00:00
2019-11-01,11,305,2,16.903,100.0,0,3,2019-11-01 02:00:00
2019-11-01,11,305,3,16.808,100.0,1,3,2019-11-01 03:00:00
2019-11-01,11,305,4,16.713,100.0,0,3,2019-11-01 04:00:00
2019-11-01,11,305,5,16.523,100.0,0,3,2019-11-01 05:00:00
2019-11-01,11,305,6,16.141,100.0,0,3,2019-11-01 06:00:00
2019-11-01,11,305,7,16.046,100.0,0,3,2019-11-01 07:00:00
2019-11-01,11,305,8,16.523,100.0,0,1,2019-11-01 08:00:00
2019-11-01,11,305,9,16.903,100.0,0,0,2019-11-01 09:00:00
2019-11-01,11,305,10,17.57,100.0,0,1,2019-11-01 10:00:00
2019-11-01,11,305,11,18.331,100.0,0,1,2019-11-01 11:00:00
2019-11-01,11,305,12,19.472,100.0,0,0,2019-11-01 12:00:00
2019-11-01,11,305,13,21.091,98.3,0,0,2019-11-01 13:00:00
2019-11-01,11,305,14,23.004,89.82,0,0,2019-11-01 14:00:00
2019-11-01,11,305,15,25.222,74.74,0,0,2019-11-01 15:00:00
2019-11-01,11,305,16,23.292,82.52,0,0,2019-11-01 16:00:00
2019-11-01,11,305,17,23.1,86.72,0,0,2019-11-01 17:00:00
2019-11-01,11,305,18,28.853,66.96,0,2,2019-11-01 18:00:00
2019-11-01,11,305,19,23.966,77.57,0,3,2019-11-01 19:00:00
2019-11-01,11,305,20,22.142,86.72,0,3,2019-11-01 20:00:00
2019-11-01,11,305,21,21.664,87.28,0,3,2019-11-01 21:00:00
2019-11-01,11,305,22,21.187,89.77,0,3,2019-11-01 22:00:00
2019-11-01,11,305,23,20.71,91.22,0,2,2019-11-01 23:00:00
2019-11-02,11,306,0,20.329,92.0,0,2,2019-11-02 00:00:00
2019-11-02,11,306,1,19.853,93.73,0,2,2019-11-02 01:00:00
2019-11-02,11,306,2,19.567,92.8,0,2,2019-11-02 02:00:00
2019-11-02,11,306,3,19.282,92.79,2,1,2019-11-02 03:00:00
2019-11-02,11,306,4,18.996,92.77,1,1,2019-11-02 04:00:00
2019-11-02,11,306,5,18.711,91.92,0,2,2019-11-02 05:00:00
2019-11-02,11,306,6,18.616,93.65,0,2,2019-11-02 06:00:00
2019-11-02,11,306,7,18.331,93.63,0,0,2019-11-02 07:00:00
2019-11-02,11,306,8,18.616,93.65,0,0,2019-11-02 08:00:00
2019-11-02,11,306,9,19.187,92.78,0,0,2019-11-02 09:00:00
2019-11-02,11,306,10,21.091,85.19,0,0,2019-11-02 10:00:00
2019-11-02,11,306,11,23.484,75.84,0,0,2019-11-02 11:00:00
2019-11-02,11,306,12,25.125,63.57,0,0,2019-11-02 12:00:00
2019-11-02,11,306,13,26.585,56.48,0,0,2019-11-02 13:00:00
2019-11-02,11,306,14,27.567,51.52,0,0,2019-11-02 14:00:00
2019-11-02,11,306,15,27.764,46.77,0,0,2019-11-02 15:00:00
2019-11-02,11,306,16,26.195,60.17,0,0,2019-11-02 16:00:00
2019-11-02,11,306,17,25.902,63.6,0,0,2019-11-02 17:00:00
2019-11-02,11,306,18,28.06,56.12,0,0,2019-11-02 18:00:00
2019-11-02,11,306,19,24.545,67.19,0,0,2019-11-02 19:00:00
2019-11-02,11,306,20,23.773,67.09,0,2,2019-11-02 20:00:00
2019-11-02,11,306,21,23.388,69.64,0,2,2019-11-02 21:00:00
2019-11-02,11,306,22,23.004,71.72,0,2,2019-11-02 22:00:00
2019-11-02,11,306,23,22.429,69.23,0,2,2019-11-02 23:00:00
2019-11-03,11,307,0,22.429,70.83,0,2,2019-11-03 00:00:00
2019-11-03,11,307,1,21.473,77.51,0,2,2019-11-03 01:00:00
2019-11-03,11,307,2,20.71,78.11,0,2,2019-11-03 02:00:00
2019-11-03,11,307,3,20.138,83.03,0,2,2019-11-03 03:00:00
2019-11-03,11,307,4,19.567,85.7,0,2,2019-11-03 04:00:00
2019-11-03,11,307,5,18.616,89.04,0,2,2019-11-03 05:00:00
2019-11-03,11,307,6,18.045,89.69,0,2,2019-11-03 06:00:00
2019-11-03,11,307,7,17.76,91.87,0,0,2019-11-03 07:00:00
2019-11-03,11,307,8,18.236,93.63,0,0,2019-11-03 08:00:00
2019-11-03,11,307,9,18.045,92.72,0,0,2019-11-03 09:00:00
2019-11-03,11,307,10,17.665,94.55,0,2,2019-11-03 10:00:00
2019-11-03,11,307,11,17.379,93.57,0,0,2019-11-03 11:00:00
2019-11-03,11,307,12,16.903,92.66,0,2,2019-11-03 12:00:00
2019-11-03,11,307,13,16.808,92.65,0,0,2019-11-03 13:00:00
2019-11-03,11,307,14,17.665,91.87,0,0,2019-11-03 14:00:00
2019-11-03,11,307,15,17.379,89.67,0,0,2019-11-03 15:00:00
2019-11-03,11,307,16,18.616,85.23,0,0,2019-11-03 16:00:00
2019-11-03,11,307,17,18.236,87.82,0,0,2019-11-03 17:00:00
2019-11-03,11,307,18,17.665,89.67,0,0,2019-11-03 18:00:00
2019-11-03,11,307,19,17.57,91.09,0,0,2019-11-03 19:00:00
2019-11-03,11,307,20,17.284,92.68,0,2,2019-11-03 20:00:00
2019-11-03,11,307,21,16.999,93.55,0,2,2019-11-03 21:00:00
2019-11-03,11,307,22,16.808,94.49,1,2,2019-11-03 22:00:00
2019-11-03,11,307,23,16.808,94.49,1,2,2019-11-03 23:00:00
2019-11-04,11,308,0,16.427,95.5,0,2,2019-11-04 00:00:00
2019-11-04,11,308,1,16.618,95.51,0,1,2019-11-04 01:00:00
2019-11-04,11,308,2,16.713,96.65,1,2,2019-11-04 02:00:00
2019-11-04,11,308,3,16.713,96.65,1,2,2019-11-04 03:00:00
2019-11-04,11,308,4,16.332,96.62,0,0,2019-11-04 04:00:00
2019-11-04,11,308,5,16.523,96.63,1,0,2019-11-04 05:00:00
2019-11-04,11,308,6,16.427,97.87,0,2,2019-11-04 06:00:00
2019-11-04,11,308,7,16.427,97.87,0,0,2019-11-04 07:00:00
2019-11-04,11,308,8,16.523,97.88,0,0,2019-11-04 08:00:00
2019-11-04,11,308,9,16.713,97.89,0,0,2019-11-04 09:00:00
2019-11-04,11,308,10,17.95,98.01,0,0,2019-11-04 10:00:00
2019-11-04,11,308,11,19.948,96.92,0,0,2019-11-04 11:00:00
2019-11-04,11,308,12,20.71,90.47,0,0,2019-11-04 12:00:00
2019-11-04,11,308,13,22.238,82.96,0,0,2019-11-04 13:00:00
2019-11-04,11,308,14,23.1,78.77,0,0,2019-11-04 14:00:00
2019-11-04,11,308,15,23.966,75.79,0,0,2019-11-04 15:00:00
2019-11-04,11,308,16,25.319,74.95,0,0,2019-11-04 16:00:00
2019-11-04,11,308,17,26.781,69.57,0,0,2019-11-04 17:00:00
2019-11-04,11,308,18,25.125,68.52,0,0,2019-11-04 18:00:00
2019-11-04,11,308,19,22.525,80.05,0,0,2019-11-04 19:00:00
2019-11-04,11,308,20,21.187,82.6,0,2,2019-11-04 20:00:00
2019-11-04,11,308,21,20.329,86.19,0,2,2019-11-04 21:00:00
2019-11-04,11,308,22,19.948,89.07,0,1,2019-11-04 22:00:00
2019-11-04,11,308,23,20.234,87.27,0,0,2019-11-04 23:00:00
2019-11-05,11,309,0,19.662,88.44,0,2,2019-11-05 00:00:00
2019-11-05,11,309,1,19.567,89.73,0,2,2019-11-05 01:00:00
2019-11-05,11,309,2,19.472,90.43,0,2,2019-11-05 02:00:00
2019-11-05,11,309,3,19.377,90.42,0,0,2019-11-05 03:00:00
2019-11-05,11,309,4,19.377,91.16,1,0,2019-11-05 04:00:00
2019-11-05,11,309,5,19.187,91.16,0,1,2019-11-05 05:00:00
2019-11-05,11,309,6,18.806,91.14,0,2,2019-11-05 06:00:00
2019-11-05,11,309,7,18.14,86.2,0,0,2019-11-05 07:00:00
2019-11-05,11,309,8,18.045,86.72,0,0,2019-11-05 08:00:00
2019-11-05,11,309,9,17.95,87.26,0,0,2019-11-05 09:00:00
2019-11-05,11,309,10,17.95,87.26,0,0,2019-11-05 10:00:00
2019-11-05,11,309,11,18.806,85.23,0,0,2019-11-05 11:00:00
2019-11-05,11,309,12,20.424,78.13,0,0,2019-11-05 12:00:00
2019-11-05,11,309,13,21.282,67.41,0,0,2019-11-05 13:00:00
2019-11-05,11,309,14,21.855,65.07,0,0,2019-11-05 14:00:00
2019-11-05,11,309,15,21.473,68.09,0,0,2019-11-05 15:00:00
2019-11-05,11,309,16,21.378,69.81,0,0,2019-11-05 16:00:00
2019-11-05,11,309,17,21.187,66.97,0,0,2019-11-05 17:00:00
2019-11-05,11,309,18,20.424,69.28,0,0,2019-11-05 18:00:00
2019-11-05,11,309,19,18.616,81.27,0,2,2019-11-05 19:00:00
2019-11-05,11,309,20,17.475,85.72,0,3,2019-11-05 20:00:00
2019-11-05,11,309,21,17.189,87.81,0,2,2019-11-05 21:00:00
2019-11-05,11,309,22,17.475,87.81,0,1,2019-11-05 22:00:00
2019-11-05,11,309,23,17.379,87.81,0,0,2019-11-05 23:00:00
2019-11-06,11,310,0,17.379,87.81,0,0,2019-11-06 00:00:00
2019-11-06,11,310,1,17.284,88.4,0,0,2019-11-06 01:00:00
2019-11-06,11,310,2,17.284,87.81,0,0,2019-11-06 02:00:00
2019-11-06,11,310,3,16.999,87.81,0,0,2019-11-06 03:00:00
2019-11-06,11,310,4,16.999,87.81,0,0,2019-11-06 04:00:00
2019-11-06,11,310,5,16.999,87.81,0,0,2019-11-06 05:00:00
2019-11-06,11,310,6,16.903,87.81,0,0,2019-11-06 06:00:00
2019-11-06,11,310,7,16.618,89.65,0,0,2019-11-06 07:00:00
2019-11-06,11,310,8,16.808,91.83,0,0,2019-11-06 08:00:00
2019-11-06,11,310,9,17.379,92.68,0,0,2019-11-06 09:00:00
2019-11-06,11,310,10,17.95,91.1,0,0,2019-11-06 10:00:00
2019-11-06,11,310,11,18.426,89.04,0,0,2019-11-06 11:00:00
2019-11-06,11,310,12,19.187,85.22,0,0,2019-11-06 12:00:00
2019-11-06,11,310,13,19.853,85.21,0,0,2019-11-06 13:00:00
2019-11-06,11,310,14,20.805,83.84,0,0,2019-11-06 14:00:00
2019-11-06,11,310,15,20.424,79.26,0,0,2019-11-06 15:00:00
2019-11-06,11,310,16,20.138,82.26,0,0,2019-11-06 16:00:00
2019-11-06,11,310,17,20.138,85.69,0,0,2019-11-06 17:00:00
2019-11-06,11,310,18,19.662,87.27,0,0,2019-11-06 18:00:00
2019-11-06,11,310,19,19.092,90.41,0,0,2019-11-06 19:00:00
2019-11-06,11,310,20,18.521,91.91,1,2,2019-11-06 20:00:00
2019-11-06,11,310,21,18.236,93.63,2,2,2019-11-06 21:00:00
2019-11-06,11,310,22,18.14,94.58,0,1,2019-11-06 22:00:00
2019-11-06,11,310,23,18.045,95.62,2,2,2019-11-06 23:00:00
2019-11-07,11,311,0,17.76,97.99,2,2,2019-11-07 00:00:00
2019-11-07,11,311,1,17.475,99.35,0,2,2019-11-07 01:00:00
2019-11-07,11,311,2,17.094,99.31,2,2,2019-11-07 02:00:00
2019-11-07,11,311,3,17.094,100.0,0,2,2019-11-07 03:00:00
2019-11-07,11,311,4,16.903,100.0,1,2,2019-11-07 04:00:00
2019-11-07,11,311,5,16.903,100.0,0,2,2019-11-07 05:00:00
2019-11-07,11,311,6,16.713,100.0,0,2,2019-11-07 06:00:00
2019-11-07,11,311,7,16.618,100.0,0,2,2019-11-07 07:00:00
2019-11-07,11,311,8,16.713,100.0,0,2,2019-11-07 08:00:00
2019-11-07,11,311,9,16.808,100.0,0,2,2019-11-07 09:00:00
2019-11-07,11,311,10,17.284,100.0,0,2,2019-11-07 10:00:00
2019-11-07,11,311,11,18.14,100.0,0,2,2019-11-07 11:00:00
2019-11-07,11,311,12,18.331,100.0,0,2,2019-11-07 12:00:00
2019-11-07,11,311,13,18.236,100.0,0,2,2019-11-07 13:00:00
2019-11-07,11,311,14,18.616,100.0,0,2,2019-11-07 14:00:00
2019-11-07,11,311,15,18.426,100.0,0,2,2019-11-07 15:00:00
2019-11-07,11,311,16,18.331,100.0,0,2,2019-11-07 16:00:00
2019-11-07,11,311,17,18.331,100.0,0,3,2019-11-07 17:00:00
2019-11-07,11,311,18,17.95,100.0,0,3,2019-11-07 18:00:00
2019-11-07,11,311,19,17.855,100.0,0,3,2019-11-07 19:00:00
2019-11-07,11,311,20,17.475,100.0,2,3,2019-11-07 20:00:00
2019-11-07,11,311,21,17.189,100.0,0,3,2019-11-07 21:00:00
2019-11-07,11,311,22,17.284,100.0,0,3,2019-11-07 22:00:00
2019-11-07,11,311,23,17.094,100.0,0,3,2019-11-07 23:00:00
2019-11-08,11,312,0,17.094,100.0,0,3,2019-11-08 00:00:00
2019-11-08,11,312,1,16.999,100.0,0,3,2019-11-08 01:00:00
2019-11-08,11,312,2,17.094,100.0,0,3,2019-11-08 02:00:00
2019-11-08,11,312,3,16.903,100.0,0,3,2019-11-08 03:00:00
2019-11-08,11,312,4,16.999,100.0,0,3,2019-11-08 04:00:00
2019-11-08,11,312,5,16.808,100.0,0,3,2019-11-08 05:00:00
2019-11-08,11,312,6,16.808,100.0,0,3,2019-11-08 06:00:00
2019-11-08,11,312,7,16.903,100.0,0,0,2019-11-08 07:00:00
2019-11-08,11,312,8,17.284,100.0,0,0,2019-11-08 08:00:00
2019-11-08,11,312,9,17.855,100.0,0,0,2019-11-08 09:00:00
2019-11-08,11,312,10,18.426,100.0,0,0,2019-11-08 10:00:00
2019-11-08,11,312,11,19.092,100.0,0,0,2019-11-08 11:00:00
2019-11-08,11,312,12,19.948,100.0,0,0,2019-11-08 12:00:00
2019-11-08,11,312,13,21.378,100.0,0,0,2019-11-08 13:00:00
2019-11-08,11,312,14,22.333,100.0,0,0,2019-11-08 14:00:00
2019-11-08,11,312,15,21.951,95.92,0,0,2019-11-08 15:00:00
2019-11-08,11,312,16,22.046,97.1,0,0,2019-11-08 16:00:00
2019-11-08,11,312,17,21.282,97.04,0,2,2019-11-08 17:00:00
2019-11-08,11,312,18,20.71,98.26,0,2,2019-11-08 18:00:00
2019-11-08,11,312,19,20.901,99.68,0,2,2019-11-08 19:00:00
2019-11-08,11,312,20,20.805,99.68,0,3,2019-11-08 20:00:00
2019-11-08,11,312,21,20.329,99.63,0,3,2019-11-08 21:00:00
2019-11-08,11,312,22,19.948,100.0,0,3,2019-11-08 22:00:00
2019-11-08,11,312,23,19.567,100.0,0,3,2019-11-08 23:00:00
2019-11-09,11,313,0,19.377,100.0,0,3,2019-11-09 00:00:00
2019-11-09,11,313,1,18.996,100.0,0,3,2019-11-09 01:00:00
2019-11-09,11,313,2,18.426,100.0,0,3,2019-11-09 02:00:00
2019-11-09,11,313,3,18.236,100.0,0,3,2019-11-09 03:00:00
2019-11-09,11,313,4,18.331,100.0,0,2,2019-11-09 04:00:00
2019-11-09,11,313,5,18.14,100.0,0,2,2019-11-09 05:00:00
2019-11-09,11,313,6,17.855,100.0,0,2,2019-11-09 06:00:00
2019-11-09,11,313,7,17.95,100.0,0,1,2019-11-09 07:00:00
2019-11-09,11,313,8,18.521,100.0,0,0,2019-11-09 08:00:00
2019-11-09,11,313,9,19.377,100.0,0,0,2019-11-09 09:00:00
2019-11-09,11,313,10,20.519,100.0,0,0,2019-11-09 10:00:00
2019-11-09,11,313,11,21.282,99.72,0,0,2019-11-09 11:00:00
2019-11-09,11,313,12,21.76,98.36,0,0,2019-11-09 12:00:00
2019-11-09,11,313,13,23.484,93.95,0,0,2019-11-09 13:00:00
2019-11-09,11,313,14,23.388,89.84,0,0,2019-11-09 14:00:00
2019-11-09,11,313,15,24.351,86.17,0,0,2019-11-09 15:00:00
2019-11-09,11,313,16,24.931,81.67,0,0,2019-11-09 16:00:00
2019-11-09,11,313,17,24.641,76.97,0,0,2019-11-09 17:00:00
2019-11-09,11,313,18,23.004,80.02,0,0,2019-11-09 18:00:00
2019-11-09,11,313,19,22.333,80.39,0,0,2019-11-09 19:00:00
2019-11-09,11,313,20,18.045,91.11,2,3,2019-11-09 20:00:00
2019-11-09,11,313,21,16.903,96.67,0,2,2019-11-09 21:00:00
2019-11-09,11,313,22,16.523,97.88,2,2,2019-11-09 22:00:00
2019-11-09,11,313,23,15.951,99.2,2,2,2019-11-09 23:00:00
2019-11-10,11,314,0,15.951,100.0,0,2,2019-11-10 00:00:00
2019-11-10,11,314,1,15.76,100.0,0,2,2019-11-10 01:00:00
2019-11-10,11,314,2,15.664,100.0,0,2,2019-11-10 02:00:00
2019-11-10,11,314,3,15.473,100.0,0,2,2019-11-10 03:00:00
2019-11-10,11,314,4,15.378,100.0,0,2,2019-11-10 04:00:00
2019-11-10,11,314,5,15.569,100.0,0,1,2019-11-10 05:00:00
2019-11-10,11,314,6,15.282,100.0,0,2,2019-11-10 06:00:00
2019-11-10,11,314,7,15.378,100.0,0,0,2019-11-10 07:00:00
2019-11-10,11,314,8,15.569,100.0,0,0,2019-11-10 08:00:00
2019-11-10,11,314,9,15.76,100.0,0,0,2019-11-10 09:00:00
2019-11-10,11,314,10,16.332,100.0,0,0,2019-11-10 10:00:00
2019-11-10,11,314,11,17.379,100.0,0,0,2019-11-10 11:00:00
2019-11-10,11,314,12,16.713,100.0,0,0,2019-11-10 12:00:00
2019-11-10,11,314,13,17.094,100.0,0,2,2019-11-10 13:00:00
2019-11-10,11,314,14,15.951,100.0,0,2,2019-11-10 14:00:00
2019-11-10,11,314,15,16.332,100.0,0,2,2019-11-10 15:00:00
2019-11-10,11,314,16,16.427,100.0,0,1,2019-11-10 16:00:00
2019-11-10,11,314,17,16.618,100.0,0,0,2019-11-10 17:00:00
2019-11-10,11,314,18,16.903,100.0,0,2,2019-11-10 18:00:00
2019-11-10,11,314,19,15.473,100.0,0,3,2019-11-10 19:00:00
2019-11-10,11,314,20,14.9,100.0,0,3,2019-11-10 20:00:00
2019-11-10,11,314,21,14.804,100.0,0,3,2019-11-10 21:00:00
2019-11-10,11,314,22,14.613,100.0,0,2,2019-11-10 22:00:00
2019-11-10,11,314,23,14.613,100.0,0,2,2019-11-10 23:00:00
2019-11-11,11,315,0,14.421,100.0,0,2,2019-11-11 00:00:00
2019-11-11,11,315,1,14.613,100.0,0,3,2019-11-11 01:00:00
2019-11-11,11,315,2,14.613,100.0,0,2,2019-11-11 02:00:00
2019-11-11,11,315,3,14.804,100.0,0,1,2019-11-11 03:00:00
2019-11-11,11,315,4,14.613,100.0,0,2,2019-11-11 04:00:00
2019-11-11,11,315,5,14.517,100.0,0,1,2019-11-11 05:00:00
2019-11-11,11,315,6,14.709,100.0,0,1,2019-11-11 06:00:00
2019-11-11,11,315,7,14.613,100.0,0,0,2019-11-11 07:00:00
2019-11-11,11,315,8,14.996,100.0,0,0,2019-11-11 08:00:00
2019-11-11,11,315,9,14.996,100.0,0,0,2019-11-11 09:00:00
2019-11-11,11,315,10,16.046,100.0,0,0,2019-11-11 10:00:00
2019-11-11,11,315,11,17.57,100.0,0,0,2019-11-11 11:00:00
2019-11-11,11,315,12,18.14,100.0,0,0,2019-11-11 12:00:00
2019-11-11,11,315,13,19.187,100.0,0,0,2019-11-11 13:00:00
2019-11-11,11,315,14,19.853,98.18,0,0,2019-11-11 14:00:00
2019-11-11,11,315,15,20.901,82.23,0,0,2019-11-11 15:00:00
2019-11-11,11,315,16,20.424,91.21,0,0,2019-11-11 16:00:00
2019-11-11,11,315,17,20.424,91.21,0,0,2019-11-11 17:00:00
2019-11-11,11,315,18,19.472,92.8,0,0,2019-11-11 18:00:00
2019-11-11,11,315,19,19.187,95.71,0,1,2019-11-11 19:00:00
2019-11-11,11,315,20,18.426,96.79,0,2,2019-11-11 20:00:00
2019-11-11,11,315,21,18.14,98.03,0,2,2019-11-11 21:00:00
2019-11-11,11,315,22,18.045,98.02,0,0,2019-11-11 22:00:00
2019-11-11,11,315,23,17.95,99.4,0,0,2019-11-11 23:00:00
2019-11-12,11,316,0,17.57,99.36,0,0,2019-11-12 00:00:00
2019-11-12,11,316,1,17.379,99.34,0,0,2019-11-12 01:00:00
2019-11-12,11,316,2,17.094,99.31,0,1,2019-11-12 02:00:00
2019-11-12,11,316,3,16.618,99.27,0,0,2019-11-12 03:00:00
2019-11-12,11,316,4,16.427,99.25,0,0,2019-11-12 04:00:00
2019-11-12,11,316,5,16.141,100.0,0,1,2019-11-12 05:00:00
2019-11-12,11,316,6,15.855,100.0,0,0,2019-11-12 06:00:00
2019-11-12,11,316,7,15.855,100.0,0,0,2019-11-12 07:00:00
2019-11-12,11,316,8,15.855,100.0,0,0,2019-11-12 08:00:00
2019-11-12,11,316,9,16.427,100.0,0,0,2019-11-12 09:00:00
2019-11-12,11,316,10,18.426,99.44,0,0,2019-11-12 10:00:00
2019-11-12,11,316,11,19.092,96.85,0,0,2019-11-12 11:00:00
2019-11-12,11,316,12,20.71,93.78,0,0,2019-11-12 12:00:00
2019-11-12,11,316,13,21.76,82.58,0,0,2019-11-12 13:00:00
2019-11-12,11,316,14,20.901,82.23,0,0,2019-11-12 14:00:00
2019-11-12,11,316,15,20.234,89.08,0,0,2019-11-12 15:00:00
2019-11-12,11,316,16,19.853,91.18,0,0,2019-11-12 16:00:00
2019-11-12,11,316,17,19.758,91.97,0,0,2019-11-12 17:00:00
2019-11-12,11,316,18,18.711,92.76,0,0,2019-11-12 18:00:00
2019-11-12,11,316,19,18.426,94.6,0,0,2019-11-12 19:00:00
2019-11-12,11,316,20,18.331,95.64,0,1,2019-11-12 20:00:00
2019-11-12,11,316,21,17.855,98.0,2,2,2019-11-12 21:00:00
2019-11-12,11,316,22,17.665,99.37,0,2,2019-11-12 22:00:00
2019-11-12,11,316,23,16.903,100.0,0,2,2019-11-12 23:00:00
2019-11-13,11,317,0,16.237,100.0,0,3,2019-11-13 00:00:00
2019-11-13,11,317,1,16.046,100.0,0,2,2019-11-13 01:00:00
2019-11-13,11,317,2,15.76,100.0,0,2,2019-11-13 02:00:00
2019-11-13,11,317,3,15.664,100.0,0,2,2019-11-13 03:00:00
2019-11-13,11,317,4,15.282,100.0,0,2,2019-11-13 04:00:00
2019-11-13,11,317,5,14.996,100.0,0,2,2019-11-13 05:00:00
2019-11-13,11,317,6,14.9,100.0,0,2,2019-11-13 06:00:00
2019-11-13,11,317,7,14.996,100.0,0,1,2019-11-13 07:00:00
2019-11-13,11,317,8,15.187,100.0,0,2,2019-11-13 08:00:00
2019-11-13,11,317,9,15.855,100.0,0,2,2019-11-13 09:00:00
2019-11-13,11,317,10,17.284,100.0,0,1,2019-11-13 10:00:00
2019-11-13,11,317,11,19.472,100.0,0,0,2019-11-13 11:00:00
2019-11-13,11,317,12,20.424,99.64,0,0,2019-11-13 12:00:00
2019-11-13,11,317,13,21.76,94.83,0,0,2019-11-13 13:00:00
2019-11-13,11,317,14,23.004,84.23,0,0,2019-11-13 14:00:00
2019-11-13,11,317,15,23.581,79.98,0,0,2019-11-13 15:00:00
2019-11-13,11,317,16,23.388,80.32,0,2,2019-11-13 16:00:00
2019-11-13,11,317,17,22.238,85.67,0,0,2019-11-13 17:00:00
2019-11-13,11,317,18,20.519,92.01,0,2,2019-11-13 18:00:00
2019-11-13,11,317,19,19.187,94.66,0,2,2019-11-13 19:00:00
2019-11-13,11,317,20,17.189,97.94,2,0,2019-11-13 20:00:00
2019-11-13,11,317,21,16.618,100.0,0,1,2019-11-13 21:00:00
2019-11-13,11,317,22,16.523,100.0,0,2,2019-11-13 22:00:00
2019-11-13,11,317,23,16.237,100.0,0,2,2019-11-13 23:00:00
2019-11-14,11,318,0,15.951,100.0,1,2,2019-11-14 00:00:00
2019-11-14,11,318,1,15.664,100.0,0,2,2019-11-14 01:00:00
2019-11-14,11,318,2,14.709,100.0,0,1,2019-11-14 02:00:00
2019-11-14,11,318,3,14.038,100.0,0,2,2019-11-14 03:00:00
2019-11-14,11,318,4,14.038,100.0,0,2,2019-11-14 04:00:00
2019-11-14,11,318,5,14.038,100.0,0,2,2019-11-14 05:00:00
2019-11-14,11,318,6,13.942,100.0,0,2,2019-11-14 06:00:00
2019-11-14,11,318,7,13.846,100.0,0,0,2019-11-14 07:00:00
2019-11-14,11,318,8,14.038,100.0,0,0,2019-11-14 08:00:00
2019-11-14,11,318,9,14.709,100.0,0,0,2019-11-14 09:00:00
2019-11-14,11,318,10,15.951,100.0,0,0,2019-11-14 10:00:00
2019-11-14,11,318,11,16.999,100.0,0,0,2019-11-14 11:00:00
2019-11-14,11,318,12,17.95,100.0,0,0,2019-11-14 12:00:00
2019-11-14,11,318,13,19.092,100.0,0,0,2019-11-14 13:00:00
2019-11-14,11,318,14,19.092,100.0,0,0,2019-11-14 14:00:00
2019-11-14,11,318,15,19.282,98.13,0,0,2019-11-14 15:00:00
2019-11-14,11,318,16,20.234,94.73,0,0,2019-11-14 16:00:00
2019-11-14,11,318,17,21.473,92.05,0,0,2019-11-14 17:00:00
2019-11-14,11,318,18,21.473,87.86,0,0,2019-11-14 18:00:00
2019-11-14,11,318,19,20.71,89.09,0,1,2019-11-14 19:00:00
2019-11-14,11,318,20,18.806,92.76,0,2,2019-11-14 20:00:00
2019-11-14,11,318,21,17.475,94.54,0,0,2019-11-14 21:00:00
2019-11-14,11,318,22,17.379,96.71,0,0,2019-11-14 22:00:00
2019-11-14,11,318,23,17.094,97.93,0,0,2019-11-14 23:00:00
2019-11-15,11,319,0,16.808,97.9,0,2,2019-11-15 00:00:00
2019-11-15,11,319,1,16.332,97.86,0,0,2019-11-15 01:00:00
2019-11-15,11,319,2,16.046,99.21,0,0,2019-11-15 02:00:00
2019-11-15,11,319,3,15.569,99.16,0,0,2019-11-15 03:00:00
2019-11-15,11,319,4,15.091,99.11,0,0,2019-11-15 04:00:00
2019-11-15,11,319,5,14.804,99.09,0,0,2019-11-15 05:00:00
2019-11-15,11,319,6,14.517,99.06,0,1,2019-11-15 06:00:00
2019-11-15,11,319,7,14.23,99.03,0,0,2019-11-15 07:00:00
2019-11-15,11,319,8,14.421,99.05,0,0,2019-11-15 08:00:00
2019-11-15,11,319,9,15.282,97.76,0,0,2019-11-15 09:00:00
2019-11-15,11,319,10,16.999,96.67,0,0,2019-11-15 10:00:00
2019-11-15,11,319,11,19.092,92.78,0,0,2019-11-15 11:00:00
2019-11-15,11,319,12,20.71,78.11,0,0,2019-11-15 12:00:00
2019-11-15,11,319,13,21.282,77.79,0,0,2019-11-15 13:00:00
2019-11-15,11,319,14,22.717,65.61,0,0,2019-11-15 14:00:00
2019-11-15,11,319,15,22.238,76.68,0,0,2019-11-15 15:00:00
2019-11-15,11,319,16,22.238,76.44,0,0,2019-11-15 16:00:00
2019-11-15,11,319,17,22.238,69.26,0,0,2019-11-15 17:00:00
2019-11-15,11,319,18,24.158,66.43,0,0,2019-11-15 18:00:00
2019-11-15,11,319,19,21.664,75.13,0,0,2019-11-15 19:00:00
2019-11-15,11,319,20,20.329,80.51,0,2,2019-11-15 20:00:00
2019-11-15,11,319,21,19.853,79.9,0,0,2019-11-15 21:00:00
2019-11-15,11,319,22,18.996,83.89,0,0,2019-11-15 22:00:00
2019-11-15,11,319,23,18.331,87.82,0,0,2019-11-15 23:00:00
2019-11-16,11,320,0,18.045,90.38,1,0,2019-11-16 00:00:00
2019-11-16,11,320,1,17.665,91.09,1,0,2019-11-16 01:00:00
2019-11-16,11,320,2,17.284,91.85,0,0,2019-11-16 02:00:00
2019-11-16,11,320,3,16.808,92.65,0,0,2019-11-16 03:00:00
2019-11-16,11,320,4,16.713,93.53,0,0,2019-11-16 04:00:00
2019-11-16,11,320,5,16.332,93.51,0,0,2019-11-16 05:00:00
2019-11-16,11,320,6,16.046,94.44,0,1,2019-11-16 06:00:00
2019-11-16,11,320,7,15.855,93.48,0,0,2019-11-16 07:00:00
2019-11-16,11,320,8,16.141,94.44,0,0,2019-11-16 08:00:00
2019-11-16,11,320,9,16.713,92.65,0,0,2019-11-16 09:00:00
2019-11-16,11,320,10,18.426,87.83,0,0,2019-11-16 10:00:00
2019-11-16,11,320,11,20.519,80.83,0,0,2019-11-16 11:00:00
2019-11-16,11,320,12,22.333,72.51,0,0,2019-11-16 12:00:00
2019-11-16,11,320,13,23.484,61.92,0,0,2019-11-16 13:00:00
2019-11-16,11,320,14,25.902,43.37,0,0,2019-11-16 14:00:00
2019-11-16,11,320,15,26.781,38.2,0,0,2019-11-16 15:00:00
2019-11-16,11,320,16,27.075,40.68,0,0,2019-11-16 16:00:00
2019-11-16,11,320,17,25.319,55.37,0,0,2019-11-16 17:00:00
2019-11-16,11,320,18,24.255,58.94,0,0,2019-11-16 18:00:00
2019-11-16,11,320,19,22.525,67.43,0,0,2019-11-16 19:00:00
2019-11-16,11,320,20,21.664,66.45,0,2,2019-11-16 20:00:00
2019-11-16,11,320,21,20.901,67.71,0,0,2019-11-16 21:00:00
2019-11-16,11,320,22,20.329,67.69,0,0,2019-11-16 22:00:00
2019-11-16,11,320,23,20.424,74.44,0,0,2019-11-16 23:00:00
2019-11-17,11,321,0,20.043,76.65,0,1,2019-11-17 00:00:00
2019-11-17,11,321,1,19.282,78.77,0,1,2019-11-17 01:00:00
2019-11-17,11,321,2,18.616,81.27,0,1,2019-11-17 02:00:00
2019-11-17,11,321,3,18.14,80.96,0,1,2019-11-17 03:00:00
2019-11-17,11,321,4,17.855,83.11,0,0,2019-11-17 04:00:00
2019-11-17,11,321,5,17.475,81.67,0,0,2019-11-17 05:00:00
2019-11-17,11,321,6,17.189,80.08,0,0,2019-11-17 06:00:00
2019-11-17,11,321,7,16.713,81.04,0,0,2019-11-17 07:00:00
2019-11-17,11,321,8,16.903,83.95,0,0,2019-11-17 08:00:00
2019-11-17,11,321,9,18.331,83.91,0,0,2019-11-17 09:00:00
2019-11-17,11,321,10,19.472,83.46,0,0,2019-11-17 10:00:00
2019-11-17,11,321,11,20.615,77.08,0,0,2019-11-17 11:00:00
2019-11-17,11,321,12,21.664,72.77,0,0,2019-11-17 12:00:00
2019-11-17,11,321,13,23.773,62.68,0,0,2019-11-17 13:00:00
2019-11-17,11,321,14,23.773,59.79,0,0,2019-11-17 14:00:00
2019-11-17,11,321,15,23.869,57.91,0,0,2019-11-17 15:00:00
2019-11-17,11,321,16,23.388,64.77,0,0,2019-11-17 16:00:00
2019-11-17,11,321,17,23.292,67.66,0,0,2019-11-17 17:00:00
2019-11-17,11,321,18,23.773,67.7,0,0,2019-11-17 18:00:00
2019-11-17,11,321,19,22.046,67.27,0,0,2019-11-17 19:00:00
2019-11-17,11,321,20,20.901,68.44,0,1,2019-11-17 20:00:00
2019-11-17,11,321,21,20.615,68.86,0,1,2019-11-17 21:00:00
2019-11-17,11,321,22,20.615,73.27,0,0,2019-11-17 22:00:00
2019-11-17,11,321,23,20.234,72.44,0,0,2019-11-17 23:00:00
2019-11-18,11,322,0,19.853,74.91,0,0,2019-11-18 00:00:00
2019-11-18,11,322,1,19.377,79.05,0,0,2019-11-18 01:00:00
2019-11-18,11,322,2,18.901,80.92,0,0,2019-11-18 02:00:00
2019-11-18,11,322,3,18.236,80.63,0,0,2019-11-18 03:00:00
2019-11-18,11,322,4,18.236,79.71,0,0,2019-11-18 04:00:00
2019-11-18,11,322,5,17.855,80.34,0,0,2019-11-18 05:00:00
2019-11-18,11,322,6,17.284,80.69,0,0,2019-11-18 06:00:00
2019-11-18,11,322,7,16.999,84.8,0,0,2019-11-18 07:00:00
2019-11-18,11,322,8,17.094,84.8,0,0,2019-11-18 08:00:00
2019-11-18,11,322,9,17.76,80.34,0,0,2019-11-18 09:00:00
2019-11-18,11,322,10,19.662,76.45,0,0,2019-11-18 10:00:00
2019-11-18,11,322,11,21.76,69.75,0,0,2019-11-18 11:00:00
2019-11-18,11,322,12,24.062,57.39,0,0,2019-11-18 12:00:00
2019-11-18,11,322,13,24.931,53.92,0,0,2019-11-18 13:00:00
2019-11-18,11,322,14,26.195,48.51,0,0,2019-11-18 14:00:00
2019-11-18,11,322,15,26.977,46.92,0,0,2019-11-18 15:00:00
2019-11-18,11,322,16,27.862,47.98,0,0,2019-11-18 16:00:00
2019-11-18,11,322,17,26.0,53.74,0,0,2019-11-18 17:00:00
2019-11-18,11,322,18,25.416,57.53,0,0,2019-11-18 18:00:00
2019-11-18,11,322,19,23.869,65.71,0,0,2019-11-18 19:00:00
2019-11-18,11,322,20,22.717,68.26,0,2,2019-11-18 20:00:00
2019-11-18,11,322,21,21.473,73.35,0,2,2019-11-18 21:00:00
2019-11-18,11,322,22,20.043,80.85,0,1,2019-11-18 22:00:00
2019-11-18,11,322,23,17.57,97.97,0,1,2019-11-18 23:00:00
2019-11-19,11,323,0,16.332,99.24,0,2,2019-11-19 00:00:00
2019-11-19,11,323,1,15.569,100.0,0,2,2019-11-19 01:00:00
2019-11-19,11,323,2,14.996,100.0,0,2,2019-11-19 02:00:00
2019-11-19,11,323,3,14.709,100.0,0,0,2019-11-19 03:00:00
2019-11-19,11,323,4,14.709,100.0,0,0,2019-11-19 04:00:00
2019-11-19,11,323,5,14.9,100.0,0,2,2019-11-19 05:00:00
2019-11-19,11,323,6,15.091,100.0,0,1,2019-11-19 06:00:00
2019-11-19,11,323,7,14.996,100.0,0,1,2019-11-19 07:00:00
2019-11-19,11,323,8,15.664,100.0,0,0,2019-11-19 08:00:00
2019-11-19,11,323,9,16.427,100.0,0,0,2019-11-19 09:00:00
2019-11-19,11,323,10,17.284,100.0,0,0,2019-11-19 10:00:00
2019-11-19,11,323,11,19.377,100.0,0,0,2019-11-19 11:00:00
2019-11-19,11,323,12,20.805,97.0,0,0,2019-11-19 12:00:00
2019-11-19,11,323,13,21.951,87.86,0,0,2019-11-19 13:00:00
2019-11-19,11,323,14,24.448,69.05,0,0,2019-11-19 14:00:00
2019-11-19,11,323,15,23.581,75.14,0,0,2019-11-19 15:00:00
2019-11-19,11,323,16,21.76,84.25,0,0,2019-11-19 16:00:00
2019-11-19,11,323,17,22.908,86.18,0,0,2019-11-19 17:00:00
2019-11-19,11,323,18,21.664,87.86,0,0,2019-11-19 18:00:00
2019-11-19,11,323,19,19.377,92.79,0,0,2019-11-19 19:00:00
2019-11-19,11,323,20,17.284,96.7,0,2,2019-11-19 20:00:00
2019-11-19,11,323,21,16.237,97.85,0,2,2019-11-19 21:00:00
2019-11-19,11,323,22,15.951,99.2,0,1,2019-11-19 22:00:00
2019-11-19,11,323,23,15.76,99.18,0,1,2019-11-19 23:00:00
2019-11-20,11,324,0,15.664,100.0,0,1,2019-11-20 00:00:00
2019-11-20,11,324,1,15.664,100.0,0,0,2019-11-20 01:00:00
2019-11-20,11,324,2,15.569,100.0,0,0,2019-11-20 02:00:00
2019-11-20,11,324,3,15.569,100.0,0,0,2019-11-20 03:00:00
2019-11-20,11,324,4,15.664,99.17,0,0,2019-11-20 04:00:00
2019-11-20,11,324,5,15.664,99.17,0,0,2019-11-20 05:00:00
2019-11-20,11,324,6,15.76,97.81,0,0,2019-11-20 06:00:00
2019-11-20,11,324,7,15.855,97.81,0,0,2019-11-20 07:00:00
2019-11-20,11,324,8,15.951,97.82,0,0,2019-11-20 08:00:00
2019-11-20,11,324,9,16.808,95.53,0,0,2019-11-20 09:00:00
2019-11-20,11,324,10,18.996,90.41,0,0,2019-11-20 10:00:00
2019-11-20,11,324,11,21.473,89.11,0,0,2019-11-20 11:00:00
2019-11-20,11,324,12,23.484,78.74,0,0,2019-11-20 12:00:00
2019-11-20,11,324,13,24.448,66.97,0,0,2019-11-20 13:00:00
2019-11-20,11,324,14,27.862,45.93,0,0,2019-11-20 14:00:00
2019-11-20,11,324,15,26.879,44.24,0,0,2019-11-20 15:00:00
2019-11-20,11,324,16,26.39,53.55,0,0,2019-11-20 16:00:00
2019-11-20,11,324,17,25.61,59.58,0,0,2019-11-20 17:00:00
2019-11-20,11,324,18,24.931,65.73,0,0,2019-11-20 18:00:00
2019-11-20,11,324,19,25.125,67.34,0,0,2019-11-20 19:00:00
2019-11-20,11,324,20,22.812,71.75,0,2,2019-11-20 20:00:00
2019-11-20,11,324,21,21.664,72.08,0,2,2019-11-20 21:00:00
2019-11-20,11,324,22,20.901,73.79,0,1,2019-11-20 22:00:00
2019-11-20,11,324,23,20.519,73.84,0,2,2019-11-20 23:00:00
2019-11-21,11,325,0,20.043,74.28,0,0,2019-11-21 00:00:00
2019-11-21,11,325,1,19.853,74.31,0,2,2019-11-21 01:00:00
2019-11-21,11,325,2,19.187,74.78,0,0,2019-11-21 02:00:00
2019-11-21,11,325,3,18.806,77.25,0,0,2019-11-21 03:00:00
2019-11-21,11,325,4,18.616,76.79,0,0,2019-11-21 04:00:00
2019-11-21,11,325,5,18.331,76.14,0,1,2019-11-21 05:00:00
2019-11-21,11,325,6,18.711,72.81,0,0,2019-11-21 06:00:00
2019-11-21,11,325,7,18.426,71.88,0,0,2019-11-21 07:00:00
2019-11-21,11,325,8,18.426,76.35,0,0,2019-11-21 08:00:00
2019-11-21,11,325,9,19.092,73.64,0,0,2019-11-21 09:00:00
2019-11-21,11,325,10,20.901,72.35,0,0,2019-11-21 10:00:00
2019-11-21,11,325,11,22.429,68.82,0,0,2019-11-21 11:00:00
2019-11-21,11,325,12,23.292,69.51,0,0,2019-11-21 12:00:00
2019-11-21,11,325,13,24.158,66.67,0,0,2019-11-21 13:00:00
2019-11-21,11,325,14,24.738,66.1,0,0,2019-11-21 14:00:00
2019-11-21,11,325,15,25.125,63.85,0,0,2019-11-21 15:00:00
2019-11-21,11,325,16,26.488,64.38,0,0,2019-11-21 16:00:00
2019-11-21,11,325,17,25.902,69.55,0,0,2019-11-21 17:00:00
2019-11-21,11,325,18,26.977,59.78,0,0,2019-11-21 18:00:00
2019-11-21,11,325,19,25.319,68.49,0,0,2019-11-21 19:00:00
2019-11-21,11,325,20,23.388,76.83,0,2,2019-11-21 20:00:00
2019-11-21,11,325,21,22.238,82.17,0,0,2019-11-21 21:00:00
2019-11-21,11,325,22,21.855,83.39,0,0,2019-11-21 22:00:00
2019-11-21,11,325,23,21.473,82.99,0,2,2019-11-21 23:00:00
2019-11-22,11,326,0,21.091,83.83,0,0,2019-11-22 00:00:00
2019-11-22,11,326,1,20.615,85.2,0,0,2019-11-22 01:00:00
2019-11-22,11,326,2,20.329,86.19,0,0,2019-11-22 02:00:00
2019-11-22,11,326,3,20.138,87.84,0,0,2019-11-22 03:00:00
2019-11-22,11,326,4,19.758,89.73,0,0,2019-11-22 04:00:00
2019-11-22,11,326,5,19.472,90.43,0,0,2019-11-22 05:00:00
2019-11-22,11,326,6,18.806,90.4,0,0,2019-11-22 06:00:00
2019-11-22,11,326,7,18.901,91.93,0,0,2019-11-22 07:00:00
2019-11-22,11,326,8,19.377,92.79,0,0,2019-11-22 08:00:00
2019-11-22,11,326,9,19.948,91.98,0,0,2019-11-22 09:00:00
2019-11-22,11,326,10,21.282,90.49,0,0,2019-11-22 10:00:00
2019-11-22,11,326,11,22.429,81.06,0,0,2019-11-22 11:00:00
2019-11-22,11,326,12,24.351,75.75,0,0,2019-11-22 12:00:00
2019-11-22,11,326,13,25.805,69.12,0,0,2019-11-22 13:00:00
2019-11-22,11,326,14,26.781,65.28,0,0,2019-11-22 14:00:00
2019-11-22,11,326,15,23.773,76.05,0,0,2019-11-22 15:00:00
2019-11-22,11,326,16,22.908,77.93,0,0,2019-11-22 16:00:00
2019-11-22,11,326,17,23.004,76.61,0,0,2019-11-22 17:00:00
2019-11-22,11,326,18,22.621,80.71,0,0,2019-11-22 18:00:00
2019-11-22,11,326,19,22.142,82.96,0,2,2019-11-22 19:00:00
2019-11-22,11,326,20,21.091,85.19,0,2,2019-11-22 20:00:00
2019-11-22,11,326,21,20.424,87.27,0,1,2019-11-22 21:00:00
2019-11-22,11,326,22,18.236,93.63,0,0,2019-11-22 22:00:00
2019-11-22,11,326,23,17.95,98.01,0,3,2019-11-22 23:00:00
2019-11-23,11,327,0,17.665,99.37,0,3,2019-11-23 00:00:00
2019-11-23,11,327,1,16.808,100.0,0,2,2019-11-23 01:00:00
2019-11-23,11,327,2,15.76,100.0,0,2,2019-11-23 02:00:00
2019-11-23,11,327,3,14.996,100.0,0,2,2019-11-23 03:00:00
2019-11-23,11,327,4,14.613,100.0,0,2,2019-11-23 04:00:00
2019-11-23,11,327,5,14.709,100.0,0,1,2019-11-23 05:00:00
2019-11-23,11,327,6,14.709,100.0,0,2,2019-11-23 06:00:00
2019-11-23,11,327,7,14.709,100.0,0,2,2019-11-23 07:00:00
2019-11-23,11,327,8,15.091,100.0,0,0,2019-11-23 08:00:00
2019-11-23,11,327,9,15.855,100.0,0,0,2019-11-23 09:00:00
2019-11-23,11,327,10,16.618,100.0,0,2,2019-11-23 10:00:00
2019-11-23,11,327,11,17.665,100.0,0,0,2019-11-23 11:00:00
2019-11-23,11,327,12,18.521,100.0,0,0,2019-11-23 12:00:00
2019-11-23,11,327,13,19.472,100.0,0,0,2019-11-23 13:00:00
2019-11-23,11,327,14,19.853,100.0,0,0,2019-11-23 14:00:00
2019-11-23,11,327,15,20.329,98.23,0,0,2019-11-23 15:00:00
2019-11-23,11,327,16,21.187,91.24,0,0,2019-11-23 16:00:00
2019-11-23,11,327,17,20.805,91.22,0,0,2019-11-23 17:00:00
2019-11-23,11,327,18,20.043,93.74,0,0,2019-11-23 18:00:00
2019-11-23,11,327,19,19.187,93.68,0,2,2019-11-23 19:00:00
2019-11-23,11,327,20,18.521,95.66,0,2,2019-11-23 20:00:00
2019-11-23,11,327,21,18.426,98.05,0,0,2019-11-23 21:00:00
2019-11-23,11,327,22,18.236,99.43,0,0,2019-11-23 22:00:00
2019-11-23,11,327,23,18.14,99.42,0,1,2019-11-23 23:00:00
2019-11-24,11,328,0,18.045,99.41,0,0,2019-11-24 00:00:00
2019-11-24,11,328,1,17.855,99.39,0,0,2019-11-24 01:00:00
2019-11-24,11,328,2,17.665,100.0,0,0,2019-11-24 02:00:00
2019-11-24,11,328,3,17.379,100.0,0,0,2019-11-24 03:00:00
2019-11-24,11,328,4,17.57,100.0,0,0,2019-11-24 04:00:00
2019-11-24,11,328,5,17.665,100.0,0,0,2019-11-24 05:00:00
2019-11-24,11,328,6,17.76,100.0,0,1,2019-11-24 06:00:00
2019-11-24,11,328,7,17.665,100.0,0,0,2019-11-24 07:00:00
2019-11-24,11,328,8,17.95,100.0,0,0,2019-11-24 08:00:00
2019-11-24,11,328,9,18.426,100.0,0,0,2019-11-24 09:00:00
2019-11-24,11,328,10,18.711,100.0,0,0,2019-11-24 10:00:00
2019-11-24,11,328,11,19.662,100.0,0,0,2019-11-24 11:00:00
2019-11-24,11,328,12,20.805,97.0,0,0,2019-11-24 12:00:00
2019-11-24,11,328,13,20.901,93.79,0,0,2019-11-24 13:00:00
2019-11-24,11,328,14,20.805,92.02,0,0,2019-11-24 14:00:00
2019-11-24,11,328,15,20.901,94.77,0,0,2019-11-24 15:00:00
2019-11-24,11,328,16,20.71,95.83,0,0,2019-11-24 16:00:00
2019-11-24,11,328,17,20.901,97.0,0,0,2019-11-24 17:00:00
2019-11-24,11,328,18,21.091,95.86,0,0,2019-11-24 18:00:00
2019-11-24,11,328,19,20.996,97.01,0,0,2019-11-24 19:00:00
2019-11-24,11,328,20,20.234,96.95,0,1,2019-11-24 20:00:00
2019-11-24,11,328,21,19.853,98.18,0,0,2019-11-24 21:00:00
2019-11-24,11,328,22,19.948,98.19,0,1,2019-11-24 22:00:00
2019-11-24,11,328,23,19.853,98.18,0,1,2019-11-24 23:00:00
2019-11-25,11,329,0,20.043,98.2,0,0,2019-11-25 00:00:00
2019-11-25,11,329,1,20.043,99.6,0,0,2019-11-25 01:00:00
2019-11-25,11,329,2,19.662,99.56,0,0,2019-11-25 02:00:00
2019-11-25,11,329,3,19.377,99.54,0,0,2019-11-25 03:00:00
2019-11-25,11,329,4,18.711,99.47,0,0,2019-11-25 04:00:00
2019-11-25,11,329,5,18.331,99.43,0,0,2019-11-25 05:00:00
2019-11-25,11,329,6,18.236,99.43,0,0,2019-11-25 06:00:00
2019-11-25,11,329,7,17.95,99.4,0,0,2019-11-25 07:00:00
2019-11-25,11,329,8,18.045,100.0,0,0,2019-11-25 08:00:00
2019-11-25,11,329,9,18.901,100.0,0,0,2019-11-25 09:00:00
2019-11-25,11,329,10,20.138,100.0,0,0,2019-11-25 10:00:00
2019-11-25,11,329,11,21.951,98.37,0,0,2019-11-25 11:00:00
2019-11-25,11,329,12,23.1,90.55,0,0,2019-11-25 12:00:00
2019-11-25,11,329,13,24.062,87.89,0,0,2019-11-25 13:00:00
2019-11-25,11,329,14,24.545,83.3,0,0,2019-11-25 14:00:00
2019-11-25,11,329,15,23.869,83.76,0,0,2019-11-25 15:00:00
2019-11-25,11,329,16,25.125,77.47,0,0,2019-11-25 16:00:00
2019-11-25,11,329,17,24.255,79.3,0,0,2019-11-25 17:00:00
2019-11-25,11,329,18,24.835,78.06,0,0,2019-11-25 18:00:00
2019-11-25,11,329,19,23.388,85.16,0,0,2019-11-25 19:00:00
2019-11-25,11,329,20,22.812,86.18,0,2,2019-11-25 20:00:00
2019-11-25,11,329,21,22.238,87.28,0,1,2019-11-25 21:00:00
2019-11-25,11,329,22,21.951,88.47,0,0,2019-11-25 22:00:00
2019-11-25,11,329,23,21.664,91.26,0,2,2019-11-25 23:00:00
2019-11-26,11,330,0,21.569,92.06,0,1,2019-11-26 00:00:00
2019-11-26,11,330,1,21.282,93.81,0,2,2019-11-26 01:00:00
2019-11-26,11,330,2,20.996,93.8,0,2,2019-11-26 02:00:00
2019-11-26,11,330,3,20.805,94.77,0,0,2019-11-26 03:00:00
2019-11-26,11,330,4,20.615,94.75,0,1,2019-11-26 04:00:00
2019-11-26,11,330,5,20.329,95.8,0,0,2019-11-26 05:00:00
2019-11-26,11,330,6,20.519,95.81,0,0,2019-11-26 06:00:00
2019-11-26,11,330,7,20.615,95.82,0,0,2019-11-26 07:00:00
2019-11-26,11,330,8,20.71,93.78,0,0,2019-11-26 08:00:00
2019-11-26,11,330,9,20.901,93.79,0,0,2019-11-26 09:00:00
2019-11-26,11,330,10,20.71,93.78,0,0,2019-11-26 10:00:00
2019-11-26,11,330,11,20.805,93.78,0,0,2019-11-26 11:00:00
2019-11-26,11,330,12,20.71,92.87,0,0,2019-11-26 12:00:00
2019-11-26,11,330,13,20.234,94.73,0,0,2019-11-26 13:00:00
2019-11-26,11,330,14,19.948,95.77,0,0,2019-11-26 14:00:00
2019-11-26,11,330,15,19.472,98.15,0,1,2019-11-26 15:00:00
2019-11-26,11,330,16,19.282,98.13,0,0,2019-11-26 16:00:00
2019-11-26,11,330,17,18.901,99.49,0,0,2019-11-26 17:00:00
2019-11-26,11,330,18,18.331,99.43,0,0,2019-11-26 18:00:00
2019-11-26,11,330,19,17.189,99.32,0,0,2019-11-26 19:00:00
2019-11-26,11,330,20,16.523,100.0,0,1,2019-11-26 20:00:00
2019-11-26,11,330,21,16.332,100.0,0,2,2019-11-26 21:00:00
2019-11-26,11,330,22,15.569,100.0,0,2,2019-11-26 22:00:00
2019-11-26,11,330,23,14.996,100.0,0,1,2019-11-26 23:00:00
2019-11-27,11,331,0,14.9,100.0,0,2,2019-11-27 00:00:00
2019-11-27,11,331,1,15.091,100.0,0,2,2019-11-27 01:00:00
2019-11-27,11,331,2,15.187,100.0,0,1,2019-11-27 02:00:00
2019-11-27,11,331,3,14.517,100.0,0,1,2019-11-27 03:00:00
2019-11-27,11,331,4,14.134,100.0,0,0,2019-11-27 04:00:00
2019-11-27,11,331,5,14.517,100.0,0,1,2019-11-27 05:00:00
2019-11-27,11,331,6,14.421,100.0,0,2,2019-11-27 06:00:00
2019-11-27,11,331,7,14.517,100.0,0,2,2019-11-27 07:00:00
2019-11-27,11,331,8,14.325,100.0,0,1,2019-11-27 08:00:00
2019-11-27,11,331,9,14.421,100.0,0,0,2019-11-27 09:00:00
2019-11-27,11,331,10,14.804,100.0,0,0,2019-11-27 10:00:00
2019-11-27,11,331,11,14.996,100.0,0,0,2019-11-27 11:00:00
2019-11-27,11,331,12,15.855,100.0,0,0,2019-11-27 12:00:00
2019-11-27,11,331,13,15.855,100.0,0,0,2019-11-27 13:00:00
2019-11-27,11,331,14,15.569,100.0,0,1,2019-11-27 14:00:00
2019-11-27,11,331,15,15.855,100.0,0,0,2019-11-27 15:00:00
2019-11-27,11,331,16,15.664,100.0,0,0,2019-11-27 16:00:00
2019-11-27,11,331,17,15.951,100.0,0,0,2019-11-27 17:00:00
2019-11-27,11,331,18,16.046,100.0,0,2,2019-11-27 18:00:00
2019-11-27,11,331,19,16.141,100.0,0,0,2019-11-27 19:00:00
2019-11-27,11,331,20,16.141,100.0,0,2,2019-11-27 20:00:00
2019-11-27,11,331,21,15.378,100.0,0,0,2019-11-27 21:00:00
2019-11-27,11,331,22,14.996,100.0,0,0,2019-11-27 22:00:00
2019-11-27,11,331,23,14.804,100.0,0,2,2019-11-27 23:00:00
2019-11-28,11,332,0,14.709,100.0,0,0,2019-11-28 00:00:00
2019-11-28,11,332,1,14.517,100.0,0,1,2019-11-28 01:00:00
2019-11-28,11,332,2,14.134,100.0,0,0,2019-11-28 02:00:00
2019-11-28,11,332,3,13.654,100.0,0,0,2019-11-28 03:00:00
2019-11-28,11,332,4,13.365,100.0,0,0,2019-11-28 04:00:00
2019-11-28,11,332,5,13.173,100.0,0,0,2019-11-28 05:00:00
2019-11-28,11,332,6,12.98,100.0,0,0,2019-11-28 06:00:00
2019-11-28,11,332,7,12.787,100.0,0,0,2019-11-28 07:00:00
2019-11-28,11,332,8,13.076,100.0,0,0,2019-11-28 08:00:00
2019-11-28,11,332,9,13.654,100.0,0,0,2019-11-28 09:00:00
2019-11-28,11,332,10,14.9,100.0,0,0,2019-11-28 10:00:00
2019-11-28,11,332,11,16.237,100.0,0,0,2019-11-28 11:00:00
2019-11-28,11,332,12,17.379,100.0,0,0,2019-11-28 12:00:00
2019-11-28,11,332,13,17.57,100.0,0,0,2019-11-28 13:00:00
2019-11-28,11,332,14,17.855,100.0,0,0,2019-11-28 14:00:00
2019-11-28,11,332,15,17.855,100.0,0,0,2019-11-28 15:00:00
2019-11-28,11,332,16,17.76,100.0,0,0,2019-11-28 16:00:00
2019-11-28,11,332,17,17.665,100.0,0,0,2019-11-28 17:00:00
2019-11-28,11,332,18,17.57,100.0,0,0,2019-11-28 18:00:00
2019-11-28,11,332,19,17.284,100.0,0,0,2019-11-28 19:00:00
2019-11-28,11,332,20,16.999,100.0,0,0,2019-11-28 20:00:00
2019-11-28,11,332,21,16.903,100.0,0,0,2019-11-28 21:00:00
2019-11-28,11,332,22,16.808,100.0,0,0,2019-11-28 22:00:00
2019-11-28,11,332,23,16.808,100.0,0,0,2019-11-28 23:00:00
2019-11-29,11,333,0,16.808,100.0,0,0,2019-11-29 00:00:00
2019-11-29,11,333,1,16.618,100.0,0,0,2019-11-29 01:00:00
2019-11-29,11,333,2,16.618,100.0,0,0,2019-11-29 02:00:00
2019-11-29,11,333,3,16.332,100.0,0,0,2019-11-29 03:00:00
2019-11-29,11,333,4,16.427,100.0,0,0,2019-11-29 04:00:00
2019-11-29,11,333,5,16.523,100.0,0,0,2019-11-29 05:00:00
2019-11-29,11,333,6,16.046,100.0,0,0,2019-11-29 06:00:00
2019-11-29,11,333,7,15.76,100.0,0,0,2019-11-29 07:00:00
2019-11-29,11,333,8,16.046,100.0,0,0,2019-11-29 08:00:00
2019-11-29,11,333,9,16.427,100.0,0,0,2019-11-29 09:00:00
2019-11-29,11,333,10,17.189,100.0,0,0,2019-11-29 10:00:00
2019-11-29,11,333,11,18.331,100.0,0,0,2019-11-29 11:00:00
2019-11-29,11,333,12,20.043,100.0,0,0,2019-11-29 12:00:00
2019-11-29,11,333,13,21.091,100.0,0,0,2019-11-29 13:00:00
2019-11-29,11,333,14,21.569,97.06,0,0,2019-11-29 14:00:00
2019-11-29,11,333,15,22.525,92.1,0,0,2019-11-29 15:00:00
2019-11-29,11,333,16,22.046,92.08,0,0,2019-11-29 16:00:00
2019-11-29,11,333,17,22.621,91.3,0,0,2019-11-29 17:00:00
2019-11-29,11,333,18,22.142,92.08,0,0,2019-11-29 18:00:00
2019-11-29,11,333,19,21.473,92.91,0,1,2019-11-29 19:00:00
2019-11-29,11,333,20,20.71,95.83,0,2,2019-11-29 20:00:00
2019-11-29,11,333,21,20.138,96.94,0,2,2019-11-29 21:00:00
2019-11-29,11,333,22,20.043,96.93,0,1,2019-11-29 22:00:00
2019-11-29,11,333,23,19.948,98.19,0,2,2019-11-29 23:00:00
2019-11-30,11,334,0,19.662,98.17,0,0,2019-11-30 00:00:00
2019-11-30,11,334,1,19.472,98.15,0,0,2019-11-30 01:00:00
2019-11-30,11,334,2,19.282,99.53,0,1,2019-11-30 02:00:00
2019-11-30,11,334,3,19.187,99.52,0,1,2019-11-30 03:00:00
2019-11-30,11,334,4,19.282,99.53,0,2,2019-11-30 04:00:00
2019-11-30,11,334,5,19.092,99.51,0,1,2019-11-30 05:00:00
2019-11-30,11,334,6,18.521,99.45,0,0,2019-11-30 06:00:00
2019-11-30,11,334,7,18.331,99.43,0,0,2019-11-30 07:00:00
2019-11-30,11,334,8,18.521,100.0,0,0,2019-11-30 08:00:00
2019-11-30,11,334,9,18.996,100.0,0,0,2019-11-30 09:00:00
2019-11-30,11,334,10,20.329,99.63,0,0,2019-11-30 10:00:00
2019-11-30,11,334,11,22.238,97.12,0,0,2019-11-30 11:00:00
2019-11-30,11,334,12,23.292,82.92,0,0,2019-11-30 12:00:00
2019-11-30,11,334,13,24.351,76.49,0,0,2019-11-30 13:00:00
2019-11-30,11,334,14,24.835,77.49,0,0,2019-11-30 14:00:00
2019-11-30,11,334,15,25.61,71.54,0,0,2019-11-30 15:00:00
2019-11-30,11,334,16,25.222,69.06,0,0,2019-11-30 16:00:00
2019-11-30,11,334,17,25.902,68.81,0,0,2019-11-30 17:00:00
2019-11-30,11,334,18,26.097,65.63,0,0,2019-11-30 18:00:00
2019-11-30,11,334,19,25.028,68.0,0,1,2019-11-30 19:00:00
2019-11-30,11,334,20,23.196,79.68,0,0,2019-11-30 20:00:00
2019-11-30,11,334,21,22.238,81.43,0,0,2019-11-30 21:00:00
2019-11-30,11,334,22,20.234,85.69,0,0,2019-11-30 22:00:00
2019-11-30,11,334,23,18.616,93.65,0,1,2019-11-30 23:00:00
2019-12-01,12,335,0,18.426,96.79,0,2,2019-12-01 00:00:00
2019-12-01,12,335,1,18.236,98.03,0,1,2019-12-01 01:00:00
2019-12-01,12,335,2,18.331,100.0,0,0,2019-12-01 02:00:00
2019-12-01,12,335,3,18.426,100.0,0,0,2019-12-01 03:00:00
2019-12-01,12,335,4,17.475,100.0,0,0,2019-12-01 04:00:00
2019-12-01,12,335,5,17.379,100.0,0,1,2019-12-01 05:00:00
2019-12-01,12,335,6,17.379,100.0,0,2,2019-12-01 06:00:00
2019-12-01,12,335,7,17.284,100.0,0,1,2019-12-01 07:00:00
2019-12-01,12,335,8,17.094,100.0,0,0,2019-12-01 08:00:00
2019-12-01,12,335,9,16.808,100.0,0,0,2019-12-01 09:00:00
2019-12-01,12,335,10,16.618,100.0,0,0,2019-12-01 10:00:00
2019-12-01,12,335,11,16.713,100.0,0,0,2019-12-01 11:00:00
2019-12-01,12,335,12,16.618,100.0,0,2,2019-12-01 12:00:00
2019-12-01,12,335,13,16.999,100.0,0,0,2019-12-01 13:00:00
2019-12-01,12,335,14,16.808,100.0,0,0,2019-12-01 14:00:00
2019-12-01,12,335,15,17.094,100.0,0,1,2019-12-01 15:00:00
2019-12-01,12,335,16,16.618,100.0,0,0,2019-12-01 16:00:00
2019-12-01,12,335,17,17.284,100.0,0,0,2019-12-01 17:00:00
2019-12-01,12,335,18,16.808,100.0,0,0,2019-12-01 18:00:00
2019-12-01,12,335,19,16.523,100.0,0,2,2019-12-01 19:00:00
2019-12-01,12,335,20,16.332,100.0,0,3,2019-12-01 20:00:00
2019-12-01,12,335,21,15.664,100.0,0,2,2019-12-01 21:00:00
2019-12-01,12,335,22,15.76,100.0,0,0,2019-12-01 22:00:00
2019-12-01,12,335,23,15.664,100.0,0,2,2019-12-01 23:00:00
2019-12-02,12,336,0,15.569,100.0,0,0,2019-12-02 00:00:00
2019-12-02,12,336,1,15.664,100.0,0,0,2019-12-02 01:00:00
2019-12-02,12,336,2,15.664,100.0,0,1,2019-12-02 02:00:00
2019-12-02,12,336,3,15.473,100.0,0,0,2019-12-02 03:00:00
2019-12-02,12,336,4,15.282,100.0,0,0,2019-12-02 04:00:00
2019-12-02,12,336,5,15.187,100.0,0,0,2019-12-02 05:00:00
2019-12-02,12,336,6,15.091,100.0,0,2,2019-12-02 06:00:00
2019-12-02,12,336,7,14.996,100.0,0,0,2019-12-02 07:00:00
2019-12-02,12,336,8,14.996,100.0,0,0,2019-12-02 08:00:00
2019-12-02,12,336,9,15.378,100.0,0,0,2019-12-02 09:00:00
2019-12-02,12,336,10,16.237,100.0,0,0,2019-12-02 10:00:00
2019-12-02,12,336,11,16.523,100.0,0,0,2019-12-02 11:00:00
2019-12-02,12,336,12,16.808,100.0,0,0,2019-12-02 12:00:00
2019-12-02,12,336,13,16.713,100.0,0,0,2019-12-02 13:00:00
2019-12-02,12,336,14,16.808,100.0,0,0,2019-12-02 14:00:00
2019-12-02,12,336,15,17.76,100.0,0,0,2019-12-02 15:00:00
2019-12-02,12,336,16,17.57,100.0,0,0,2019-12-02 16:00:00
2019-12-02,12,336,17,17.189,100.0,0,0,2019-12-02 17:00:00
2019-12-02,12,336,18,17.189,100.0,0,0,2019-12-02 18:00:00
2019-12-02,12,336,19,16.713,100.0,0,0,2019-12-02 19:00:00
2019-12-02,12,336,20,16.808,100.0,0,0,2019-12-02 20:00:00
2019-12-02,12,336,21,16.808,100.0,0,0,2019-12-02 21:00:00
2019-12-02,12,336,22,16.713,100.0,0,1,2019-12-02 22:00:00
2019-12-02,12,336,23,16.713,100.0,0,0,2019-12-02 23:00:00
2019-12-03,12,337,0,16.618,100.0,0,0,2019-12-03 00:00:00
2019-12-03,12,337,1,16.237,100.0,0,0,2019-12-03 01:00:00
2019-12-03,12,337,2,16.046,100.0,0,0,2019-12-03 02:00:00
2019-12-03,12,337,3,16.046,100.0,0,0,2019-12-03 03:00:00
2019-12-03,12,337,4,16.141,100.0,0,2,2019-12-03 04:00:00
2019-12-03,12,337,5,16.046,100.0,0,1,2019-12-03 05:00:00
2019-12-03,12,337,6,16.046,100.0,0,0,2019-12-03 06:00:00
2019-12-03,12,337,7,16.141,100.0,0,0,2019-12-03 07:00:00
2019-12-03,12,337,8,16.332,100.0,0,0,2019-12-03 08:00:00
2019-12-03,12,337,9,16.523,100.0,0,0,2019-12-03 09:00:00
2019-12-03,12,337,10,16.808,100.0,0,0,2019-12-03 10:00:00
2019-12-03,12,337,11,17.855,100.0,0,0,2019-12-03 11:00:00
2019-12-03,12,337,12,18.521,100.0,0,0,2019-12-03 12:00:00
2019-12-03,12,337,13,18.426,100.0,0,0,2019-12-03 13:00:00
2019-12-03,12,337,14,18.616,100.0,0,0,2019-12-03 14:00:00
2019-12-03,12,337,15,18.711,100.0,0,0,2019-12-03 15:00:00
2019-12-03,12,337,16,18.806,100.0,0,0,2019-12-03 16:00:00
2019-12-03,12,337,17,19.187,100.0,0,1,2019-12-03 17:00:00
2019-12-03,12,337,18,18.711,100.0,0,0,2019-12-03 18:00:00
2019-12-03,12,337,19,18.616,100.0,0,1,2019-12-03 19:00:00
2019-12-03,12,337,20,18.236,100.0,0,2,2019-12-03 20:00:00
2019-12-03,12,337,21,18.14,100.0,0,2,2019-12-03 21:00:00
2019-12-03,12,337,22,18.045,100.0,0,0,2019-12-03 22:00:00
2019-12-03,12,337,23,18.045,100.0,0,0,2019-12-03 23:00:00
2019-12-04,12,338,0,17.855,100.0,0,0,2019-12-04 00:00:00
2019-12-04,12,338,1,17.665,100.0,0,0,2019-12-04 01:00:00
2019-12-04,12,338,2,17.665,100.0,0,0,2019-12-04 02:00:00
2019-12-04,12,338,3,17.665,100.0,0,0,2019-12-04 03:00:00
2019-12-04,12,338,4,17.665,100.0,0,2,2019-12-04 04:00:00
2019-12-04,12,338,5,17.665,100.0,0,0,2019-12-04 05:00:00
2019-12-04,12,338,6,17.665,100.0,0,0,2019-12-04 06:00:00
2019-12-04,12,338,7,17.665,100.0,0,0,2019-12-04 07:00:00
2019-12-04,12,338,8,17.76,100.0,0,1,2019-12-04 08:00:00
2019-12-04,12,338,9,17.855,100.0,0,0,2019-12-04 09:00:00
2019-12-04,12,338,10,18.14,100.0,0,1,2019-12-04 10:00:00
2019-12-04,12,338,11,18.236,100.0,0,0,2019-12-04 11:00:00
2019-12-04,12,338,12,18.236,100.0,0,0,2019-12-04 12:00:00
2019-12-04,12,338,13,18.14,100.0,0,0,2019-12-04 13:00:00
2019-12-04,12,338,14,18.045,100.0,0,0,2019-12-04 14:00:00
2019-12-04,12,338,15,18.14,100.0,0,0,2019-12-04 15:00:00
2019-12-04,12,338,16,18.331,100.0,0,0,2019-12-04 16:00:00
2019-12-04,12,338,17,18.331,100.0,0,0,2019-12-04 17:00:00
2019-12-04,12,338,18,18.14,100.0,0,0,2019-12-04 18:00:00
2019-12-04,12,338,19,17.95,100.0,0,1,2019-12-04 19:00:00
2019-12-04,12,338,20,17.855,100.0,0,0,2019-12-04 20:00:00
2019-12-04,12,338,21,17.475,100.0,0,0,2019-12-04 21:00:00
2019-12-04,12,338,22,16.141,100.0,0,0,2019-12-04 22:00:00
2019-12-04,12,338,23,15.664,100.0,0,2,2019-12-04 23:00:00
2019-12-05,12,339,0,14.613,100.0,0,2,2019-12-05 00:00:00
2019-12-05,12,339,1,14.613,100.0,0,1,2019-12-05 01:00:00
2019-12-05,12,339,2,14.421,100.0,0,0,2019-12-05 02:00:00
2019-12-05,12,339,3,13.846,100.0,0,0,2019-12-05 03:00:00
2019-12-05,12,339,4,13.942,100.0,0,2,2019-12-05 04:00:00
2019-12-05,12,339,5,13.654,100.0,0,0,2019-12-05 05:00:00
2019-12-05,12,339,6,13.365,100.0,0,2,2019-12-05 06:00:00
2019-12-05,12,339,7,13.076,100.0,0,0,2019-12-05 07:00:00
2019-12-05,12,339,8,12.787,100.0,0,0,2019-12-05 08:00:00
2019-12-05,12,339,9,12.69,100.0,0,0,2019-12-05 09:00:00
2019-12-05,12,339,10,13.173,100.0,0,0,2019-12-05 10:00:00
2019-12-05,12,339,11,13.461,100.0,0,1,2019-12-05 11:00:00
2019-12-05,12,339,12,14.038,100.0,0,0,2019-12-05 12:00:00
2019-12-05,12,339,13,14.804,100.0,0,0,2019-12-05 13:00:00
2019-12-05,12,339,14,15.187,100.0,0,0,2019-12-05 14:00:00
2019-12-05,12,339,15,15.76,100.0,0,0,2019-12-05 15:00:00
2019-12-05,12,339,16,16.046,100.0,0,0,2019-12-05 16:00:00
2019-12-05,12,339,17,16.046,100.0,0,0,2019-12-05 17:00:00
2019-12-05,12,339,18,16.046,100.0,0,0,2019-12-05 18:00:00
2019-12-05,12,339,19,15.951,100.0,0,0,2019-12-05 19:00:00
2019-12-05,12,339,20,15.664,100.0,0,0,2019-12-05 20:00:00
2019-12-05,12,339,21,15.187,100.0,0,0,2019-12-05 21:00:00
2019-12-05,12,339,22,14.996,100.0,0,0,2019-12-05 22:00:00
2019-12-05,12,339,23,14.421,100.0,0,2,2019-12-05 23:00:00
2019-12-06,12,340,0,14.23,100.0,0,0,2019-12-06 00:00:00
2019-12-06,12,340,1,13.942,100.0,0,0,2019-12-06 01:00:00
2019-12-06,12,340,2,13.558,100.0,0,0,2019-12-06 02:00:00
2019-12-06,12,340,3,13.173,100.0,0,0,2019-12-06 03:00:00
2019-12-06,12,340,4,13.076,100.0,0,0,2019-12-06 04:00:00
2019-12-06,12,340,5,12.98,100.0,0,0,2019-12-06 05:00:00
2019-12-06,12,340,6,12.787,100.0,0,0,2019-12-06 06:00:00
2019-12-06,12,340,7,12.69,100.0,0,0,2019-12-06 07:00:00
2019-12-06,12,340,8,12.98,100.0,0,0,2019-12-06 08:00:00
2019-12-06,12,340,9,13.558,100.0,0,0,2019-12-06 09:00:00
2019-12-06,12,340,10,14.9,100.0,0,0,2019-12-06 10:00:00
2019-12-06,12,340,11,16.523,100.0,0,0,2019-12-06 11:00:00
2019-12-06,12,340,12,17.475,100.0,0,0,2019-12-06 12:00:00
2019-12-06,12,340,13,18.521,100.0,0,0,2019-12-06 13:00:00
2019-12-06,12,340,14,19.282,100.0,0,0,2019-12-06 14:00:00
2019-12-06,12,340,15,18.901,100.0,0,0,2019-12-06 15:00:00
2019-12-06,12,340,16,18.331,100.0,0,0,2019-12-06 16:00:00
2019-12-06,12,340,17,18.14,100.0,0,0,2019-12-06 17:00:00
2019-12-06,12,340,18,18.236,100.0,0,0,2019-12-06 18:00:00
2019-12-06,12,340,19,18.14,100.0,0,0,2019-12-06 19:00:00
2019-12-06,12,340,20,17.855,100.0,0,2,2019-12-06 20:00:00
2019-12-06,12,340,21,17.379,100.0,0,1,2019-12-06 21:00:00
2019-12-06,12,340,22,17.379,100.0,0,0,2019-12-06 22:00:00
2019-12-06,12,340,23,17.094,100.0,0,0,2019-12-06 23:00:00
2019-12-07,12,341,0,16.903,100.0,0,0,2019-12-07 00:00:00
2019-12-07,12,341,1,16.808,100.0,0,0,2019-12-07 01:00:00
2019-12-07,12,341,2,16.713,100.0,0,0,2019-12-07 02:00:00
2019-12-07,12,341,3,16.523,100.0,0,0,2019-12-07 03:00:00
2019-12-07,12,341,4,16.427,100.0,0,0,2019-12-07 04:00:00
2019-12-07,12,341,5,16.332,100.0,0,0,2019-12-07 05:00:00
2019-12-07,12,341,6,16.141,100.0,0,0,2019-12-07 06:00:00
2019-12-07,12,341,7,16.237,100.0,0,0,2019-12-07 07:00:00
2019-12-07,12,341,8,16.523,100.0,0,0,2019-12-07 08:00:00
2019-12-07,12,341,9,16.999,100.0,0,0,2019-12-07 09:00:00
2019-12-07,12,341,10,17.379,100.0,0,0,2019-12-07 10:00:00
2019-12-07,12,341,11,18.236,100.0,0,0,2019-12-07 11:00:00
2019-12-07,12,341,12,18.331,100.0,0,0,2019-12-07 12:00:00
2019-12-07,12,341,13,18.806,100.0,0,0,2019-12-07 13:00:00
2019-12-07,12,341,14,18.616,100.0,0,0,2019-12-07 14:00:00
2019-12-07,12,341,15,18.616,100.0,0,1,2019-12-07 15:00:00
2019-12-07,12,341,16,18.616,100.0,0,0,2019-12-07 16:00:00
2019-12-07,12,341,17,18.14,100.0,0,0,2019-12-07 17:00:00
2019-12-07,12,341,18,17.855,100.0,0,0,2019-12-07 18:00:00
2019-12-07,12,341,19,17.95,100.0,0,0,2019-12-07 19:00:00
2019-12-07,12,341,20,17.76,100.0,0,2,2019-12-07 20:00:00
2019-12-07,12,341,21,17.475,100.0,0,0,2019-12-07 21:00:00
2019-12-07,12,341,22,17.475,100.0,0,1,2019-12-07 22:00:00
2019-12-07,12,341,23,17.475,100.0,0,0,2019-12-07 23:00:00
2019-12-08,12,342,0,17.379,100.0,0,0,2019-12-08 00:00:00
2019-12-08,12,342,1,17.379,100.0,0,0,2019-12-08 01:00:00
2019-12-08,12,342,2,17.284,100.0,0,2,2019-12-08 02:00:00
2019-12-08,12,342,3,17.189,100.0,0,0,2019-12-08 03:00:00
2019-12-08,12,342,4,17.189,100.0,0,0,2019-12-08 04:00:00
2019-12-08,12,342,5,17.189,100.0,0,0,2019-12-08 05:00:00
2019-12-08,12,342,6,17.189,100.0,0,1,2019-12-08 06:00:00
2019-12-08,12,342,7,16.903,100.0,0,0,2019-12-08 07:00:00
2019-12-08,12,342,8,17.284,100.0,0,0,2019-12-08 08:00:00
2019-12-08,12,342,9,17.95,100.0,0,0,2019-12-08 09:00:00
2019-12-08,12,342,10,18.426,100.0,0,0,2019-12-08 10:00:00
2019-12-08,12,342,11,18.996,100.0,0,0,2019-12-08 11:00:00
2019-12-08,12,342,12,19.567,100.0,0,0,2019-12-08 12:00:00
2019-12-08,12,342,13,20.519,100.0,0,0,2019-12-08 13:00:00
2019-12-08,12,342,14,19.662,100.0,0,0,2019-12-08 14:00:00
2019-12-08,12,342,15,19.758,100.0,0,0,2019-12-08 15:00:00
2019-12-08,12,342,16,19.853,100.0,0,0,2019-12-08 16:00:00
2019-12-08,12,342,17,19.662,100.0,0,0,2019-12-08 17:00:00
2019-12-08,12,342,18,19.567,100.0,0,0,2019-12-08 18:00:00
2019-12-08,12,342,19,19.282,100.0,0,1,2019-12-08 19:00:00
2019-12-08,12,342,20,18.806,100.0,0,2,2019-12-08 20:00:00
2019-12-08,12,342,21,18.711,100.0,0,0,2019-12-08 21:00:00
2019-12-08,12,342,22,18.521,100.0,0,2,2019-12-08 22:00:00
2019-12-08,12,342,23,17.665,100.0,0,2,2019-12-08 23:00:00
2019-12-09,12,343,0,17.475,100.0,0,2,2019-12-09 00:00:00
2019-12-09,12,343,1,17.379,100.0,0,2,2019-12-09 01:00:00
2019-12-09,12,343,2,16.808,100.0,0,1,2019-12-09 02:00:00
2019-12-09,12,343,3,16.713,100.0,0,0,2019-12-09 03:00:00
2019-12-09,12,343,4,16.713,100.0,0,0,2019-12-09 04:00:00
2019-12-09,12,343,5,16.427,100.0,0,0,2019-12-09 05:00:00
2019-12-09,12,343,6,16.427,100.0,0,1,2019-12-09 06:00:00
2019-12-09,12,343,7,16.332,100.0,0,0,2019-12-09 07:00:00
2019-12-09,12,343,8,16.427,100.0,0,0,2019-12-09 08:00:00
2019-12-09,12,343,9,17.189,100.0,0,0,2019-12-09 09:00:00
2019-12-09,12,343,10,17.855,100.0,0,0,2019-12-09 10:00:00
2019-12-09,12,343,11,18.331,100.0,0,0,2019-12-09 11:00:00
2019-12-09,12,343,12,18.806,100.0,0,0,2019-12-09 12:00:00
2019-12-09,12,343,13,19.377,100.0,0,0,2019-12-09 13:00:00
2019-12-09,12,343,14,19.377,100.0,0,0,2019-12-09 14:00:00
2019-12-09,12,343,15,19.472,100.0,0,0,2019-12-09 15:00:00
2019-12-09,12,343,16,19.758,100.0,0,0,2019-12-09 16:00:00
2019-12-09,12,343,17,20.234,100.0,0,0,2019-12-09 17:00:00
2019-12-09,12,343,18,19.758,100.0,0,0,2019-12-09 18:00:00
2019-12-09,12,343,19,19.377,100.0,0,2,2019-12-09 19:00:00
2019-12-09,12,343,20,18.996,100.0,0,2,2019-12-09 20:00:00
2019-12-09,12,343,21,18.426,100.0,0,0,2019-12-09 21:00:00
2019-12-09,12,343,22,18.14,100.0,0,0,2019-12-09 22:00:00
2019-12-09,12,343,23,17.284,100.0,0,2,2019-12-09 23:00:00
2019-12-10,12,344,0,17.284,100.0,0,0,2019-12-10 00:00:00
2019-12-10,12,344,1,16.713,100.0,0,0,2019-12-10 01:00:00
2019-12-10,12,344,2,15.76,100.0,0,0,2019-12-10 02:00:00
2019-12-10,12,344,3,15.664,100.0,0,0,2019-12-10 03:00:00
2019-12-10,12,344,4,15.569,100.0,0,0,2019-12-10 04:00:00
2019-12-10,12,344,5,15.187,100.0,0,0,2019-12-10 05:00:00
2019-12-10,12,344,6,15.187,100.0,0,0,2019-12-10 06:00:00
2019-12-10,12,344,7,15.091,100.0,0,0,2019-12-10 07:00:00
2019-12-10,12,344,8,15.569,100.0,0,0,2019-12-10 08:00:00
2019-12-10,12,344,9,16.713,100.0,0,0,2019-12-10 09:00:00
2019-12-10,12,344,10,18.045,100.0,0,0,2019-12-10 10:00:00
2019-12-10,12,344,11,18.901,100.0,0,0,2019-12-10 11:00:00
2019-12-10,12,344,12,19.187,100.0,0,0,2019-12-10 12:00:00
2019-12-10,12,344,13,19.187,100.0,0,0,2019-12-10 13:00:00
2019-12-10,12,344,14,19.567,100.0,0,0,2019-12-10 14:00:00
2019-12-10,12,344,15,20.138,100.0,0,0,2019-12-10 15:00:00
2019-12-10,12,344,16,20.901,100.0,0,0,2019-12-10 16:00:00
2019-12-10,12,344,17,20.424,98.23,0,0,2019-12-10 17:00:00
2019-12-10,12,344,18,20.71,99.67,0,0,2019-12-10 18:00:00
2019-12-10,12,344,19,20.901,99.68,0,0,2019-12-10 19:00:00
2019-12-10,12,344,20,20.424,99.64,0,2,2019-12-10 20:00:00
2019-12-10,12,344,21,19.282,100.0,0,2,2019-12-10 21:00:00
2019-12-10,12,344,22,18.901,100.0,0,0,2019-12-10 22:00:00
2019-12-10,12,344,23,18.521,100.0,0,0,2019-12-10 23:00:00
2019-12-11,12,345,0,18.236,100.0,0,0,2019-12-11 00:00:00
2019-12-11,12,345,1,18.14,100.0,0,0,2019-12-11 01:00:00
2019-12-11,12,345,2,17.855,100.0,0,0,2019-12-11 02:00:00
2019-12-11,12,345,3,17.76,100.0,0,0,2019-12-11 03:00:00
2019-12-11,12,345,4,17.665,100.0,0,0,2019-12-11 04:00:00
2019-12-11,12,345,5,17.379,100.0,0,0,2019-12-11 05:00:00
2019-12-11,12,345,6,17.094,100.0,0,0,2019-12-11 06:00:00
2019-12-11,12,345,7,16.999,100.0,0,0,2019-12-11 07:00:00
2019-12-11,12,345,8,16.999,100.0,0,0,2019-12-11 08:00:00
2019-12-11,12,345,9,17.855,100.0,0,0,2019-12-11 09:00:00
2019-12-11,12,345,10,18.426,100.0,0,0,2019-12-11 10:00:00
2019-12-11,12,345,11,19.948,100.0,0,0,2019-12-11 11:00:00
2019-12-11,12,345,12,21.855,98.36,0,0,2019-12-11 12:00:00
2019-12-11,12,345,13,22.717,93.9,0,0,2019-12-11 13:00:00
2019-12-11,12,345,14,23.1,84.22,0,0,2019-12-11 14:00:00
2019-12-11,12,345,15,24.545,79.6,0,0,2019-12-11 15:00:00
2019-12-11,12,345,16,23.388,82.92,0,0,2019-12-11 16:00:00
2019-12-11,12,345,17,26.195,80.16,0,0,2019-12-11 17:00:00
2019-12-11,12,345,18,26.097,70.3,0,0,2019-12-11 18:00:00
2019-12-11,12,345,19,23.1,81.03,0,0,2019-12-11 19:00:00
2019-12-11,12,345,20,21.76,83.81,0,3,2019-12-11 20:00:00
2019-12-11,12,345,21,20.901,83.84,0,2,2019-12-11 21:00:00
2019-12-11,12,345,22,20.138,87.27,0,2,2019-12-11 22:00:00
2019-12-11,12,345,23,19.567,90.43,0,0,2019-12-11 23:00:00
2019-12-12,12,346,0,19.282,91.16,0,0,2019-12-12 00:00:00
2019-12-12,12,346,1,18.996,93.67,0,0,2019-12-12 01:00:00
2019-12-12,12,346,2,18.806,94.63,0,1,2019-12-12 02:00:00
2019-12-12,12,346,3,18.426,95.65,0,0,2019-12-12 03:00:00
2019-12-12,12,346,4,18.236,95.64,0,0,2019-12-12 04:00:00
2019-12-12,12,346,5,17.95,95.61,0,0,2019-12-12 05:00:00
2019-12-12,12,346,6,17.855,95.61,0,0,2019-12-12 06:00:00
2019-12-12,12,346,7,17.665,96.73,0,0,2019-12-12 07:00:00
2019-12-12,12,346,8,17.76,96.74,0,0,2019-12-12 08:00:00
2019-12-12,12,346,9,18.616,96.81,0,0,2019-12-12 09:00:00
2019-12-12,12,346,10,20.329,92.85,0,0,2019-12-12 10:00:00
2019-12-12,12,346,11,22.046,84.7,0,0,2019-12-12 11:00:00
2019-12-12,12,346,12,23.773,76.05,0,0,2019-12-12 12:00:00
2019-12-12,12,346,13,25.416,71.39,0,0,2019-12-12 13:00:00
2019-12-12,12,346,14,26.39,68.59,0,0,2019-12-12 14:00:00
2019-12-12,12,346,15,26.683,64.86,0,0,2019-12-12 15:00:00
2019-12-12,12,346,16,25.902,67.33,0,0,2019-12-12 16:00:00
2019-12-12,12,346,17,24.062,73.81,0,0,2019-12-12 17:00:00
2019-12-12,12,346,18,23.484,81.37,0,0,2019-12-12 18:00:00
2019-12-12,12,346,19,23.773,81.35,0,0,2019-12-12 19:00:00
2019-12-12,12,346,20,23.004,81.03,0,2,2019-12-12 20:00:00
2019-12-12,12,346,21,21.664,80.76,0,0,2019-12-12 21:00:00
2019-12-12,12,346,22,20.805,85.2,0,0,2019-12-12 22:00:00
2019-12-12,12,346,23,19.948,89.74,0,0,2019-12-12 23:00:00
2019-12-13,12,347,0,17.855,95.61,0,0,2019-12-13 00:00:00
2019-12-13,12,347,1,15.951,100.0,0,1,2019-12-13 01:00:00
2019-12-13,12,347,2,15.664,100.0,0,1,2019-12-13 02:00:00
2019-12-13,12,347,3,15.76,100.0,0,2,2019-12-13 03:00:00
2019-12-13,12,347,4,15.951,100.0,0,1,2019-12-13 04:00:00
2019-12-13,12,347,5,15.664,100.0,0,2,2019-12-13 05:00:00
2019-12-13,12,347,6,15.473,100.0,0,2,2019-12-13 06:00:00
2019-12-13,12,347,7,15.187,100.0,0,0,2019-12-13 07:00:00
2019-12-13,12,347,8,15.282,100.0,0,0,2019-12-13 08:00:00
2019-12-13,12,347,9,15.76,100.0,0,0,2019-12-13 09:00:00
2019-12-13,12,347,10,16.427,100.0,0,0,2019-12-13 10:00:00
2019-12-13,12,347,11,16.903,100.0,0,0,2019-12-13 11:00:00
2019-12-13,12,347,12,17.855,100.0,0,0,2019-12-13 12:00:00
2019-12-13,12,347,13,18.901,100.0,0,0,2019-12-13 13:00:00
2019-12-13,12,347,14,19.662,100.0,0,0,2019-12-13 14:00:00
2019-12-13,12,347,15,20.424,100.0,0,0,2019-12-13 15:00:00
2019-12-13,12,347,16,20.234,100.0,0,0,2019-12-13 16:00:00
2019-12-13,12,347,17,20.138,100.0,0,0,2019-12-13 17:00:00
2019-12-13,12,347,18,20.234,100.0,0,0,2019-12-13 18:00:00
2019-12-13,12,347,19,20.138,100.0,0,0,2019-12-13 19:00:00
2019-12-13,12,347,20,19.758,100.0,0,1,2019-12-13 20:00:00
2019-12-13,12,347,21,19.472,100.0,0,0,2019-12-13 21:00:00
2019-12-13,12,347,22,19.282,100.0,0,2,2019-12-13 22:00:00
2019-12-13,12,347,23,19.187,100.0,0,1,2019-12-13 23:00:00
2019-12-14,12,348,0,19.092,100.0,0,0,2019-12-14 00:00:00
2019-12-14,12,348,1,18.996,100.0,0,0,2019-12-14 01:00:00
2019-12-14,12,348,2,18.996,100.0,0,0,2019-12-14 02:00:00
2019-12-14,12,348,3,18.616,100.0,0,0,2019-12-14 03:00:00
2019-12-14,12,348,4,18.806,100.0,0,0,2019-12-14 04:00:00
2019-12-14,12,348,5,18.901,100.0,0,0,2019-12-14 05:00:00
2019-12-14,12,348,6,18.711,100.0,0,1,2019-12-14 06:00:00
2019-12-14,12,348,7,18.045,100.0,0,0,2019-12-14 07:00:00
2019-12-14,12,348,8,17.95,100.0,0,0,2019-12-14 08:00:00
2019-12-14,12,348,9,18.426,100.0,0,0,2019-12-14 09:00:00
2019-12-14,12,348,10,19.092,100.0,0,0,2019-12-14 10:00:00
2019-12-14,12,348,11,20.805,100.0,0,0,2019-12-14 11:00:00
2019-12-14,12,348,12,20.901,100.0,0,0,2019-12-14 12:00:00
2019-12-14,12,348,13,22.333,100.0,0,0,2019-12-14 13:00:00
2019-12-14,12,348,14,22.525,100.0,0,0,2019-12-14 14:00:00
2019-12-14,12,348,15,22.621,100.0,0,0,2019-12-14 15:00:00
2019-12-14,12,348,16,22.621,99.85,0,0,2019-12-14 16:00:00
2019-12-14,12,348,17,22.429,99.83,0,0,2019-12-14 17:00:00
2019-12-14,12,348,18,22.046,99.79,0,0,2019-12-14 18:00:00
2019-12-14,12,348,19,21.76,100.0,0,0,2019-12-14 19:00:00
2019-12-14,12,348,20,21.378,100.0,0,2,2019-12-14 20:00:00
2019-12-14,12,348,21,20.996,100.0,0,0,2019-12-14 21:00:00
2019-12-14,12,348,22,20.234,100.0,0,0,2019-12-14 22:00:00
2019-12-14,12,348,23,20.043,98.2,0,1,2019-12-14 23:00:00
2019-12-15,12,349,0,19.377,99.54,0,0,2019-12-15 00:00:00
2019-12-15,12,349,1,19.092,99.51,0,0,2019-12-15 01:00:00
2019-12-15,12,349,2,18.711,99.47,0,1,2019-12-15 02:00:00
2019-12-15,12,349,3,18.996,100.0,0,0,2019-12-15 03:00:00
2019-12-15,12,349,4,18.901,100.0,0,0,2019-12-15 04:00:00
2019-12-15,12,349,5,18.236,100.0,0,0,2019-12-15 05:00:00
2019-12-15,12,349,6,18.14,100.0,0,0,2019-12-15 06:00:00
2019-12-15,12,349,7,17.855,100.0,0,0,2019-12-15 07:00:00
2019-12-15,12,349,8,17.855,100.0,0,0,2019-12-15 08:00:00
2019-12-15,12,349,9,18.236,100.0,0,0,2019-12-15 09:00:00
2019-12-15,12,349,10,19.282,100.0,0,0,2019-12-15 10:00:00
2019-12-15,12,349,11,21.473,100.0,0,0,2019-12-15 11:00:00
2019-12-15,12,349,12,22.238,98.4,0,0,2019-12-15 12:00:00
2019-12-15,12,349,13,23.484,93.95,0,0,2019-12-15 13:00:00
2019-12-15,12,349,14,24.255,92.18,0,0,2019-12-15 14:00:00
2019-12-15,12,349,15,23.581,92.15,0,0,2019-12-15 15:00:00
2019-12-15,12,349,16,23.004,91.31,0,0,2019-12-15 16:00:00
2019-12-15,12,349,17,19.758,96.91,0,0,2019-12-15 17:00:00
2019-12-15,12,349,18,18.711,99.47,0,0,2019-12-15 18:00:00
2019-12-15,12,349,19,18.711,100.0,0,2,2019-12-15 19:00:00
2019-12-15,12,349,20,16.999,100.0,0,2,2019-12-15 20:00:00
2019-12-15,12,349,21,15.569,100.0,0,2,2019-12-15 21:00:00
2019-12-15,12,349,22,15.569,100.0,0,2,2019-12-15 22:00:00
2019-12-15,12,349,23,15.187,100.0,0,0,2019-12-15 23:00:00
2019-12-16,12,350,0,15.282,100.0,0,2,2019-12-16 00:00:00
2019-12-16,12,350,1,15.187,100.0,0,0,2019-12-16 01:00:00
2019-12-16,12,350,2,15.091,100.0,0,0,2019-12-16 02:00:00
2019-12-16,12,350,3,14.996,100.0,0,0,2019-12-16 03:00:00
2019-12-16,12,350,4,14.9,100.0,0,0,2019-12-16 04:00:00
2019-12-16,12,350,5,14.709,100.0,0,0,2019-12-16 05:00:00
2019-12-16,12,350,6,14.517,100.0,0,0,2019-12-16 06:00:00
2019-12-16,12,350,7,14.421,100.0,0,0,2019-12-16 07:00:00
2019-12-16,12,350,8,14.709,100.0,0,0,2019-12-16 08:00:00
2019-12-16,12,350,9,15.282,100.0,0,0,2019-12-16 09:00:00
2019-12-16,12,350,10,15.664,100.0,0,0,2019-12-16 10:00:00
2019-12-16,12,350,11,16.237,100.0,0,0,2019-12-16 11:00:00
2019-12-16,12,350,12,16.903,100.0,0,0,2019-12-16 12:00:00
2019-12-16,12,350,13,17.284,100.0,0,0,2019-12-16 13:00:00
2019-12-16,12,350,14,16.618,100.0,0,0,2019-12-16 14:00:00
2019-12-16,12,350,15,16.618,100.0,0,0,2019-12-16 15:00:00
2019-12-16,12,350,16,15.951,100.0,0,0,2019-12-16 16:00:00
2019-12-16,12,350,17,15.76,100.0,0,0,2019-12-16 17:00:00
2019-12-16,12,350,18,16.5,100.0,0,0,2019-12-16 18:00:00
2019-12-16,12,350,19,15.75,100.0,0,0,2019-12-16 19:00:00
2019-12-16,12,350,20,14.75,100.0,0,1,2019-12-16 20:00:00
2019-12-16,12,350,21,14.25,100.0,0,0,2019-12-16 21:00:00
2019-12-16,12,350,22,14.0,100.0,0,0,2019-12-16 22:00:00
2019-12-16,12,350,23,14.0,100.0,0,1,2019-12-16 23:00:00
2019-12-17,12,351,0,13.0,,0,0,2019-12-17 00:00:00
2019-12-17,12,351,1,12.75,,0,0,2019-12-17 01:00:00
2019-12-17,12,351,2,12.0,,0,0,2019-12-17 02:00:00
2019-12-17,12,351,3,11.5,,0,0,2019-12-17 03:00:00
2019-12-17,12,351,4,11.25,,0,0,2019-12-17 04:00:00
2019-12-17,12,351,5,11.25,,0,0,2019-12-17 05:00:00
2019-12-17,12,351,6,11.5,,0,0,2019-12-17 06:00:00
2019-12-17,12,351,7,11.5,,0,0,2019-12-17 07:00:00
2019-12-17,12,351,8,11.5,,0,0,2019-12-17 08:00:00
2019-12-17,12,351,9,11.5,,0,0,2019-12-17 09:00:00
2019-12-17,12,351,10,12.25,,0,0,2019-12-17 10:00:00
2019-12-17,12,351,11,13.75,,0,0,2019-12-17 11:00:00
2019-12-17,12,351,12,15.5,,0,0,2019-12-17 12:00:00
2019-12-17,12,351,13,16.75,,0,0,2019-12-17 13:00:00
2019-12-17,12,351,14,17.75,,0,0,2019-12-17 14:00:00
2019-12-17,12,351,15,18.5,,0,0,2019-12-17 15:00:00
2019-12-17,12,351,16,18.75,,0,0,2019-12-17 16:00:00
2019-12-17,12,351,17,18.5,,0,0,2019-12-17 17:00:00
2019-12-17,12,351,18,18.25,,0,0,2019-12-17 18:00:00
2019-12-17,12,351,19,17.5,,0,0,2019-12-17 19:00:00
2019-12-17,12,351,20,16.5,,0,1,2019-12-17 20:00:00
2019-12-17,12,351,21,16.0,,0,0,2019-12-17 21:00:00
2019-12-17,12,351,22,15.5,,0,0,2019-12-17 22:00:00
2019-12-17,12,351,23,15.5,,0,0,2019-12-17 23:00:00
2019-12-18,12,352,0,15.25,,0,0,2019-12-18 00:00:00
2019-12-18,12,352,1,14.75,,0,0,2019-12-18 01:00:00
2019-12-18,12,352,2,14.5,,0,0,2019-12-18 02:00:00
2019-12-18,12,352,3,14.25,,0,0,2019-12-18 03:00:00
2019-12-18,12,352,4,14.25,,0,0,2019-12-18 04:00:00
2019-12-18,12,352,5,14.25,,0,0,2019-12-18 05:00:00
2019-12-18,12,352,6,14.0,,0,0,2019-12-18 06:00:00
2019-12-18,12,352,7,14.0,,0,0,2019-12-18 07:00:00
2019-12-18,12,352,8,14.25,,0,0,2019-12-18 08:00:00
2019-12-18,12,352,9,14.25,,0,0,2019-12-18 09:00:00
2019-12-18,12,352,10,16.0,,0,0,2019-12-18 10:00:00
2019-12-18,12,352,11,18.0,,0,0,2019-12-18 11:00:00
2019-12-18,12,352,12,19.0,,0,0,2019-12-18 12:00:00
2019-12-18,12,352,13,20.0,,0,0,2019-12-18 13:00:00
2019-12-18,12,352,14,20.25,,0,0,2019-12-18 14:00:00
2019-12-18,12,352,15,20.75,,0,0,2019-12-18 15:00:00
2019-12-18,12,352,16,20.5,,0,0,2019-12-18 16:00:00
2019-12-18,12,352,17,20.0,,0,1,2019-12-18 17:00:00
2019-12-18,12,352,18,19.25,,0,0,2019-12-18 18:00:00
2019-12-18,12,352,19,18.75,,0,0,2019-12-18 19:00:00
2019-12-18,12,352,20,18.25,,0,0,2019-12-18 20:00:00
2019-12-18,12,352,21,18.0,,0,0,2019-12-18 21:00:00
2019-12-18,12,352,22,17.75,,0,0,2019-12-18 22:00:00
2019-12-18,12,352,23,17.5,,0,0,2019-12-18 23:00:00
2019-12-19,12,353,0,17.25,,0,0,2019-12-19 00:00:00
2019-12-19,12,353,1,17.0,,0,0,2019-12-19 01:00:00
2019-12-19,12,353,2,16.75,,0,0,2019-12-19 02:00:00
2019-12-19,12,353,3,16.5,,0,0,2019-12-19 03:00:00
2019-12-19,12,353,4,16.5,,0,0,2019-12-19 04:00:00
2019-12-19,12,353,5,16.25,,0,0,2019-12-19 05:00:00
2019-12-19,12,353,6,16.0,,0,0,2019-12-19 06:00:00
2019-12-19,12,353,7,16.0,,0,0,2019-12-19 07:00:00
2019-12-19,12,353,8,16.0,,0,0,2019-12-19 08:00:00
2019-12-19,12,353,9,16.25,,0,0,2019-12-19 09:00:00
2019-12-19,12,353,10,18.0,,0,0,2019-12-19 10:00:00
2019-12-19,12,353,11,19.75,,0,0,2019-12-19 11:00:00
2019-12-19,12,353,12,21.25,,0,0,2019-12-19 12:00:00
2019-12-19,12,353,13,22.5,,0,0,2019-12-19 13:00:00
2019-12-19,12,353,14,23.5,,0,0,2019-12-19 14:00:00
2019-12-19,12,353,15,22.5,,0,0,2019-12-19 15:00:00
2019-12-19,12,353,16,21.75,,0,0,2019-12-19 16:00:00
2019-12-19,12,353,17,21.0,,0,0,2019-12-19 17:00:00
2019-12-19,12,353,18,20.75,,0,0,2019-12-19 18:00:00
2019-12-19,12,353,19,20.75,,0,0,2019-12-19 19:00:00
2019-12-19,12,353,20,20.0,,0,0,2019-12-19 20:00:00
2019-12-19,12,353,21,19.75,,0,0,2019-12-19 21:00:00
2019-12-19,12,353,22,19.5,,0,0,2019-12-19 22:00:00
2019-12-19,12,353,23,19.5,,0,0,2019-12-19 23:00:00
2019-12-20,12,354,0,19.25,,0,0,2019-12-20 00:00:00
2019-12-20,12,354,1,19.0,,0,0,2019-12-20 01:00:00
2019-12-20,12,354,2,18.5,,0,0,2019-12-20 02:00:00
2019-12-20,12,354,3,18.5,,0,0,2019-12-20 03:00:00
2019-12-20,12,354,4,18.5,,0,0,2019-12-20 04:00:00
2019-12-20,12,354,5,18.25,,0,0,2019-12-20 05:00:00
2019-12-20,12,354,6,18.25,,0,0,2019-12-20 06:00:00
2019-12-20,12,354,7,18.0,,0,0,2019-12-20 07:00:00
2019-12-20,12,354,8,18.0,,0,0,2019-12-20 08:00:00
2019-12-20,12,354,9,18.25,,0,0,2019-12-20 09:00:00
2019-12-20,12,354,10,20.25,,0,0,2019-12-20 10:00:00
2019-12-20,12,354,11,22.25,,0,0,2019-12-20 11:00:00
2019-12-20,12,354,12,23.25,,0,0,2019-12-20 12:00:00
2019-12-20,12,354,13,24.5,,0,0,2019-12-20 13:00:00
2019-12-20,12,354,14,25.75,,0,0,2019-12-20 14:00:00
2019-12-20,12,354,15,24.5,,0,0,2019-12-20 15:00:00
2019-12-20,12,354,16,25.5,,0,0,2019-12-20 16:00:00
2019-12-20,12,354,17,25.0,,0,0,2019-12-20 17:00:00
2019-12-20,12,354,18,25.0,,0,0,2019-12-20 18:00:00
2019-12-20,12,354,19,24.25,,0,0,2019-12-20 19:00:00
2019-12-20,12,354,20,23.5,,0,2,2019-12-20 20:00:00
2019-12-20,12,354,21,22.5,,0,1,2019-12-20 21:00:00
2019-12-20,12,354,22,21.75,,0,0,2019-12-20 22:00:00
2019-12-20,12,354,23,21.5,,0,0,2019-12-20 23:00:00
2019-12-21,12,355,0,21.0,,0,0,2019-12-21 00:00:00
2019-12-21,12,355,1,19.5,,0,0,2019-12-21 01:00:00
2019-12-21,12,355,2,17.5,,0,0,2019-12-21 02:00:00
2019-12-21,12,355,3,16.5,,0,1,2019-12-21 03:00:00
2019-12-21,12,355,4,15.5,,0,0,2019-12-21 04:00:00
2019-12-21,12,355,5,15.0,,0,0,2019-12-21 05:00:00
2019-12-21,12,355,6,15.0,,0,2,2019-12-21 06:00:00
2019-12-21,12,355,7,15.0,,0,0,2019-12-21 07:00:00
2019-12-21,12,355,8,14.5,,0,0,2019-12-21 08:00:00
2019-12-21,12,355,9,14.75,,0,0,2019-12-21 09:00:00
2019-12-21,12,355,10,15.0,,0,0,2019-12-21 10:00:00
2019-12-21,12,355,11,15.25,,0,0,2019-12-21 11:00:00
2019-12-21,12,355,12,15.5,,0,0,2019-12-21 12:00:00
2019-12-21,12,355,13,16.25,,0,0,2019-12-21 13:00:00
2019-12-21,12,355,14,17.25,,0,0,2019-12-21 14:00:00
2019-12-21,12,355,15,18.25,,0,0,2019-12-21 15:00:00
2019-12-21,12,355,16,18.75,,0,0,2019-12-21 16:00:00
2019-12-21,12,355,17,18.75,,0,0,2019-12-21 17:00:00
2019-12-21,12,355,18,18.25,,0,0,2019-12-21 18:00:00
2019-12-21,12,355,19,17.5,,0,0,2019-12-21 19:00:00
2019-12-21,12,355,20,16.75,,0,2,2019-12-21 20:00:00
2019-12-21,12,355,21,15.75,,0,0,2019-12-21 21:00:00
2019-12-21,12,355,22,15.5,,0,0,2019-12-21 22:00:00
2019-12-21,12,355,23,15.5,,0,0,2019-12-21 23:00:00
2019-12-22,12,356,0,15.5,,0,0,2019-12-22 00:00:00
2019-12-22,12,356,1,15.5,,0,0,2019-12-22 01:00:00
2019-12-22,12,356,2,15.25,,0,0,2019-12-22 02:00:00
2019-12-22,12,356,3,15.25,,0,0,2019-12-22 03:00:00
2019-12-22,12,356,4,15.0,,0,0,2019-12-22 04:00:00
2019-12-22,12,356,5,14.75,,0,0,2019-12-22 05:00:00
2019-12-22,12,356,6,14.75,,0,0,2019-12-22 06:00:00
2019-12-22,12,356,7,14.5,,0,0,2019-12-22 07:00:00
2019-12-22,12,356,8,14.5,,0,0,2019-12-22 08:00:00
2019-12-22,12,356,9,14.75,,0,0,2019-12-22 09:00:00
2019-12-22,12,356,10,15.25,,0,0,2019-12-22 10:00:00
2019-12-22,12,356,11,15.75,,0,0,2019-12-22 11:00:00
2019-12-22,12,356,12,16.25,,0,0,2019-12-22 12:00:00
2019-12-22,12,356,13,16.75,,0,0,2019-12-22 13:00:00
2019-12-22,12,356,14,17.25,,0,0,2019-12-22 14:00:00
2019-12-22,12,356,15,17.75,,0,0,2019-12-22 15:00:00
2019-12-22,12,356,16,17.75,,0,0,2019-12-22 16:00:00
2019-12-22,12,356,17,17.25,,0,0,2019-12-22 17:00:00
2019-12-22,12,356,18,17.0,,0,0,2019-12-22 18:00:00
2019-12-22,12,356,19,17.0,,0,0,2019-12-22 19:00:00
2019-12-22,12,356,20,16.75,,0,0,2019-12-22 20:00:00
2019-12-22,12,356,21,16.25,,0,0,2019-12-22 21:00:00
2019-12-22,12,356,22,16.0,,0,0,2019-12-22 22:00:00
2019-12-22,12,356,23,15.75,,0,0,2019-12-22 23:00:00
2019-12-23,12,357,0,15.5,,0,0,2019-12-23 00:00:00
2019-12-23,12,357,1,15.25,,0,0,2019-12-23 01:00:00
2019-12-23,12,357,2,15.25,,0,0,2019-12-23 02:00:00
2019-12-23,12,357,3,15.0,,0,0,2019-12-23 03:00:00
2019-12-23,12,357,4,14.5,,0,0,2019-12-23 04:00:00
2019-12-23,12,357,5,14.25,,0,0,2019-12-23 05:00:00
2019-12-23,12,357,6,14.0,,0,0,2019-12-23 06:00:00
2019-12-23,12,357,7,13.75,,0,0,2019-12-23 07:00:00
2019-12-23,12,357,8,13.75,,0,0,2019-12-23 08:00:00
2019-12-23,12,357,9,13.75,,0,0,2019-12-23 09:00:00
2019-12-23,12,357,10,14.75,,0,0,2019-12-23 10:00:00
2019-12-23,12,357,11,16.5,,0,0,2019-12-23 11:00:00
2019-12-23,12,357,12,17.5,,0,0,2019-12-23 12:00:00
2019-12-23,12,357,13,19.5,,0,0,2019-12-23 13:00:00
2019-12-23,12,357,14,20.5,,0,0,2019-12-23 14:00:00
2019-12-23,12,357,15,21.0,,0,0,2019-12-23 15:00:00
2019-12-23,12,357,16,20.25,,0,0,2019-12-23 16:00:00
2019-12-23,12,357,17,20.0,,0,0,2019-12-23 17:00:00
2019-12-23,12,357,18,20.25,,0,0,2019-12-23 18:00:00
2019-12-23,12,357,19,20.25,,0,0,2019-12-23 19:00:00
2019-12-23,12,357,20,19.5,,0,1,2019-12-23 20:00:00
2019-12-23,12,357,21,18.5,,0,0,2019-12-23 21:00:00
2019-12-23,12,357,22,18.0,,0,0,2019-12-23 22:00:00
2019-12-23,12,357,23,17.75,,0,0,2019-12-23 23:00:00
2019-12-24,12,358,0,17.5,,0,0,2019-12-24 00:00:00
2019-12-24,12,358,1,17.5,,0,0,2019-12-24 01:00:00
2019-12-24,12,358,2,17.25,,0,0,2019-12-24 02:00:00
2019-12-24,12,358,3,17.0,,0,0,2019-12-24 03:00:00
2019-12-24,12,358,4,16.5,,0,0,2019-12-24 04:00:00
2019-12-24,12,358,5,16.0,,0,0,2019-12-24 05:00:00
2019-12-24,12,358,6,15.75,,0,0,2019-12-24 06:00:00
2019-12-24,12,358,7,15.75,,0,0,2019-12-24 07:00:00
2019-12-24,12,358,8,15.75,,0,0,2019-12-24 08:00:00
2019-12-24,12,358,9,16.0,,0,0,2019-12-24 09:00:00
2019-12-24,12,358,10,17.75,,0,0,2019-12-24 10:00:00
2019-12-24,12,358,11,19.5,,0,0,2019-12-24 11:00:00
2019-12-24,12,358,12,21.0,,0,0,2019-12-24 12:00:00
2019-12-24,12,358,13,22.5,,0,0,2019-12-24 13:00:00
2019-12-24,12,358,14,23.25,,0,0,2019-12-24 14:00:00
2019-12-24,12,358,15,24.0,,0,0,2019-12-24 15:00:00
2019-12-24,12,358,16,25.5,,0,0,2019-12-24 16:00:00
2019-12-24,12,358,17,26.25,,0,0,2019-12-24 17:00:00
2019-12-24,12,358,18,29.25,,0,0,2019-12-24 18:00:00
2019-12-24,12,358,19,26.0,,0,0,2019-12-24 19:00:00
2019-12-24,12,358,20,23.5,,0,0,2019-12-24 20:00:00
2019-12-24,12,358,21,22.25,,0,0,2019-12-24 21:00:00
2019-12-24,12,358,22,21.5,,0,0,2019-12-24 22:00:00
2019-12-24,12,358,23,21.0,,0,0,2019-12-24 23:00:00
2019-12-25,12,359,0,20.5,,0,0,2019-12-25 00:00:00
2019-12-25,12,359,1,20.25,,0,0,2019-12-25 01:00:00
2019-12-25,12,359,2,19.75,,0,0,2019-12-25 02:00:00
2019-12-25,12,359,3,19.5,,0,0,2019-12-25 03:00:00
2019-12-25,12,359,4,19.25,,0,0,2019-12-25 04:00:00
2019-12-25,12,359,5,19.0,,0,0,2019-12-25 05:00:00
2019-12-25,12,359,6,18.75,,0,0,2019-12-25 06:00:00
2019-12-25,12,359,7,18.75,,0,0,2019-12-25 07:00:00
2019-12-25,12,359,8,18.75,,0,0,2019-12-25 08:00:00
2019-12-25,12,359,9,19.0,,0,0,2019-12-25 09:00:00
2019-12-25,12,359,10,20.75,,0,0,2019-12-25 10:00:00
2019-12-25,12,359,11,22.5,,0,0,2019-12-25 11:00:00
2019-12-25,12,359,12,24.0,,0,0,2019-12-25 12:00:00
2019-12-25,12,359,13,24.5,,0,0,2019-12-25 13:00:00
2019-12-25,12,359,14,24.5,,0,0,2019-12-25 14:00:00
2019-12-25,12,359,15,25.0,,0,0,2019-12-25 15:00:00
2019-12-25,12,359,16,24.25,,0,0,2019-12-25 16:00:00
2019-12-25,12,359,17,24.0,,0,0,2019-12-25 17:00:00
2019-12-25,12,359,18,24.0,,0,0,2019-12-25 18:00:00
2019-12-25,12,359,19,23.5,,0,0,2019-12-25 19:00:00
2019-12-25,12,359,20,22.5,,0,0,2019-12-25 20:00:00
2019-12-25,12,359,21,22.0,,0,0,2019-12-25 21:00:00
2019-12-25,12,359,22,21.5,,0,0,2019-12-25 22:00:00
2019-12-25,12,359,23,21.0,,0,0,2019-12-25 23:00:00
2019-12-26,12,360,0,20.5,,0,0,2019-12-26 00:00:00
2019-12-26,12,360,1,20.0,,0,0,2019-12-26 01:00:00
2019-12-26,12,360,2,19.75,,0,0,2019-12-26 02:00:00
2019-12-26,12,360,3,19.75,,0,0,2019-12-26 03:00:00
2019-12-26,12,360,4,19.0,,0,1,2019-12-26 04:00:00
2019-12-26,12,360,5,18.75,,0,0,2019-12-26 05:00:00
2019-12-26,12,360,6,18.5,,0,1,2019-12-26 06:00:00
2019-12-26,12,360,7,18.0,,0,0,2019-12-26 07:00:00
2019-12-26,12,360,8,18.0,,0,0,2019-12-26 08:00:00
2019-12-26,12,360,9,18.0,,0,0,2019-12-26 09:00:00
2019-12-26,12,360,10,18.75,,0,0,2019-12-26 10:00:00
2019-12-26,12,360,11,19.0,,0,0,2019-12-26 11:00:00
2019-12-26,12,360,12,19.75,,0,0,2019-12-26 12:00:00
2019-12-26,12,360,13,20.0,,0,0,2019-12-26 13:00:00
2019-12-26,12,360,14,20.25,,0,0,2019-12-26 14:00:00
2019-12-26,12,360,15,21.0,,0,0,2019-12-26 15:00:00
2019-12-26,12,360,16,22.0,,0,0,2019-12-26 16:00:00
2019-12-26,12,360,17,21.5,,0,0,2019-12-26 17:00:00
2019-12-26,12,360,18,24.25,,0,0,2019-12-26 18:00:00
2019-12-26,12,360,19,22.5,,0,1,2019-12-26 19:00:00
2019-12-26,12,360,20,21.5,,0,2,2019-12-26 20:00:00
2019-12-26,12,360,21,20.5,,0,0,2019-12-26 21:00:00
2019-12-26,12,360,22,20.25,,0,0,2019-12-26 22:00:00
2019-12-26,12,360,23,20.0,,0,0,2019-12-26 23:00:00
2019-12-27,12,361,0,19.75,,0,0,2019-12-27 00:00:00
2019-12-27,12,361,1,19.5,,0,0,2019-12-27 01:00:00
2019-12-27,12,361,2,18.5,,0,1,2019-12-27 02:00:00
2019-12-27,12,361,3,18.25,,0,0,2019-12-27 03:00:00
2019-12-27,12,361,4,17.75,,0,0,2019-12-27 04:00:00
2019-12-27,12,361,5,17.25,,0,0,2019-12-27 05:00:00
2019-12-27,12,361,6,17.0,,0,1,2019-12-27 06:00:00
2019-12-27,12,361,7,16.75,,0,0,2019-12-27 07:00:00
2019-12-27,12,361,8,16.75,,0,0,2019-12-27 08:00:00
2019-12-27,12,361,9,17.25,,0,0,2019-12-27 09:00:00
2019-12-27,12,361,10,18.0,,0,0,2019-12-27 10:00:00
2019-12-27,12,361,11,19.5,,0,0,2019-12-27 11:00:00
2019-12-27,12,361,12,20.5,,0,0,2019-12-27 12:00:00
2019-12-27,12,361,13,21.25,,0,0,2019-12-27 13:00:00
2019-12-27,12,361,14,21.75,,0,0,2019-12-27 14:00:00
2019-12-27,12,361,15,22.75,,0,0,2019-12-27 15:00:00
2019-12-27,12,361,16,23.25,,0,0,2019-12-27 16:00:00
2019-12-27,12,361,17,24.0,,0,0,2019-12-27 17:00:00
2019-12-27,12,361,18,28.25,,0,0,2019-12-27 18:00:00
2019-12-27,12,361,19,24.25,,0,0,2019-12-27 19:00:00
2019-12-27,12,361,20,22.75,,0,0,2019-12-27 20:00:00
2019-12-27,12,361,21,21.75,,0,0,2019-12-27 21:00:00
2019-12-27,12,361,22,21.0,,0,0,2019-12-27 22:00:00
2019-12-27,12,361,23,20.0,,0,0,2019-12-27 23:00:00
2019-12-28,12,362,0,18.5,,0,0,2019-12-28 00:00:00
2019-12-28,12,362,1,18.0,,0,0,2019-12-28 01:00:00
2019-12-28,12,362,2,17.75,,0,0,2019-12-28 02:00:00
2019-12-28,12,362,3,17.5,,0,0,2019-12-28 03:00:00
2019-12-28,12,362,4,17.25,,0,0,2019-12-28 04:00:00
2019-12-28,12,362,5,17.0,,0,0,2019-12-28 05:00:00
2019-12-28,12,362,6,16.75,,0,0,2019-12-28 06:00:00
2019-12-28,12,362,7,16.5,,0,0,2019-12-28 07:00:00
2019-12-28,12,362,8,16.25,,0,0,2019-12-28 08:00:00
2019-12-28,12,362,9,16.5,,0,0,2019-12-28 09:00:00
2019-12-28,12,362,10,17.5,,0,0,2019-12-28 10:00:00
2019-12-28,12,362,11,19.5,,0,0,2019-12-28 11:00:00
2019-12-28,12,362,12,20.5,,0,0,2019-12-28 12:00:00
2019-12-28,12,362,13,21.0,,0,0,2019-12-28 13:00:00
2019-12-28,12,362,14,21.25,,0,0,2019-12-28 14:00:00
2019-12-28,12,362,15,23.0,,0,0,2019-12-28 15:00:00
2019-12-28,12,362,16,23.75,,0,0,2019-12-28 16:00:00
2019-12-28,12,362,17,23.75,,0,0,2019-12-28 17:00:00
2019-12-28,12,362,18,22.75,,0,0,2019-12-28 18:00:00
2019-12-28,12,362,19,21.25,,0,0,2019-12-28 19:00:00
2019-12-28,12,362,20,20.5,,0,0,2019-12-28 20:00:00
2019-12-28,12,362,21,20.0,,0,0,2019-12-28 21:00:00
2019-12-28,12,362,22,19.75,,0,0,2019-12-28 22:00:00
2019-12-28,12,362,23,19.75,,0,0,2019-12-28 23:00:00
2019-12-29,12,363,0,19.5,,0,0,2019-12-29 00:00:00
2019-12-29,12,363,1,19.25,,0,0,2019-12-29 01:00:00
2019-12-29,12,363,2,19.0,,0,0,2019-12-29 02:00:00
2019-12-29,12,363,3,17.75,,0,0,2019-12-29 03:00:00
2019-12-29,12,363,4,17.5,,0,0,2019-12-29 04:00:00
2019-12-29,12,363,5,17.25,,0,0,2019-12-29 05:00:00
2019-12-29,12,363,6,17.25,,0,0,2019-12-29 06:00:00
2019-12-29,12,363,7,17.0,,0,0,2019-12-29 07:00:00
2019-12-29,12,363,8,17.0,,0,0,2019-12-29 08:00:00
2019-12-29,12,363,9,17.25,,0,0,2019-12-29 09:00:00
2019-12-29,12,363,10,18.0,,0,0,2019-12-29 10:00:00
2019-12-29,12,363,11,18.75,,0,0,2019-12-29 11:00:00
2019-12-29,12,363,12,19.5,,0,0,2019-12-29 12:00:00
2019-12-29,12,363,13,20.5,,0,0,2019-12-29 13:00:00
2019-12-29,12,363,14,21.0,,0,0,2019-12-29 14:00:00
2019-12-29,12,363,15,20.25,,0,0,2019-12-29 15:00:00
2019-12-29,12,363,16,20.75,,0,0,2019-12-29 16:00:00
2019-12-29,12,363,17,20.5,,0,0,2019-12-29 17:00:00
2019-12-29,12,363,18,20.25,,0,0,2019-12-29 18:00:00
2019-12-29,12,363,19,20.0,,0,0,2019-12-29 19:00:00
2019-12-29,12,363,20,19.5,,0,0,2019-12-29 20:00:00
2019-12-29,12,363,21,19.25,,0,0,2019-12-29 21:00:00
2019-12-29,12,363,22,19.0,,0,0,2019-12-29 22:00:00
2019-12-29,12,363,23,19.0,,0,0,2019-12-29 23:00:00
2019-12-30,12,364,0,18.75,,0,0,2019-12-30 00:00:00
2019-12-30,12,364,1,18.5,,0,0,2019-12-30 01:00:00
2019-12-30,12,364,2,18.0,,0,0,2019-12-30 02:00:00
2019-12-30,12,364,3,17.75,,0,0,2019-12-30 03:00:00
2019-12-30,12,364,4,17.5,,0,0,2019-12-30 04:00:00
2019-12-30,12,364,5,17.0,,0,0,2019-12-30 05:00:00
2019-12-30,12,364,6,16.75,,0,0,2019-12-30 06:00:00
2019-12-30,12,364,7,16.5,,0,0,2019-12-30 07:00:00
2019-12-30,12,364,8,16.25,,0,0,2019-12-30 08:00:00
2019-12-30,12,364,9,16.5,,0,0,2019-12-30 09:00:00
2019-12-30,12,364,10,17.25,,0,0,2019-12-30 10:00:00
2019-12-30,12,364,11,18.25,,0,0,2019-12-30 11:00:00
2019-12-30,12,364,12,19.5,,0,0,2019-12-30 12:00:00
2019-12-30,12,364,13,20.5,,0,0,2019-12-30 13:00:00
2019-12-30,12,364,14,21.0,,0,0,2019-12-30 14:00:00
2019-12-30,12,364,15,21.75,,0,0,2019-12-30 15:00:00
2019-12-30,12,364,16,22.25,,0,0,2019-12-30 16:00:00
2019-12-30,12,364,17,22.5,,0,0,2019-12-30 17:00:00
2019-12-30,12,364,18,25.0,,0,0,2019-12-30 18:00:00
2019-12-30,12,364,19,22.0,,0,0,2019-12-30 19:00:00
2019-12-30,12,364,20,21.25,,0,1,2019-12-30 20:00:00
2019-12-30,12,364,21,20.25,,0,0,2019-12-30 21:00:00
2019-12-30,12,364,22,20.0,,0,0,2019-12-30 22:00:00
2019-12-30,12,364,23,19.75,,0,0,2019-12-30 23:00:00
2019-12-31,12,365,0,19.5,,0,0,2019-12-31 00:00:00
2019-12-31,12,365,1,19.5,,0,0,2019-12-31 01:00:00
2019-12-31,12,365,2,19.25,,0,0,2019-12-31 02:00:00
2019-12-31,12,365,3,19.0,,0,0,2019-12-31 03:00:00
2019-12-31,12,365,4,19.0,,0,0,2019-12-31 04:00:00
2019-12-31,12,365,5,18.0,,0,0,2019-12-31 05:00:00
2019-12-31,12,365,6,17.25,,0,0,2019-12-31 06:00:00
2019-12-31,12,365,7,17.25,,0,0,2019-12-31 07:00:00
2019-12-31,12,365,8,17.25,,0,0,2019-12-31 08:00:00
2019-12-31,12,365,9,17.25,,0,0,2019-12-31 09:00:00
2019-12-31,12,365,10,17.5,,0,0,2019-12-31 10:00:00
2019-12-31,12,365,11,18.5,,0,0,2019-12-31 11:00:00
2019-12-31,12,365,12,19.5,,0,0,2019-12-31 12:00:00
2019-12-31,12,365,13,20.5,,0,0,2019-12-31 13:00:00
2019-12-31,12,365,14,21.5,,0,0,2019-12-31 14:00:00
2019-12-31,12,365,15,22.5,,0,0,2019-12-31 15:00:00
2019-12-31,12,365,16,23.0,,0,0,2019-12-31 16:00:00
2019-12-31,12,365,17,23.0,,0,0,2019-12-31 17:00:00
2019-12-31,12,365,18,20.5,,0,0,2019-12-31 18:00:00
2019-12-31,12,365,19,18.0,,0,0,2019-12-31 19:00:00
2019-12-31,12,365,20,17.0,,0,0,2019-12-31 20:00:00
2019-12-31,12,365,21,16.5,,0,0,2019-12-31 21:00:00
2019-12-31,12,365,22,16.25,,0,0,2019-12-31 22:00:00
2019-12-31,12,365,23,16.25,,0,0,2019-12-31 23:00:00
2020-05-02,5,123,11,14.75,,0,0,2020-05-02 11:00:00
2020-05-02,5,123,12,14.25,,0,0,2020-05-02 12:00:00
2020-05-02,5,123,13,14.5,,0,0,2020-05-02 13:00:00
2020-05-02,5,123,14,15.0,,0,0,2020-05-02 14:00:00
2020-05-02,5,123,15,15.25,,0,0,2020-05-02 15:00:00
2020-05-02,5,123,16,15.5,,0,0,2020-05-02 16:00:00
2020-05-02,5,123,17,15.5,,0,0,2020-05-02 17:00:00
2020-05-02,5,123,18,15.25,,0,0,2020-05-02 18:00:00
2020-05-02,5,123,19,15.0,,0,0,2020-05-02 19:00:00
2020-05-02,5,123,20,15.0,,0,0,2020-05-02 20:00:00
2020-05-02,5,123,21,14.75,,0,0,2020-05-02 21:00:00
2020-05-02,5,123,22,14.75,,0,0,2020-05-02 22:00:00
2020-05-02,5,123,23,14.75,,0,0,2020-05-02 23:00:00
2020-05-03,5,124,0,14.75,,0,0,2020-05-03 00:00:00
2020-05-03,5,124,1,14.75,,0,0,2020-05-03 01:00:00
2020-05-03,5,124,2,14.75,,0,0,2020-05-03 02:00:00
2020-05-03,5,124,3,14.75,,0,0,2020-05-03 03:00:00
2020-05-03,5,124,4,14.5,,0,0,2020-05-03 04:00:00
2020-05-03,5,124,5,14.5,,0,0,2020-05-03 05:00:00
2020-05-03,5,124,6,14.5,,0,0,2020-05-03 06:00:00
2020-05-03,5,124,7,14.5,,0,0,2020-05-03 07:00:00
2020-05-03,5,124,8,14.5,,0,0,2020-05-03 08:00:00
2020-05-03,5,124,9,14.5,,0,0,2020-05-03 09:00:00
2020-05-03,5,124,10,14.75,,0,0,2020-05-03 10:00:00
2020-05-03,5,124,11,15.0,,0,0,2020-05-03 11:00:00
2020-05-03,5,124,12,15.5,,0,0,2020-05-03 12:00:00
2020-05-03,5,124,13,16.0,,0,0,2020-05-03 13:00:00
2020-05-03,5,124,14,16.75,,0,0,2020-05-03 14:00:00
2020-05-03,5,124,15,17.5,,0,0,2020-05-03 15:00:00
2020-05-03,5,124,16,17.75,,0,0,2020-05-03 16:00:00
2020-05-03,5,124,17,17.5,,0,0,2020-05-03 17:00:00
2020-05-03,5,124,18,17.0,,0,0,2020-05-03 18:00:00
2020-05-03,5,124,19,16.75,,0,0,2020-05-03 19:00:00
2020-05-03,5,124,20,16.5,,0,0,2020-05-03 20:00:00
2020-05-03,5,124,21,16.5,,0,0,2020-05-03 21:00:00
2020-05-03,5,124,22,16.25,,0,0,2020-05-03 22:00:00
2020-05-03,5,124,23,16.0,,0,0,2020-05-03 23:00:00
2020-05-04,5,125,0,15.75,,0,0,2020-05-04 00:00:00
2020-05-04,5,125,1,15.5,,0,0,2020-05-04 01:00:00
2020-05-04,5,125,2,15.25,,0,0,2020-05-04 02:00:00
2020-05-04,5,125,3,15.0,,0,0,2020-05-04 03:00:00
2020-05-04,5,125,4,15.0,,0,0,2020-05-04 04:00:00
2020-05-04,5,125,5,14.75,,0,0,2020-05-04 05:00:00
2020-05-04,5,125,6,14.75,,0,0,2020-05-04 06:00:00
2020-05-04,5,125,7,14.75,,0,0,2020-05-04 07:00:00
2020-05-04,5,125,8,14.75,,0,0,2020-05-04 08:00:00
2020-05-04,5,125,9,14.5,,0,0,2020-05-04 09:00:00
2020-05-04,5,125,10,14.75,,0,0,2020-05-04 10:00:00
2020-05-04,5,125,11,15.0,,0,0,2020-05-04 11:00:00
2020-05-04,5,125,12,15.75,,0,0,2020-05-04 12:00:00
2020-05-04,5,125,13,17.25,,0,0,2020-05-04 13:00:00
2020-05-04,5,125,14,18.25,,0,0,2020-05-04 14:00:00
2020-05-04,5,125,15,18.75,,0,0,2020-05-04 15:00:00
2020-05-04,5,125,16,18.5,,0,0,2020-05-04 16:00:00
2020-05-04,5,125,17,17.75,,0,0,2020-05-04 17:00:00
2020-05-04,5,125,18,17.0,,0,0,2020-05-04 18:00:00
2020-05-04,5,125,19,16.5,,0,0,2020-05-04 19:00:00
2020-05-04,5,125,20,16.0,,0,0,2020-05-04 20:00:00
2020-05-04,5,125,21,15.5,,0,0,2020-05-04 21:00:00
2020-05-04,5,125,22,14.75,,0,0,2020-05-04 22:00:00
2020-05-04,5,125,23,14.25,,0,0,2020-05-04 23:00:00
2020-05-05,5,126,0,14.0,,0,0,2020-05-05 00:00:00
2020-05-05,5,126,1,13.5,,0,0,2020-05-05 01:00:00
2020-05-05,5,126,2,12.75,,0,0,2020-05-05 02:00:00
2020-05-05,5,126,3,12.25,,0,0,2020-05-05 03:00:00
2020-05-05,5,126,4,11.5,,0,0,2020-05-05 04:00:00
2020-05-05,5,126,5,10.75,,0,0,2020-05-05 05:00:00
2020-05-05,5,126,6,9.5,,0,0,2020-05-05 06:00:00
2020-05-05,5,126,7,8.0,,0,0,2020-05-05 07:00:00
2020-05-05,5,126,8,8.25,,0,0,2020-05-05 08:00:00
2020-05-05,5,126,9,8.25,,0,0,2020-05-05 09:00:00
2020-05-05,5,126,10,8.25,,0,0,2020-05-05 10:00:00
2020-05-05,5,126,11,8.75,,0,0,2020-05-05 11:00:00
2020-05-05,5,126,12,9.0,,0,0,2020-05-05 12:00:00
2020-05-05,5,126,13,9.25,,0,0,2020-05-05 13:00:00
2020-05-05,5,126,14,9.5,,0,0,2020-05-05 14:00:00
2020-05-05,5,126,15,10.0,,0,0,2020-05-05 15:00:00
2020-05-05,5,126,16,10.25,,0,0,2020-05-05 16:00:00
2020-05-05,5,126,17,10.75,,0,0,2020-05-05 17:00:00
2020-05-05,5,126,18,10.75,,0,0,2020-05-05 18:00:00
2020-05-05,5,126,19,10.25,,0,0,2020-05-05 19:00:00
2020-05-05,5,126,20,9.75,,0,0,2020-05-05 20:00:00
2020-05-05,5,126,21,9.75,,0,0,2020-05-05 21:00:00
2020-05-05,5,126,22,9.0,,0,0,2020-05-05 22:00:00
2020-05-05,5,126,23,9.0,,0,0,2020-05-05 23:00:00
2020-05-06,5,127,0,9.0,,0,0,2020-05-06 00:00:00
2020-05-06,5,127,1,8.75,,0,0,2020-05-06 01:00:00
2020-05-06,5,127,2,8.75,,0,0,2020-05-06 02:00:00
2020-05-06,5,127,3,8.75,,0,0,2020-05-06 03:00:00
2020-05-06,5,127,4,8.5,,0,0,2020-05-06 04:00:00
2020-05-06,5,127,5,8.5,,0,0,2020-05-06 05:00:00
2020-05-06,5,127,6,8.25,,0,0,2020-05-06 06:00:00
2020-05-06,5,127,7,7.75,,0,0,2020-05-06 07:00:00
2020-05-06,5,127,8,7.5,,0,0,2020-05-06 08:00:00
2020-05-06,5,127,9,7.25,,0,0,2020-05-06 09:00:00
2020-05-06,5,127,10,7.0,,0,0,2020-05-06 10:00:00
2020-05-06,5,127,11,7.0,,0,0,2020-05-06 11:00:00
2020-05-06,5,127,12,7.25,,0,0,2020-05-06 12:00:00
2020-05-06,5,127,13,7.5,,0,0,2020-05-06 13:00:00
2020-05-06,5,127,14,8.0,,0,0,2020-05-06 14:00:00
2020-05-06,5,127,15,8.5,,0,0,2020-05-06 15:00:00
2020-05-06,5,127,16,8.75,,0,0,2020-05-06 16:00:00
2020-05-06,5,127,17,9.0,,0,0,2020-05-06 17:00:00
2020-05-06,5,127,18,9.0,,0,0,2020-05-06 18:00:00
2020-05-06,5,127,19,9.0,,0,0,2020-05-06 19:00:00
2020-05-06,5,127,20,9.0,,0,0,2020-05-06 20:00:00
2020-05-06,5,127,21,8.75,,0,0,2020-05-06 21:00:00
2020-05-06,5,127,22,8.75,,0,0,2020-05-06 22:00:00
2020-05-06,5,127,23,9.0,,0,0,2020-05-06 23:00:00
2020-05-07,5,128,0,9.0,,0,0,2020-05-07 00:00:00
2020-05-07,5,128,1,8.75,,0,0,2020-05-07 01:00:00
2020-05-07,5,128,2,8.75,,0,0,2020-05-07 02:00:00
2020-05-07,5,128,3,8.75,,0,0,2020-05-07 03:00:00
2020-05-07,5,128,4,8.5,,0,0,2020-05-07 04:00:00
2020-05-07,5,128,5,8.25,,0,0,2020-05-07 05:00:00
2020-05-07,5,128,6,8.0,,0,0,2020-05-07 06:00:00
2020-05-07,5,128,7,8.0,,0,0,2020-05-07 07:00:00
2020-05-07,5,128,8,7.75,,0,0,2020-05-07 08:00:00
2020-05-07,5,128,9,7.5,,0,0,2020-05-07 09:00:00
2020-05-07,5,128,10,7.5,,0,0,2020-05-07 10:00:00
2020-05-07,5,128,11,8.0,,0,0,2020-05-07 11:00:00
2020-05-07,5,128,12,9.0,,0,0,2020-05-07 12:00:00
2020-05-07,5,128,13,10.5,,0,0,2020-05-07 13:00:00
2020-05-07,5,128,14,11.75,,0,0,2020-05-07 14:00:00
2020-05-07,5,128,15,13.0,,0,0,2020-05-07 15:00:00
2020-05-07,5,128,16,13.5,,0,0,2020-05-07 16:00:00
2020-05-07,5,128,17,13.75,,0,0,2020-05-07 17:00:00
2020-05-07,5,128,18,13.75,,0,0,2020-05-07 18:00:00
2020-05-07,5,128,19,12.75,,0,0,2020-05-07 19:00:00
2020-05-07,5,128,20,12.0,,0,0,2020-05-07 20:00:00
2020-05-07,5,128,21,11.5,,0,0,2020-05-07 21:00:00
2020-05-07,5,128,22,11.5,,0,0,2020-05-07 22:00:00
2020-05-07,5,128,23,11.25,,0,0,2020-05-07 23:00:00
2020-05-08,5,129,0,11.25,,0,0,2020-05-08 00:00:00
2020-05-08,5,129,1,11.0,,0,0,2020-05-08 01:00:00
2020-05-08,5,129,2,11.0,,0,0,2020-05-08 02:00:00
2020-05-08,5,129,3,10.75,,0,0,2020-05-08 03:00:00
2020-05-08,5,129,4,10.75,,0,0,2020-05-08 04:00:00
2020-05-08,5,129,5,10.5,,0,0,2020-05-08 05:00:00
2020-05-08,5,129,6,10.25,,0,0,2020-05-08 06:00:00
2020-05-08,5,129,7,10.0,,0,0,2020-05-08 07:00:00
2020-05-08,5,129,8,9.75,,0,0,2020-05-08 08:00:00
2020-05-08,5,129,9,9.25,,0,0,2020-05-08 09:00:00
2020-05-08,5,129,10,9.25,,0,0,2020-05-08 10:00:00
2020-05-08,5,129,11,10.5,,0,0,2020-05-08 11:00:00
2020-05-08,5,129,12,12.0,,0,0,2020-05-08 12:00:00
2020-05-08,5,129,13,13.25,,0,0,2020-05-08 13:00:00
2020-05-08,5,129,14,14.75,,0,0,2020-05-08 14:00:00
2020-05-08,5,129,15,15.75,,0,0,2020-05-08 15:00:00
2020-05-08,5,129,16,16.5,,0,0,2020-05-08 16:00:00
2020-05-08,5,129,17,16.75,,0,0,2020-05-08 17:00:00
2020-05-08,5,129,18,16.5,,0,0,2020-05-08 18:00:00
2020-05-08,5,129,19,15.25,,0,0,2020-05-08 19:00:00
2020-05-08,5,129,20,14.25,,0,0,2020-05-08 20:00:00
2020-05-08,5,129,21,13.75,,0,0,2020-05-08 21:00:00
2020-05-08,5,129,22,13.5,,0,0,2020-05-08 22:00:00
2020-05-08,5,129,23,13.25,,0,0,2020-05-08 23:00:00
2020-05-09,5,130,0,13.0,,0,0,2020-05-09 00:00:00
2020-05-09,5,130,1,13.0,,0,0,2020-05-09 01:00:00
2020-05-09,5,130,2,12.75,,0,0,2020-05-09 02:00:00
2020-05-09,5,130,3,12.75,,0,0,2020-05-09 03:00:00
2020-05-09,5,130,4,12.5,,0,0,2020-05-09 04:00:00
2020-05-09,5,130,5,12.25,,0,0,2020-05-09 05:00:00
2020-05-09,5,130,6,12.0,,0,0,2020-05-09 06:00:00
2020-05-09,5,130,7,12.0,,0,0,2020-05-09 07:00:00
2020-05-09,5,130,8,11.75,,0,0,2020-05-09 08:00:00
2020-05-09,5,130,9,11.5,,0,0,2020-05-09 09:00:00
2020-05-09,5,130,10,11.5,,0,0,2020-05-09 10:00:00
2020-05-09,5,130,11,12.5,,0,0,2020-05-09 11:00:00
2020-05-09,5,130,12,14.5,,0,0,2020-05-09 12:00:00
2020-05-09,5,130,13,16.5,,0,0,2020-05-09 13:00:00
2020-05-09,5,130,14,17.75,,0,0,2020-05-09 14:00:00
2020-05-09,5,130,15,18.5,,0,0,2020-05-09 15:00:00
2020-05-09,5,130,16,19.0,,0,0,2020-05-09 16:00:00
2020-05-09,5,130,17,19.0,,0,0,2020-05-09 17:00:00
2020-05-09,5,130,18,19.0,,0,0,2020-05-09 18:00:00
2020-05-09,5,130,19,17.75,,0,0,2020-05-09 19:00:00
2020-05-09,5,130,20,16.5,,0,0,2020-05-09 20:00:00
2020-05-09,5,130,21,15.75,,0,0,2020-05-09 21:00:00
2020-05-09,5,130,22,15.5,,0,0,2020-05-09 22:00:00
2020-05-09,5,130,23,15.25,,0,0,2020-05-09 23:00:00
2020-05-10,5,131,0,15.0,,0,0,2020-05-10 00:00:00
2020-05-10,5,131,1,14.75,,0,0,2020-05-10 01:00:00
2020-05-10,5,131,2,14.5,,0,0,2020-05-10 02:00:00
2020-05-10,5,131,3,14.25,,0,0,2020-05-10 03:00:00
2020-05-10,5,131,4,14.0,,0,0,2020-05-10 04:00:00
2020-05-10,5,131,5,13.75,,0,0,2020-05-10 05:00:00
2020-05-10,5,131,6,13.5,,0,0,2020-05-10 06:00:00
2020-05-10,5,131,7,13.5,,0,0,2020-05-10 07:00:00
2020-05-10,5,131,8,13.25,,0,0,2020-05-10 08:00:00
2020-05-10,5,131,9,13.25,,0,0,2020-05-10 09:00:00
2020-05-10,5,131,10,13.75,,0,0,2020-05-10 10:00:00
2020-05-10,5,131,11,14.5,,0,0,2020-05-10 11:00:00
2020-05-10,5,131,12,15.25,,0,0,2020-05-10 12:00:00
2020-05-10,5,131,13,15.5,,0,0,2020-05-10 13:00:00
2020-05-10,5,131,14,16.0,,0,0,2020-05-10 14:00:00
2020-05-10,5,131,15,16.25,,0,0,2020-05-10 15:00:00
2020-05-10,5,131,16,16.0,,0,0,2020-05-10 16:00:00
2020-05-10,5,131,17,16.0,,0,0,2020-05-10 17:00:00
2020-05-10,5,131,18,15.75,,0,0,2020-05-10 18:00:00
2020-05-10,5,131,19,15.0,,0,0,2020-05-10 19:00:00
2020-05-10,5,131,20,14.5,,0,0,2020-05-10 20:00:00
2020-05-10,5,131,21,14.5,,0,0,2020-05-10 21:00:00
2020-05-10,5,131,22,14.25,,0,0,2020-05-10 22:00:00
2020-05-10,5,131,23,14.25,,0,0,2020-05-10 23:00:00
2020-05-11,5,132,0,14.25,,0,0,2020-05-11 00:00:00
2020-05-11,5,132,1,14.0,,0,0,2020-05-11 01:00:00
2020-05-11,5,132,2,13.75,,0,0,2020-05-11 02:00:00
2020-05-11,5,132,3,13.75,,0,0,2020-05-11 03:00:00
2020-05-11,5,132,4,13.5,,0,0,2020-05-11 04:00:00
2020-05-11,5,132,5,13.5,,0,0,2020-05-11 05:00:00
2020-05-11,5,132,6,13.25,,0,0,2020-05-11 06:00:00
2020-05-11,5,132,7,13.25,,0,0,2020-05-11 07:00:00
2020-05-11,5,132,8,13.0,,0,0,2020-05-11 08:00:00
2020-05-11,5,132,9,12.75,,0,0,2020-05-11 09:00:00
2020-05-11,5,132,10,12.5,,0,0,2020-05-11 10:00:00
2020-05-11,5,132,11,12.5,,0,0,2020-05-11 11:00:00
2020-05-11,5,132,12,12.5,,0,0,2020-05-11 12:00:00
2020-05-11,5,132,13,12.75,,0,0,2020-05-11 13:00:00
2020-05-11,5,132,14,13.0,,0,0,2020-05-11 14:00:00
2020-05-11,5,132,15,13.0,,0,0,2020-05-11 15:00:00
2020-05-11,5,132,16,13.25,,0,0,2020-05-11 16:00:00
2020-05-11,5,132,17,13.25,,0,0,2020-05-11 17:00:00
2020-05-11,5,132,18,13.25,,0,0,2020-05-11 18:00:00
2020-05-11,5,132,19,13.25,,0,0,2020-05-11 19:00:00
2020-05-11,5,132,20,13.0,,0,0,2020-05-11 20:00:00
2020-05-11,5,132,21,12.75,,0,0,2020-05-11 21:00:00
2020-05-11,5,132,22,12.5,,0,0,2020-05-11 22:00:00
2020-05-11,5,132,23,12.5,,0,0,2020-05-11 23:00:00
2020-05-12,5,133,0,12.25,,0,0,2020-05-12 00:00:00
2020-05-12,5,133,1,12.0,,0,0,2020-05-12 01:00:00
2020-05-12,5,133,2,12.0,,0,0,2020-05-12 02:00:00
2020-05-12,5,133,3,12.0,,0,0,2020-05-12 03:00:00
2020-05-12,5,133,4,11.75,,0,0,2020-05-12 04:00:00
2020-05-12,5,133,5,11.75,,0,0,2020-05-12 05:00:00
2020-05-12,5,133,6,11.75,,0,0,2020-05-12 06:00:00
2020-05-12,5,133,7,11.5,,0,0,2020-05-12 07:00:00
2020-05-12,5,133,8,11.5,,0,0,2020-05-12 08:00:00
2020-05-12,5,133,9,11.5,,0,0,2020-05-12 09:00:00
2020-05-12,5,133,10,11.75,,0,0,2020-05-12 10:00:00
2020-05-12,5,133,11,12.25,,0,0,2020-05-12 11:00:00
2020-05-12,5,133,12,12.75,,0,0,2020-05-12 12:00:00
2020-05-12,5,133,13,13.0,,0,0,2020-05-12 13:00:00
2020-05-12,5,133,14,13.0,,0,0,2020-05-12 14:00:00
2020-05-12,5,133,15,13.0,,0,0,2020-05-12 15:00:00
2020-05-12,5,133,16,12.75,,0,0,2020-05-12 16:00:00
2020-05-12,5,133,17,12.75,,0,0,2020-05-12 17:00:00
2020-05-12,5,133,18,12.5,,0,0,2020-05-12 18:00:00
2020-05-12,5,133,19,12.25,,0,0,2020-05-12 19:00:00
2020-05-12,5,133,20,12.0,,0,0,2020-05-12 20:00:00
2020-05-12,5,133,21,12.0,,0,0,2020-05-12 21:00:00
2020-05-12,5,133,22,11.75,,0,0,2020-05-12 22:00:00
2020-05-12,5,133,23,11.75,,0,0,2020-05-12 23:00:00
2020-05-13,5,134,0,11.5,,0,0,2020-05-13 00:00:00
2020-05-13,5,134,1,11.5,,0,0,2020-05-13 01:00:00
2020-05-13,5,134,2,11.25,,0,0,2020-05-13 02:00:00
2020-05-13,5,134,3,11.0,,0,0,2020-05-13 03:00:00
2020-05-13,5,134,4,10.75,,0,0,2020-05-13 04:00:00
2020-05-13,5,134,5,10.5,,0,0,2020-05-13 05:00:00
2020-05-13,5,134,6,10.25,,0,0,2020-05-13 06:00:00
2020-05-13,5,134,7,10.25,,0,0,2020-05-13 07:00:00
2020-05-13,5,134,8,10.0,,0,0,2020-05-13 08:00:00
2020-05-13,5,134,9,10.0,,0,0,2020-05-13 09:00:00
2020-05-13,5,134,10,10.0,,0,0,2020-05-13 10:00:00
2020-05-13,5,134,11,10.25,,0,0,2020-05-13 11:00:00
2020-05-13,5,134,12,10.5,,0,0,2020-05-13 12:00:00
2020-05-13,5,134,13,10.75,,0,0,2020-05-13 13:00:00
2020-05-13,5,134,14,10.75,,0,0,2020-05-13 14:00:00
2020-05-13,5,134,15,10.75,,0,0,2020-05-13 15:00:00
2020-05-13,5,134,16,10.75,,0,0,2020-05-13 16:00:00
2020-05-13,5,134,17,11.0,,0,0,2020-05-13 17:00:00
2020-05-13,5,134,18,11.0,,0,0,2020-05-13 18:00:00
2020-05-13,5,134,19,11.0,,0,0,2020-05-13 19:00:00
2020-05-13,5,134,20,10.75,,0,0,2020-05-13 20:00:00
2020-05-13,5,134,21,10.5,,0,0,2020-05-13 21:00:00
2020-05-13,5,134,22,10.5,,0,0,2020-05-13 22:00:00
2020-05-13,5,134,23,10.5,,0,0,2020-05-13 23:00:00
2020-05-14,5,135,0,10.25,,0,0,2020-05-14 00:00:00
2020-05-14,5,135,1,9.75,,0,0,2020-05-14 01:00:00
2020-05-14,5,135,2,9.5,,0,0,2020-05-14 02:00:00
2020-05-14,5,135,3,9.25,,0,0,2020-05-14 03:00:00
2020-05-14,5,135,4,9.0,,0,0,2020-05-14 04:00:00
2020-05-14,5,135,5,8.75,,0,0,2020-05-14 05:00:00
2020-05-14,5,135,6,8.5,,0,0,2020-05-14 06:00:00
2020-05-14,5,135,7,8.25,,0,0,2020-05-14 07:00:00
2020-05-14,5,135,8,8.0,,0,0,2020-05-14 08:00:00
2020-05-14,5,135,9,7.75,,0,0,2020-05-14 09:00:00
2020-05-14,5,135,10,8.0,,0,0,2020-05-14 10:00:00
2020-05-14,5,135,11,8.5,,0,0,2020-05-14 11:00:00
2020-05-14,5,135,12,10.25,,0,0,2020-05-14 12:00:00
2020-05-14,5,135,13,12.0,,0,0,2020-05-14 13:00:00
2020-05-14,5,135,14,13.5,,0,0,2020-05-14 14:00:00
2020-05-14,5,135,15,15.0,,0,0,2020-05-14 15:00:00
2020-05-14,5,135,16,15.5,,0,0,2020-05-14 16:00:00
2020-05-14,5,135,17,16.0,,0,0,2020-05-14 17:00:00
2020-05-14,5,135,18,15.75,,0,0,2020-05-14 18:00:00
2020-05-14,5,135,19,14.5,,0,0,2020-05-14 19:00:00
2020-05-14,5,135,20,13.75,,0,0,2020-05-14 20:00:00
2020-05-14,5,135,21,13.0,,0,0,2020-05-14 21:00:00
2020-05-14,5,135,22,12.25,,0,0,2020-05-14 22:00:00
2020-05-14,5,135,23,11.75,,0,0,2020-05-14 23:00:00
2020-05-15,5,136,0,11.25,,0,0,2020-05-15 00:00:00
2020-05-15,5,136,1,10.75,,0,0,2020-05-15 01:00:00
2020-05-15,5,136,2,10.25,,0,0,2020-05-15 02:00:00
2020-05-15,5,136,3,10.0,,0,0,2020-05-15 03:00:00
2020-05-15,5,136,4,9.75,,0,0,2020-05-15 04:00:00
2020-05-15,5,136,5,9.75,,0,0,2020-05-15 05:00:00
2020-05-15,5,136,6,9.5,,0,0,2020-05-15 06:00:00
2020-05-15,5,136,7,9.5,,0,0,2020-05-15 07:00:00
2020-05-15,5,136,8,9.25,,0,0,2020-05-15 08:00:00
2020-05-15,5,136,9,9.25,,0,0,2020-05-15 09:00:00
2020-05-15,5,136,10,9.75,,0,0,2020-05-15 10:00:00
2020-05-15,5,136,11,11.25,,0,0,2020-05-15 11:00:00
2020-05-15,5,136,12,14.0,,0,0,2020-05-15 12:00:00
2020-05-15,5,136,13,16.0,,0,0,2020-05-15 13:00:00
2020-05-15,5,136,14,17.5,,0,0,2020-05-15 14:00:00
2020-05-15,5,136,15,18.25,,0,0,2020-05-15 15:00:00
2020-05-15,5,136,16,18.5,,0,0,2020-05-15 16:00:00
2020-05-15,5,136,17,19.25,,0,0,2020-05-15 17:00:00
2020-05-15,5,136,18,18.75,,0,0,2020-05-15 18:00:00
2020-05-15,5,136,19,16.75,,0,0,2020-05-15 19:00:00
2020-05-15,5,136,20,15.25,,0,0,2020-05-15 20:00:00
2020-05-15,5,136,21,14.25,,0,0,2020-05-15 21:00:00
2020-05-15,5,136,22,13.5,,0,0,2020-05-15 22:00:00
2020-05-15,5,136,23,13.0,,0,0,2020-05-15 23:00:00
2020-05-16,5,137,0,12.5,,0,0,2020-05-16 00:00:00
2020-05-16,5,137,1,12.25,,0,0,2020-05-16 01:00:00
2020-05-16,5,137,2,12.0,,1,0,2020-05-16 02:00:00
2020-05-16,5,137,3,11.75,,0,0,2020-05-16 03:00:00
2020-05-16,5,137,4,11.5,,0,0,2020-05-16 04:00:00
2020-05-16,5,137,5,11.25,,0,0,2020-05-16 05:00:00
2020-05-16,5,137,6,11.25,,0,0,2020-05-16 06:00:00
2020-05-16,5,137,7,11.0,,0,0,2020-05-16 07:00:00
2020-05-16,5,137,8,11.0,,0,0,2020-05-16 08:00:00
2020-05-16,5,137,9,10.75,,0,0,2020-05-16 09:00:00
2020-05-16,5,137,10,11.25,,0,0,2020-05-16 10:00:00
2020-05-16,5,137,11,12.5,,0,0,2020-05-16 11:00:00
2020-05-16,5,137,12,14.25,,0,0,2020-05-16 12:00:00
2020-05-16,5,137,13,16.0,,0,0,2020-05-16 13:00:00
2020-05-16,5,137,14,17.5,,0,0,2020-05-16 14:00:00
2020-05-16,5,137,15,18.5,,0,0,2020-05-16 15:00:00
2020-05-16,5,137,16,18.75,,0,0,2020-05-16 16:00:00
2020-05-16,5,137,17,18.75,,0,0,2020-05-16 17:00:00
2020-05-16,5,137,18,18.25,,0,0,2020-05-16 18:00:00
2020-05-16,5,137,19,16.75,,0,0,2020-05-16 19:00:00
2020-05-16,5,137,20,15.5,,1,0,2020-05-16 20:00:00
2020-05-16,5,137,21,15.0,,0,0,2020-05-16 21:00:00
2020-05-16,5,137,22,14.5,,0,0,2020-05-16 22:00:00
2020-05-16,5,137,23,14.25,,0,0,2020-05-16 23:00:00
2020-05-17,5,138,0,13.75,,0,0,2020-05-17 00:00:00
2020-05-17,5,138,1,13.5,,0,0,2020-05-17 01:00:00
2020-05-17,5,138,2,13.25,,0,0,2020-05-17 02:00:00
2020-05-17,5,138,3,13.0,,0,0,2020-05-17 03:00:00
2020-05-17,5,138,4,12.5,,0,0,2020-05-17 04:00:00
2020-05-17,5,138,5,12.5,,0,0,2020-05-17 05:00:00
2020-05-17,5,138,6,12.25,,0,0,2020-05-17 06:00:00
2020-05-17,5,138,7,12.0,,0,0,2020-05-17 07:00:00
2020-05-17,5,138,8,11.75,,0,0,2020-05-17 08:00:00
2020-05-17,5,138,9,11.5,,0,0,2020-05-17 09:00:00
2020-05-17,5,138,10,11.75,,0,0,2020-05-17 10:00:00
2020-05-17,5,138,11,12.75,,0,0,2020-05-17 11:00:00
2020-05-17,5,138,12,14.25,,0,0,2020-05-17 12:00:00
2020-05-17,5,138,13,16.0,,0,0,2020-05-17 13:00:00
2020-05-17,5,138,14,17.0,,0,0,2020-05-17 14:00:00
2020-05-17,5,138,15,17.75,,0,0,2020-05-17 15:00:00
2020-05-28,5,149,12,14.5,,0,0,2020-05-28 12:00:00
2020-05-28,5,149,13,16.25,,0,0,2020-05-28 13:00:00
2020-05-28,5,149,14,17.75,,0,0,2020-05-28 14:00:00
2020-05-28,5,149,15,18.25,,0,0,2020-05-28 15:00:00
2020-05-28,5,149,16,18.5,,0,0,2020-05-28 16:00:00
2020-05-28,5,149,17,18.5,,0,0,2020-05-28 17:00:00
2020-05-28,5,149,18,18.0,,0,0,2020-05-28 18:00:00
2020-05-28,5,149,19,17.0,,0,0,2020-05-28 19:00:00
2020-05-28,5,149,20,15.75,,0,0,2020-05-28 20:00:00
2020-05-28,5,149,21,15.0,,0,0,2020-05-28 21:00:00
2020-05-28,5,149,22,14.5,,0,0,2020-05-28 22:00:00
2020-05-28,5,149,23,14.0,,0,0,2020-05-28 23:00:00
2020-05-29,5,150,0,13.75,,0,0,2020-05-29 00:00:00
2020-05-29,5,150,1,13.25,,0,0,2020-05-29 01:00:00
2020-05-29,5,150,2,13.0,,0,0,2020-05-29 02:00:00
2020-05-29,5,150,3,12.75,,0,0,2020-05-29 03:00:00
2020-05-29,5,150,4,12.5,,0,0,2020-05-29 04:00:00
2020-05-29,5,150,5,12.25,,0,0,2020-05-29 05:00:00
2020-05-29,5,150,6,12.0,,0,0,2020-05-29 06:00:00
2020-05-29,5,150,7,11.75,,0,0,2020-05-29 07:00:00
2020-05-29,5,150,8,11.5,,0,0,2020-05-29 08:00:00
2020-05-29,5,150,9,11.5,,0,0,2020-05-29 09:00:00
2020-05-29,5,150,10,11.75,,0,0,2020-05-29 10:00:00
2020-05-29,5,150,11,12.75,,0,0,2020-05-29 11:00:00
2020-05-29,5,150,12,14.25,,0,0,2020-05-29 12:00:00
2020-05-29,5,150,13,16.25,,0,0,2020-05-29 13:00:00
2020-05-29,5,150,14,17.25,,0,0,2020-05-29 14:00:00
2020-05-29,5,150,15,18.0,,0,0,2020-05-29 15:00:00
2020-05-29,5,150,16,17.75,,0,0,2020-05-29 16:00:00
2020-05-29,5,150,17,17.5,,0,0,2020-05-29 17:00:00
2020-05-29,5,150,18,17.25,,0,0,2020-05-29 18:00:00
2020-05-29,5,150,19,16.25,,0,0,2020-05-29 19:00:00
2020-05-29,5,150,20,15.5,,0,0,2020-05-29 20:00:00
2020-05-29,5,150,21,15.25,,0,0,2020-05-29 21:00:00
2020-05-29,5,150,22,15.0,,0,0,2020-05-29 22:00:00
2020-05-29,5,150,23,15.0,,0,0,2020-05-29 23:00:00
2020-05-30,5,151,0,14.25,,0,0,2020-05-30 00:00:00
2020-05-30,5,151,1,13.25,,0,0,2020-05-30 01:00:00
2020-05-30,5,151,2,12.5,,0,0,2020-05-30 02:00:00
2020-05-30,5,151,3,11.75,,0,0,2020-05-30 03:00:00
2020-05-30,5,151,4,11.0,,0,0,2020-05-30 04:00:00
2020-05-30,5,151,5,10.5,,0,0,2020-05-30 05:00:00
2020-05-30,5,151,6,9.75,,0,0,2020-05-30 06:00:00
2020-05-30,5,151,7,9.5,,0,0,2020-05-30 07:00:00
2020-05-30,5,151,8,9.25,,0,0,2020-05-30 08:00:00
2020-05-30,5,151,9,9.0,,0,0,2020-05-30 09:00:00
2020-05-30,5,151,10,8.75,,0,0,2020-05-30 10:00:00
2020-05-30,5,151,11,8.75,,0,0,2020-05-30 11:00:00
2020-05-30,5,151,12,8.75,,0,0,2020-05-30 12:00:00
2020-05-30,5,151,13,8.5,,0,0,2020-05-30 13:00:00
2020-05-30,5,151,14,8.25,,0,0,2020-05-30 14:00:00
2020-05-30,5,151,15,8.0,,0,0,2020-05-30 15:00:00
2020-05-30,5,151,16,7.75,,0,0,2020-05-30 16:00:00
2020-05-30,5,151,17,7.5,,0,0,2020-05-30 17:00:00
2020-05-30,5,151,18,7.0,,0,0,2020-05-30 18:00:00
2020-05-30,5,151,19,6.75,,0,0,2020-05-30 19:00:00
2020-05-30,5,151,20,6.5,,0,0,2020-05-30 20:00:00
2020-05-30,5,151,21,6.25,,0,0,2020-05-30 21:00:00
2020-05-30,5,151,22,6.25,,0,0,2020-05-30 22:00:00
2020-05-30,5,151,23,6.25,,0,0,2020-05-30 23:00:00
2020-05-31,6,152,0,6.25,,0,0,2020-05-31 00:00:00
2020-05-31,6,152,1,6.25,,0,0,2020-05-31 01:00:00
2020-05-31,6,152,2,6.0,,0,0,2020-05-31 02:00:00
2020-05-31,6,152,3,6.0,,0,0,2020-05-31 03:00:00
2020-05-31,6,152,4,5.5,,0,0,2020-05-31 04:00:00
2020-05-31,6,152,5,5.5,,0,0,2020-05-31 05:00:00
2020-05-31,6,152,6,5.5,,0,0,2020-05-31 06:00:00
2020-05-31,6,152,7,5.25,,0,0,2020-05-31 07:00:00
2020-05-31,6,152,8,5.25,,0,0,2020-05-31 08:00:00
2020-05-31,6,152,9,5.25,,0,0,2020-05-31 09:00:00
2020-05-31,6,152,10,5.25,,0,0,2020-05-31 10:00:00
2020-05-31,6,152,11,5.75,,0,0,2020-05-31 11:00:00
2020-05-31,6,152,12,5.75,,0,0,2020-05-31 12:00:00
2020-05-31,6,152,13,6.0,,0,0,2020-05-31 13:00:00
2020-05-31,6,152,14,6.25,,0,0,2020-05-31 14:00:00
2020-05-31,6,152,15,6.5,,0,0,2020-05-31 15:00:00
2020-05-31,6,152,16,6.75,,0,0,2020-05-31 16:00:00
2020-05-31,6,152,17,6.5,,0,0,2020-05-31 17:00:00
2020-05-31,6,152,18,6.5,,0,0,2020-05-31 18:00:00
2020-05-31,6,152,19,6.5,,0,0,2020-05-31 19:00:00
2020-05-31,6,152,20,6.5,,0,0,2020-05-31 20:00:00
2020-05-31,6,152,21,6.25,,0,0,2020-05-31 21:00:00
2020-05-31,6,152,22,6.25,,0,0,2020-05-31 22:00:00
2020-05-31,6,152,23,6.25,,0,0,2020-05-31 23:00:00
2020-06-01,6,153,0,6.25,,0,0,2020-06-01 00:00:00
2020-06-01,6,153,1,6.0,,0,0,2020-06-01 01:00:00
2020-06-01,6,153,2,6.0,,0,0,2020-06-01 02:00:00
2020-06-01,6,153,3,5.75,,0,0,2020-06-01 03:00:00
2020-06-01,6,153,4,5.5,,0,0,2020-06-01 04:00:00
2020-06-01,6,153,5,5.25,,0,0,2020-06-01 05:00:00
2020-06-01,6,153,6,5.0,,0,0,2020-06-01 06:00:00
2020-06-01,6,153,7,4.75,,0,0,2020-06-01 07:00:00
2020-06-01,6,153,8,4.5,,0,0,2020-06-01 08:00:00
2020-06-01,6,153,9,4.75,,0,0,2020-06-01 09:00:00
2020-06-01,6,153,10,5.0,,0,0,2020-06-01 10:00:00
2020-06-01,6,153,11,6.0,,0,0,2020-06-01 11:00:00
2020-06-01,6,153,12,7.25,,0,0,2020-06-01 12:00:00
2020-06-01,6,153,13,8.5,,0,0,2020-06-01 13:00:00
2020-06-01,6,153,14,9.5,,0,0,2020-06-01 14:00:00
2020-06-01,6,153,15,10.5,,0,0,2020-06-01 15:00:00
2020-06-01,6,153,16,10.75,,0,0,2020-06-01 16:00:00
2020-06-01,6,153,17,11.0,,0,0,2020-06-01 17:00:00
2020-06-01,6,153,18,10.5,,0,0,2020-06-01 18:00:00
2020-06-01,6,153,19,9.75,,0,0,2020-06-01 19:00:00
2020-06-01,6,153,20,9.25,,0,0,2020-06-01 20:00:00
2020-06-01,6,153,21,9.0,,0,0,2020-06-01 21:00:00
2020-06-01,6,153,22,9.0,,0,0,2020-06-01 22:00:00
2020-06-01,6,153,23,9.0,,0,0,2020-06-01 23:00:00
2020-06-02,6,154,0,9.0,,0,0,2020-06-02 00:00:00
2020-06-02,6,154,1,9.0,,0,0,2020-06-02 01:00:00
2020-06-02,6,154,2,8.75,,0,0,2020-06-02 02:00:00
2020-06-02,6,154,3,9.0,,0,0,2020-06-02 03:00:00
2020-06-02,6,154,4,8.75,,0,0,2020-06-02 04:00:00
2020-06-02,6,154,5,8.75,,0,0,2020-06-02 05:00:00
2020-06-02,6,154,6,8.75,,0,0,2020-06-02 06:00:00
2020-06-02,6,154,7,8.75,,0,0,2020-06-02 07:00:00
2020-06-02,6,154,8,8.75,,0,0,2020-06-02 08:00:00
2020-06-02,6,154,9,8.75,,0,0,2020-06-02 09:00:00
2020-06-02,6,154,10,8.75,,0,0,2020-06-02 10:00:00
2020-06-02,6,154,11,9.0,,0,0,2020-06-02 11:00:00
2020-06-02,6,154,12,9.25,,0,0,2020-06-02 12:00:00
2020-06-02,6,154,13,9.75,,0,0,2020-06-02 13:00:00
2020-06-02,6,154,14,10.25,,0,0,2020-06-02 14:00:00
2020-06-02,6,154,15,10.5,,0,0,2020-06-02 15:00:00
2020-06-02,6,154,16,10.5,,0,0,2020-06-02 16:00:00
2020-06-02,6,154,17,10.25,,0,0,2020-06-02 17:00:00
2020-06-02,6,154,18,10.0,,0,0,2020-06-02 18:00:00
2020-06-02,6,154,19,9.5,,0,0,2020-06-02 19:00:00
2020-06-02,6,154,20,9.25,,0,0,2020-06-02 20:00:00
2020-06-02,6,154,21,9.0,,0,0,2020-06-02 21:00:00
2020-06-02,6,154,22,8.75,,0,0,2020-06-02 22:00:00
2020-06-02,6,154,23,8.75,,0,0,2020-06-02 23:00:00
2020-06-03,6,155,0,8.5,,0,0,2020-06-03 00:00:00
2020-06-03,6,155,1,8.25,,0,0,2020-06-03 01:00:00
2020-06-03,6,155,2,8.25,,0,0,2020-06-03 02:00:00
2020-06-03,6,155,3,8.25,,0,0,2020-06-03 03:00:00
2020-06-03,6,155,4,8.0,,0,0,2020-06-03 04:00:00
2020-06-03,6,155,5,7.75,,0,0,2020-06-03 05:00:00
2020-06-03,6,155,6,7.5,,0,0,2020-06-03 06:00:00
2020-06-03,6,155,7,7.25,,0,0,2020-06-03 07:00:00
2020-06-03,6,155,8,7.25,,0,0,2020-06-03 08:00:00
2020-06-03,6,155,9,7.0,,0,0,2020-06-03 09:00:00
2020-06-03,6,155,10,7.0,,0,0,2020-06-03 10:00:00
2020-06-03,6,155,11,7.0,,0,0,2020-06-03 11:00:00
2020-06-03,6,155,12,7.0,,0,0,2020-06-03 12:00:00
2020-06-03,6,155,13,7.25,,0,0,2020-06-03 13:00:00
2020-06-03,6,155,14,7.5,,0,0,2020-06-03 14:00:00
2020-06-03,6,155,15,8.0,,0,0,2020-06-03 15:00:00
2020-06-03,6,155,16,7.75,,0,0,2020-06-03 16:00:00
2020-06-03,6,155,17,7.75,,0,0,2020-06-03 17:00:00
2020-06-03,6,155,18,7.5,,0,0,2020-06-03 18:00:00
2020-06-03,6,155,19,7.5,,0,0,2020-06-03 19:00:00
2020-06-03,6,155,20,7.25,,0,0,2020-06-03 20:00:00
2020-06-03,6,155,21,7.0,,0,0,2020-06-03 21:00:00
2020-06-03,6,155,22,6.75,,0,0,2020-06-03 22:00:00
2020-06-03,6,155,23,6.5,,0,0,2020-06-03 23:00:00
2020-06-04,6,156,0,6.25,,0,0,2020-06-04 00:00:00
2020-06-04,6,156,1,6.0,,0,0,2020-06-04 01:00:00
2020-06-04,6,156,2,5.5,,0,0,2020-06-04 02:00:00
2020-06-04,6,156,3,5.25,,0,0,2020-06-04 03:00:00
2020-06-04,6,156,4,5.0,,0,0,2020-06-04 04:00:00
2020-06-04,6,156,5,5.0,,0,0,2020-06-04 05:00:00
2020-06-04,6,156,6,5.0,,0,0,2020-06-04 06:00:00
2020-06-04,6,156,7,4.75,,0,0,2020-06-04 07:00:00
2020-06-04,6,156,8,4.5,,0,0,2020-06-04 08:00:00
2020-06-04,6,156,9,4.75,,0,0,2020-06-04 09:00:00
2020-06-04,6,156,10,4.75,,0,0,2020-06-04 10:00:00
2020-06-04,6,156,11,4.75,,0,0,2020-06-04 11:00:00
2020-06-04,6,156,12,5.75,,0,0,2020-06-04 12:00:00
2020-06-04,6,156,13,7.75,,0,0,2020-06-04 13:00:00
2020-06-04,6,156,14,9.0,,0,0,2020-06-04 14:00:00
2020-06-04,6,156,15,10.0,,0,0,2020-06-04 15:00:00
2020-06-04,6,156,16,10.75,,0,0,2020-06-04 16:00:00
2020-06-04,6,156,17,10.75,,0,0,2020-06-04 17:00:00
2020-06-04,6,156,18,10.25,,0,0,2020-06-04 18:00:00
2020-06-04,6,156,19,9.25,,0,0,2020-06-04 19:00:00
2020-06-04,6,156,20,8.5,,0,0,2020-06-04 20:00:00
2020-06-04,6,156,21,8.0,,0,0,2020-06-04 21:00:00
2020-06-04,6,156,22,7.5,,0,0,2020-06-04 22:00:00
2020-06-04,6,156,23,7.25,,0,0,2020-06-04 23:00:00
2020-06-05,6,157,0,6.75,,0,0,2020-06-05 00:00:00
2020-06-05,6,157,1,6.5,,0,0,2020-06-05 01:00:00
2020-06-05,6,157,2,6.25,,0,0,2020-06-05 02:00:00
2020-06-05,6,157,3,6.0,,0,0,2020-06-05 03:00:00
2020-06-05,6,157,4,5.75,,0,0,2020-06-05 04:00:00
2020-06-05,6,157,5,5.5,,0,0,2020-06-05 05:00:00
2020-06-05,6,157,6,5.5,,0,0,2020-06-05 06:00:00
2020-06-05,6,157,7,5.5,,0,0,2020-06-05 07:00:00
2020-06-05,6,157,8,5.5,,0,0,2020-06-05 08:00:00
2020-06-05,6,157,9,5.5,,0,0,2020-06-05 09:00:00
2020-06-05,6,157,10,5.75,,0,0,2020-06-05 10:00:00
2020-06-05,6,157,11,7.0,,0,0,2020-06-05 11:00:00
2020-06-05,6,157,12,9.0,,0,0,2020-06-05 12:00:00
2020-06-05,6,157,13,10.5,,0,0,2020-06-05 13:00:00
2020-06-05,6,157,14,11.5,,0,0,2020-06-05 14:00:00
2020-06-05,6,157,15,12.0,,0,0,2020-06-05 15:00:00
2020-06-05,6,157,16,12.75,,0,0,2020-06-05 16:00:00
2020-06-05,6,157,17,13.0,,0,0,2020-06-05 17:00:00
2020-06-05,6,157,18,13.0,,0,0,2020-06-05 18:00:00
2020-06-05,6,157,19,11.75,,1,0,2020-06-05 19:00:00
2020-06-05,6,157,20,10.5,,0,0,2020-06-05 20:00:00
2020-06-05,6,157,21,9.75,,0,0,2020-06-05 21:00:00
2020-06-05,6,157,22,9.0,,0,0,2020-06-05 22:00:00
2020-06-05,6,157,23,8.75,,0,0,2020-06-05 23:00:00
2020-06-06,6,158,0,8.5,,0,0,2020-06-06 00:00:00
2020-06-06,6,158,1,8.0,,0,0,2020-06-06 01:00:00
2020-06-06,6,158,2,8.0,,0,0,2020-06-06 02:00:00
2020-06-06,6,158,3,7.75,,0,0,2020-06-06 03:00:00
2020-06-06,6,158,4,7.5,,0,0,2020-06-06 04:00:00
2020-06-06,6,158,5,7.25,,0,0,2020-06-06 05:00:00
2020-06-06,6,158,6,7.25,,0,0,2020-06-06 06:00:00
2020-06-06,6,158,7,7.25,,0,0,2020-06-06 07:00:00
2020-06-06,6,158,8,7.0,,0,0,2020-06-06 08:00:00
2020-06-06,6,158,9,7.25,,0,0,2020-06-06 09:00:00
2020-06-06,6,158,10,8.0,,0,0,2020-06-06 10:00:00
2020-06-06,6,158,11,9.25,,0,0,2020-06-06 11:00:00
2020-06-06,6,158,12,11.0,,0,0,2020-06-06 12:00:00
2020-06-06,6,158,13,12.25,,0,0,2020-06-06 13:00:00
2020-06-06,6,158,14,13.0,,0,0,2020-06-06 14:00:00
2020-06-06,6,158,15,13.75,,0,0,2020-06-06 15:00:00
2020-06-06,6,158,16,14.0,,0,0,2020-06-06 16:00:00
2020-06-06,6,158,17,14.0,,0,0,2020-06-06 17:00:00
2020-06-06,6,158,18,14.0,,0,0,2020-06-06 18:00:00
2020-06-06,6,158,19,13.0,,0,0,2020-06-06 19:00:00
2020-06-06,6,158,20,12.0,,0,0,2020-06-06 20:00:00
2020-06-06,6,158,21,11.25,,0,0,2020-06-06 21:00:00
2020-06-06,6,158,22,10.75,,0,0,2020-06-06 22:00:00
2020-06-06,6,158,23,10.25,,0,0,2020-06-06 23:00:00
2020-06-07,6,159,0,10.0,,0,0,2020-06-07 00:00:00
2020-06-07,6,159,1,9.75,,0,0,2020-06-07 01:00:00
2020-06-07,6,159,2,9.5,,0,0,2020-06-07 02:00:00
2020-06-07,6,159,3,9.25,,0,0,2020-06-07 03:00:00
2020-06-07,6,159,4,9.25,,0,0,2020-06-07 04:00:00
2020-06-07,6,159,5,8.75,,0,0,2020-06-07 05:00:00
2020-06-07,6,159,6,8.75,,0,0,2020-06-07 06:00:00
2020-06-07,6,159,7,8.75,,0,0,2020-06-07 07:00:00
2020-06-07,6,159,8,8.75,,0,0,2020-06-07 08:00:00
2020-06-07,6,159,9,8.5,,0,0,2020-06-07 09:00:00
2020-06-07,6,159,10,9.0,,0,0,2020-06-07 10:00:00
2020-06-07,6,159,11,10.25,,0,0,2020-06-07 11:00:00
2020-06-07,6,159,12,11.5,,0,0,2020-06-07 12:00:00
2020-06-07,6,159,13,12.75,,0,0,2020-06-07 13:00:00
2020-06-07,6,159,14,13.75,,0,0,2020-06-07 14:00:00
2020-06-07,6,159,15,15.0,,0,0,2020-06-07 15:00:00
2020-06-07,6,159,16,15.0,,0,0,2020-06-07 16:00:00
2020-06-07,6,159,17,14.75,,0,0,2020-06-07 17:00:00
2020-06-07,6,159,18,14.0,,0,0,2020-06-07 18:00:00
2020-06-07,6,159,19,13.0,,0,0,2020-06-07 19:00:00
2020-06-07,6,159,20,12.25,,0,0,2020-06-07 20:00:00
2020-06-07,6,159,21,11.75,,0,0,2020-06-07 21:00:00
2020-06-07,6,159,22,11.5,,0,0,2020-06-07 22:00:00
2020-06-07,6,159,23,11.25,,0,0,2020-06-07 23:00:00
2020-06-08,6,160,0,11.0,,0,0,2020-06-08 00:00:00
2020-06-08,6,160,1,11.0,,0,0,2020-06-08 01:00:00
2020-06-08,6,160,2,10.75,,0,0,2020-06-08 02:00:00
2020-06-08,6,160,3,10.75,,0,0,2020-06-08 03:00:00
2020-06-08,6,160,4,10.5,,2,0,2020-06-08 04:00:00
2020-06-08,6,160,5,10.5,,0,0,2020-06-08 05:00:00
2020-06-08,6,160,6,10.25,,0,0,2020-06-08 06:00:00
2020-06-08,6,160,7,10.0,,0,0,2020-06-08 07:00:00
2020-06-08,6,160,8,9.75,,0,0,2020-06-08 08:00:00
2020-06-08,6,160,9,9.25,,0,0,2020-06-08 09:00:00
2020-06-08,6,160,10,9.5,,0,0,2020-06-08 10:00:00
2020-06-08,6,160,11,10.5,,0,0,2020-06-08 11:00:00
2020-06-08,6,160,12,11.75,,0,0,2020-06-08 12:00:00
2020-06-08,6,160,13,12.75,,0,0,2020-06-08 13:00:00
2020-06-08,6,160,14,14.0,,0,0,2020-06-08 14:00:00
2020-06-08,6,160,15,15.25,,0,0,2020-06-08 15:00:00
2020-06-08,6,160,16,15.75,,0,0,2020-06-08 16:00:00
2020-06-08,6,160,17,15.75,,0,0,2020-06-08 17:00:00
2020-06-08,6,160,18,15.25,,0,0,2020-06-08 18:00:00
2020-06-08,6,160,19,14.25,,0,0,2020-06-08 19:00:00
2020-06-08,6,160,20,13.5,,0,0,2020-06-08 20:00:00
2020-06-08,6,160,21,12.75,,0,0,2020-06-08 21:00:00
2020-06-08,6,160,22,12.5,,0,0,2020-06-08 22:00:00
2020-06-08,6,160,23,12.0,,0,0,2020-06-08 23:00:00
2020-06-09,6,161,0,11.75,,0,0,2020-06-09 00:00:00
2020-06-09,6,161,1,11.5,,0,0,2020-06-09 01:00:00
2020-06-09,6,161,2,11.25,,0,0,2020-06-09 02:00:00
2020-06-09,6,161,3,11.0,,0,0,2020-06-09 03:00:00
2020-06-09,6,161,4,10.75,,0,0,2020-06-09 04:00:00
2020-06-09,6,161,5,10.5,,0,0,2020-06-09 05:00:00
2020-06-09,6,161,6,10.25,,0,0,2020-06-09 06:00:00
2020-06-09,6,161,7,10.25,,0,0,2020-06-09 07:00:00
2020-06-09,6,161,8,10.25,,0,0,2020-06-09 08:00:00
2020-06-09,6,161,9,10.25,,0,0,2020-06-09 09:00:00
2020-06-09,6,161,10,10.75,,0,0,2020-06-09 10:00:00
2020-06-09,6,161,11,11.25,,0,0,2020-06-09 11:00:00
2020-06-09,6,161,12,11.75,,0,0,2020-06-09 12:00:00
2020-06-09,6,161,13,12.75,,0,0,2020-06-09 13:00:00
2020-06-09,6,161,14,13.5,,0,0,2020-06-09 14:00:00
2020-06-09,6,161,15,14.5,,0,0,2020-06-09 15:00:00
2020-06-09,6,161,16,15.0,,0,0,2020-06-09 16:00:00
2020-06-09,6,161,17,15.0,,1,0,2020-06-09 17:00:00
2020-06-09,6,161,18,14.5,,0,0,2020-06-09 18:00:00
2020-06-09,6,161,19,14.0,,0,0,2020-06-09 19:00:00
2020-06-09,6,161,20,13.5,,0,0,2020-06-09 20:00:00
2020-06-09,6,161,21,13.25,,1,0,2020-06-09 21:00:00
2020-06-09,6,161,22,13.0,,1,0,2020-06-09 22:00:00
2020-06-09,6,161,23,13.0,,0,0,2020-06-09 23:00:00
2020-06-10,6,162,0,12.75,,0,0,2020-06-10 00:00:00
2020-06-10,6,162,1,12.75,,0,0,2020-06-10 01:00:00
2020-06-10,6,162,2,12.5,,0,0,2020-06-10 02:00:00
2020-06-10,6,162,3,12.5,,0,0,2020-06-10 03:00:00
2020-06-10,6,162,4,12.5,,0,0,2020-06-10 04:00:00
2020-06-10,6,162,5,12.25,,0,0,2020-06-10 05:00:00
2020-06-10,6,162,6,12.25,,0,0,2020-06-10 06:00:00
2020-06-10,6,162,7,12.25,,0,0,2020-06-10 07:00:00
2020-06-10,6,162,8,12.25,,0,0,2020-06-10 08:00:00
2020-06-10,6,162,9,12.25,,0,0,2020-06-10 09:00:00
2020-06-10,6,162,10,12.25,,0,0,2020-06-10 10:00:00
2020-06-10,6,162,11,13.0,,0,0,2020-06-10 11:00:00
2020-06-10,6,162,12,13.75,,0,0,2020-06-10 12:00:00
2020-06-10,6,162,13,14.75,,0,0,2020-06-10 13:00:00
2020-06-10,6,162,14,15.5,,0,0,2020-06-10 14:00:00
2020-06-10,6,162,15,16.5,,0,0,2020-06-10 15:00:00
2020-06-10,6,162,16,17.25,,0,0,2020-06-10 16:00:00
2020-06-10,6,162,17,17.5,,0,0,2020-06-10 17:00:00
2020-06-10,6,162,18,17.25,,0,0,2020-06-10 18:00:00
2020-06-10,6,162,19,16.25,,0,0,2020-06-10 19:00:00
2020-06-10,6,162,20,15.75,,0,0,2020-06-10 20:00:00
2020-06-10,6,162,21,15.5,,0,0,2020-06-10 21:00:00
2020-06-10,6,162,22,15.25,,0,0,2020-06-10 22:00:00
2020-06-10,6,162,23,15.25,,0,0,2020-06-10 23:00:00
2020-06-11,6,163,0,15.0,,0,0,2020-06-11 00:00:00
2020-06-11,6,163,1,14.75,,0,0,2020-06-11 01:00:00
2020-06-11,6,163,2,14.25,,0,0,2020-06-11 02:00:00
2020-06-11,6,163,3,13.5,,1,0,2020-06-11 03:00:00
2020-06-11,6,163,4,12.75,,0,0,2020-06-11 04:00:00
2020-06-11,6,163,5,12.5,,0,0,2020-06-11 05:00:00
2020-06-11,6,163,6,12.25,,0,0,2020-06-11 06:00:00
2020-06-11,6,163,7,12.0,,0,0,2020-06-11 07:00:00
2020-06-11,6,163,8,12.0,,0,0,2020-06-11 08:00:00
2020-06-11,6,163,9,11.75,,0,0,2020-06-11 09:00:00
2020-06-11,6,163,10,12.0,,0,0,2020-06-11 10:00:00
2020-06-11,6,163,11,12.75,,0,0,2020-06-11 11:00:00
2020-06-11,6,163,12,14.5,,0,0,2020-06-11 12:00:00
2020-06-11,6,163,13,16.75,,0,0,2020-06-11 13:00:00
2020-06-11,6,163,14,19.0,,0,0,2020-06-11 14:00:00
2020-06-11,6,163,15,20.75,,0,0,2020-06-11 15:00:00
2020-06-11,6,163,16,21.5,,0,0,2020-06-11 16:00:00
2020-06-11,6,163,17,21.25,,0,0,2020-06-11 17:00:00
2020-06-11,6,163,18,20.5,,0,0,2020-06-11 18:00:00
2020-06-11,6,163,19,19.0,,0,0,2020-06-11 19:00:00
2020-06-11,6,163,20,17.75,,0,0,2020-06-11 20:00:00
2020-06-11,6,163,21,16.75,,0,0,2020-06-11 21:00:00
2020-06-11,6,163,22,16.25,,0,0,2020-06-11 22:00:00
2020-06-11,6,163,23,15.75,,0,0,2020-06-11 23:00:00
2020-06-12,6,164,0,15.5,,0,0,2020-06-12 00:00:00
2020-06-12,6,164,1,15.25,,0,0,2020-06-12 01:00:00
2020-06-12,6,164,2,14.75,,0,0,2020-06-12 02:00:00
2020-06-12,6,164,3,15.0,,0,0,2020-06-12 03:00:00
2020-06-12,6,164,4,15.25,,0,0,2020-06-12 04:00:00
2020-06-12,6,164,5,15.25,,0,0,2020-06-12 05:00:00
2020-06-12,6,164,6,14.5,,0,0,2020-06-12 06:00:00
2020-06-12,6,164,7,14.5,,0,0,2020-06-12 07:00:00
2020-06-12,6,164,8,14.0,,0,0,2020-06-12 08:00:00
2020-06-12,6,164,9,12.5,,0,0,2020-06-12 09:00:00
2020-06-12,6,164,10,12.0,,0,0,2020-06-12 10:00:00
2020-06-12,6,164,11,11.25,,0,0,2020-06-12 11:00:00
2020-06-12,6,164,12,10.5,,0,0,2020-06-12 12:00:00
2020-06-12,6,164,13,9.75,,0,0,2020-06-12 13:00:00
2020-06-12,6,164,14,9.25,,0,0,2020-06-12 14:00:00
2020-06-12,6,164,15,9.0,,0,0,2020-06-12 15:00:00
2020-06-12,6,164,16,8.75,,0,0,2020-06-12 16:00:00
2020-06-12,6,164,17,8.5,,0,0,2020-06-12 17:00:00
2020-06-12,6,164,18,8.25,,0,0,2020-06-12 18:00:00
2020-06-12,6,164,19,7.75,,0,0,2020-06-12 19:00:00
2020-06-12,6,164,20,7.75,,0,0,2020-06-12 20:00:00
2020-06-12,6,164,21,7.75,,0,0,2020-06-12 21:00:00
2020-06-12,6,164,22,8.0,,1,0,2020-06-12 22:00:00
2020-06-12,6,164,23,8.0,,1,0,2020-06-12 23:00:00
2020-06-13,6,165,0,8.25,,1,0,2020-06-13 00:00:00
2020-06-13,6,165,1,8.25,,1,0,2020-06-13 01:00:00
2020-06-13,6,165,2,8.25,,1,0,2020-06-13 02:00:00
2020-06-13,6,165,3,8.25,,0,0,2020-06-13 03:00:00
2020-06-13,6,165,4,8.25,,0,0,2020-06-13 04:00:00
2020-06-13,6,165,5,8.25,,0,0,2020-06-13 05:00:00
2020-06-13,6,165,6,8.25,,0,0,2020-06-13 06:00:00
2020-06-13,6,165,7,8.0,,0,0,2020-06-13 07:00:00
2020-06-13,6,165,8,8.0,,0,0,2020-06-13 08:00:00
2020-06-13,6,165,9,8.0,,0,0,2020-06-13 09:00:00
2020-06-13,6,165,10,8.0,,0,0,2020-06-13 10:00:00
2020-06-13,6,165,11,8.25,,0,0,2020-06-13 11:00:00
2020-06-13,6,165,12,8.75,,0,0,2020-06-13 12:00:00
2020-06-13,6,165,13,9.25,,0,0,2020-06-13 13:00:00
2020-06-13,6,165,14,10.0,,0,0,2020-06-13 14:00:00
2020-06-13,6,165,15,10.25,,0,0,2020-06-13 15:00:00
2020-06-13,6,165,16,10.25,,0,0,2020-06-13 16:00:00
2020-06-13,6,165,17,9.75,,0,0,2020-06-13 17:00:00
2020-06-13,6,165,18,9.5,,0,0,2020-06-13 18:00:00
2020-06-13,6,165,19,9.25,,1,0,2020-06-13 19:00:00
2020-06-13,6,165,20,9.0,,1,0,2020-06-13 20:00:00
2020-06-13,6,165,21,8.75,,2,0,2020-06-13 21:00:00
2020-06-13,6,165,22,8.5,,2,0,2020-06-13 22:00:00
2020-06-13,6,165,23,8.5,,2,0,2020-06-13 23:00:00
2020-06-14,6,166,0,8.5,,2,0,2020-06-14 00:00:00
2020-06-14,6,166,1,8.5,,1,0,2020-06-14 01:00:00
2020-06-14,6,166,2,8.25,,0,0,2020-06-14 02:00:00
2020-06-14,6,166,3,8.25,,1,0,2020-06-14 03:00:00
2020-06-14,6,166,4,8.0,,0,0,2020-06-14 04:00:00
2020-06-14,6,166,5,8.0,,0,0,2020-06-14 05:00:00
2020-06-14,6,166,6,8.0,,0,0,2020-06-14 06:00:00
2020-06-14,6,166,7,8.25,,0,0,2020-06-14 07:00:00
2020-06-14,6,166,8,8.25,,0,0,2020-06-14 08:00:00
2020-06-14,6,166,9,8.0,,0,0,2020-06-14 09:00:00
2020-06-14,6,166,10,8.25,,0,0,2020-06-14 10:00:00
2020-06-14,6,166,11,8.5,,0,0,2020-06-14 11:00:00
2020-06-14,6,166,12,9.0,,0,0,2020-06-14 12:00:00
2020-06-14,6,166,13,10.0,,0,0,2020-06-14 13:00:00
2020-06-14,6,166,14,11.0,,0,0,2020-06-14 14:00:00
2020-06-14,6,166,15,11.75,,0,0,2020-06-14 15:00:00
2020-06-14,6,166,16,12.25,,0,0,2020-06-14 16:00:00
2020-06-14,6,166,17,12.5,,0,0,2020-06-14 17:00:00
2020-06-14,6,166,18,12.75,,0,0,2020-06-14 18:00:00
2020-06-14,6,166,19,12.0,,0,0,2020-06-14 19:00:00
2020-06-14,6,166,20,11.25,,2,0,2020-06-14 20:00:00
2020-06-14,6,166,21,11.0,,0,0,2020-06-14 21:00:00
2020-06-14,6,166,22,10.75,,0,0,2020-06-14 22:00:00
2020-06-14,6,166,23,10.75,,0,0,2020-06-14 23:00:00
2020-06-15,6,167,0,10.5,,0,0,2020-06-15 00:00:00
2020-06-15,6,167,1,10.5,,0,0,2020-06-15 01:00:00
2020-06-15,6,167,2,10.5,,1,0,2020-06-15 02:00:00
2020-06-15,6,167,3,10.75,,0,0,2020-06-15 03:00:00
2020-06-15,6,167,4,10.5,,0,0,2020-06-15 04:00:00
2020-06-15,6,167,5,10.5,,0,0,2020-06-15 05:00:00
2020-06-15,6,167,6,10.5,,0,0,2020-06-15 06:00:00
2020-06-15,6,167,7,10.5,,0,0,2020-06-15 07:00:00
2020-06-15,6,167,8,10.25,,0,0,2020-06-15 08:00:00
2020-06-15,6,167,9,10.25,,0,0,2020-06-15 09:00:00
2020-06-15,6,167,10,10.5,,0,0,2020-06-15 10:00:00
2020-06-15,6,167,11,11.25,,0,0,2020-06-15 11:00:00
2020-06-15,6,167,12,12.75,,0,0,2020-06-15 12:00:00
2020-06-15,6,167,13,14.25,,0,0,2020-06-15 13:00:00
2020-06-15,6,167,14,15.5,,0,0,2020-06-15 14:00:00
2020-06-15,6,167,15,16.5,,0,0,2020-06-15 15:00:00
2020-06-15,6,167,16,17.0,,0,0,2020-06-15 16:00:00
2020-06-15,6,167,17,17.0,,0,0,2020-06-15 17:00:00
2020-06-15,6,167,18,16.75,,0,0,2020-06-15 18:00:00
2020-06-15,6,167,19,15.75,,0,0,2020-06-15 19:00:00
2020-06-15,6,167,20,15.0,,1,0,2020-06-15 20:00:00
2020-06-15,6,167,21,14.5,,0,0,2020-06-15 21:00:00
2020-06-15,6,167,22,14.25,,1,0,2020-06-15 22:00:00
2020-06-15,6,167,23,14.0,,0,0,2020-06-15 23:00:00
2020-06-16,6,168,0,13.75,,1,0,2020-06-16 00:00:00
2020-06-16,6,168,1,13.5,,2,0,2020-06-16 01:00:00
2020-06-16,6,168,2,13.5,,0,0,2020-06-16 02:00:00
2020-06-16,6,168,3,13.25,,0,0,2020-06-16 03:00:00
2020-06-16,6,168,4,13.0,,0,0,2020-06-16 04:00:00
2020-06-16,6,168,5,12.75,,0,0,2020-06-16 05:00:00
2020-06-16,6,168,6,12.75,,0,0,2020-06-16 06:00:00
2020-06-16,6,168,7,12.5,,1,0,2020-06-16 07:00:00
2020-06-16,6,168,8,12.25,,0,0,2020-06-16 08:00:00
2020-06-16,6,168,9,12.25,,0,0,2020-06-16 09:00:00
2020-06-16,6,168,10,12.0,,0,0,2020-06-16 10:00:00
2020-06-16,6,168,11,12.5,,0,0,2020-06-16 11:00:00
2020-06-16,6,168,12,14.25,,0,0,2020-06-16 12:00:00
2020-06-16,6,168,13,15.75,,0,0,2020-06-16 13:00:00
2020-06-16,6,168,14,17.25,,0,0,2020-06-16 14:00:00
2020-06-16,6,168,15,18.5,,0,0,2020-06-16 15:00:00
2020-06-16,6,168,16,18.75,,0,0,2020-06-16 16:00:00
2020-06-16,6,168,17,18.75,,0,0,2020-06-16 17:00:00
2020-06-16,6,168,18,18.5,,0,0,2020-06-16 18:00:00
2020-06-16,6,168,19,17.5,,0,0,2020-06-16 19:00:00
2020-06-16,6,168,20,16.5,,0,0,2020-06-16 20:00:00
2020-06-16,6,168,21,16.0,,0,0,2020-06-16 21:00:00
2020-06-16,6,168,22,15.75,,1,0,2020-06-16 22:00:00
2020-06-16,6,168,23,15.5,,0,0,2020-06-16 23:00:00
2020-06-17,6,169,0,15.0,,0,0,2020-06-17 00:00:00
2020-06-17,6,169,1,14.25,,0,0,2020-06-17 01:00:00
2020-06-17,6,169,2,15.75,,0,0,2020-06-17 02:00:00
2020-06-17,6,169,3,18.0,,1,0,2020-06-17 03:00:00
2020-06-17,6,169,4,16.75,,0,0,2020-06-17 04:00:00
2020-06-17,6,169,5,16.75,,0,0,2020-06-17 05:00:00
2020-06-17,6,169,6,15.5,,0,0,2020-06-17 06:00:00
2020-06-17,6,169,7,15.25,,0,0,2020-06-17 07:00:00
2020-06-17,6,169,8,14.75,,0,0,2020-06-17 08:00:00
2020-06-17,6,169,9,14.5,,0,0,2020-06-17 09:00:00
2020-06-17,6,169,10,14.0,,0,0,2020-06-17 10:00:00
2020-06-17,6,169,11,14.0,,0,0,2020-06-17 11:00:00
2020-06-17,6,169,12,14.0,,0,0,2020-06-17 12:00:00
2020-06-17,6,169,13,14.5,,0,0,2020-06-17 13:00:00
2020-06-17,6,169,14,15.0,,0,0,2020-06-17 14:00:00
2020-06-17,6,169,15,15.75,,0,0,2020-06-17 15:00:00
2020-06-17,6,169,16,15.75,,0,0,2020-06-17 16:00:00
2020-06-17,6,169,17,16.0,,0,0,2020-06-17 17:00:00
2020-06-17,6,169,18,15.75,,0,0,2020-06-17 18:00:00
2020-06-17,6,169,19,14.75,,0,0,2020-06-17 19:00:00
2020-06-17,6,169,20,13.5,,0,0,2020-06-17 20:00:00
2020-06-17,6,169,21,12.75,,0,0,2020-06-17 21:00:00
2020-06-17,6,169,22,12.25,,0,0,2020-06-17 22:00:00
2020-06-17,6,169,23,11.75,,0,0,2020-06-17 23:00:00
2020-06-18,6,170,0,11.5,,0,0,2020-06-18 00:00:00
2020-06-18,6,170,1,11.25,,0,0,2020-06-18 01:00:00
2020-06-18,6,170,2,11.0,,1,0,2020-06-18 02:00:00
2020-06-18,6,170,3,11.0,,0,0,2020-06-18 03:00:00
2020-06-18,6,170,4,10.75,,0,0,2020-06-18 04:00:00
2020-06-18,6,170,5,10.5,,0,0,2020-06-18 05:00:00
2020-06-18,6,170,6,10.25,,0,0,2020-06-18 06:00:00
2020-06-18,6,170,7,10.25,,0,0,2020-06-18 07:00:00
2020-06-18,6,170,8,10.0,,0,0,2020-06-18 08:00:00
2020-06-18,6,170,9,10.0,,0,0,2020-06-18 09:00:00
2020-06-18,6,170,10,10.25,,0,0,2020-06-18 10:00:00
2020-06-18,6,170,11,10.75,,0,0,2020-06-18 11:00:00
2020-06-18,6,170,12,12.25,,0,0,2020-06-18 12:00:00
2020-06-18,6,170,13,14.0,,0,0,2020-06-18 13:00:00
2020-06-18,6,170,14,15.5,,0,0,2020-06-18 14:00:00
2020-06-18,6,170,15,17.0,,0,0,2020-06-18 15:00:00
2020-06-18,6,170,16,18.0,,0,0,2020-06-18 16:00:00
2020-06-18,6,170,17,18.5,,0,0,2020-06-18 17:00:00
2020-06-18,6,170,18,18.5,,0,0,2020-06-18 18:00:00
2020-06-18,6,170,19,17.25,,2,0,2020-06-18 19:00:00
2020-06-18,6,170,20,16.0,,1,0,2020-06-18 20:00:00
2020-06-18,6,170,21,15.25,,1,0,2020-06-18 21:00:00
2020-06-18,6,170,22,14.5,,0,0,2020-06-18 22:00:00
2020-06-18,6,170,23,14.25,,0,0,2020-06-18 23:00:00
2020-06-19,6,171,0,13.75,,0,0,2020-06-19 00:00:00
2020-06-19,6,171,1,13.5,,0,0,2020-06-19 01:00:00
2020-06-19,6,171,2,13.5,,0,0,2020-06-19 02:00:00
2020-06-19,6,171,3,13.5,,0,0,2020-06-19 03:00:00
2020-06-19,6,171,4,13.5,,0,0,2020-06-19 04:00:00
2020-06-19,6,171,5,13.25,,0,0,2020-06-19 05:00:00
2020-06-19,6,171,6,13.0,,0,0,2020-06-19 06:00:00
2020-06-19,6,171,7,12.75,,0,0,2020-06-19 07:00:00
2020-06-19,6,171,8,12.5,,0,0,2020-06-19 08:00:00
2020-06-19,6,171,9,12.5,,0,0,2020-06-19 09:00:00
2020-06-19,6,171,10,12.5,,0,0,2020-06-19 10:00:00
2020-06-19,6,171,11,13.25,,0,0,2020-06-19 11:00:00
2020-06-19,6,171,12,14.5,,0,0,2020-06-19 12:00:00
2020-06-19,6,171,13,15.75,,0,0,2020-06-19 13:00:00
2020-06-19,6,171,14,17.0,,0,0,2020-06-19 14:00:00
2020-06-19,6,171,15,18.0,,0,0,2020-06-19 15:00:00
2020-06-19,6,171,16,18.5,,0,0,2020-06-19 16:00:00
2020-06-19,6,171,17,18.5,,0,0,2020-06-19 17:00:00
2020-06-19,6,171,18,18.5,,0,0,2020-06-19 18:00:00
2020-06-19,6,171,19,17.25,,1,0,2020-06-19 19:00:00
2020-06-19,6,171,20,16.25,,0,0,2020-06-19 20:00:00
2020-06-19,6,171,21,15.5,,0,0,2020-06-19 21:00:00
2020-06-19,6,171,22,15.25,,0,0,2020-06-19 22:00:00
2020-06-19,6,171,23,14.75,,1,0,2020-06-19 23:00:00
2020-06-20,6,172,0,14.5,,1,0,2020-06-20 00:00:00
2020-06-20,6,172,1,14.25,,0,0,2020-06-20 01:00:00
2020-06-20,6,172,2,14.0,,1,0,2020-06-20 02:00:00
2020-06-20,6,172,3,13.75,,0,0,2020-06-20 03:00:00
2020-06-20,6,172,4,13.25,,0,0,2020-06-20 04:00:00
2020-06-20,6,172,5,13.25,,0,0,2020-06-20 05:00:00
2020-06-20,6,172,6,13.0,,0,0,2020-06-20 06:00:00
2020-06-20,6,172,7,12.75,,0,0,2020-06-20 07:00:00
2020-06-20,6,172,8,12.5,,0,0,2020-06-20 08:00:00
2020-06-20,6,172,9,12.25,,0,0,2020-06-20 09:00:00
2020-06-20,6,172,10,12.0,,0,0,2020-06-20 10:00:00
2020-06-20,6,172,11,13.0,,0,0,2020-06-20 11:00:00
2020-06-20,6,172,12,15.0,,0,0,2020-06-20 12:00:00
2020-06-20,6,172,13,16.5,,0,0,2020-06-20 13:00:00
2020-06-20,6,172,14,17.25,,0,0,2020-06-20 14:00:00
2020-06-20,6,172,15,17.5,,0,0,2020-06-20 15:00:00
2020-06-20,6,172,16,17.0,,0,0,2020-06-20 16:00:00
2020-06-20,6,172,17,16.75,,0,0,2020-06-20 17:00:00
2020-06-20,6,172,18,16.5,,0,0,2020-06-20 18:00:00
2020-06-20,6,172,19,16.0,,0,0,2020-06-20 19:00:00
2020-06-20,6,172,20,15.75,,0,0,2020-06-20 20:00:00
2020-06-20,6,172,21,15.5,,1,0,2020-06-20 21:00:00
2020-06-20,6,172,22,15.25,,2,0,2020-06-20 22:00:00
2020-06-20,6,172,23,15.25,,2,0,2020-06-20 23:00:00
2020-06-21,6,173,0,15.0,,0,0,2020-06-21 00:00:00
2020-06-21,6,173,1,14.5,,0,0,2020-06-21 01:00:00
2020-06-21,6,173,2,14.25,,0,0,2020-06-21 02:00:00
2020-06-21,6,173,3,14.0,,2,0,2020-06-21 03:00:00
2020-06-21,6,173,4,13.5,,0,0,2020-06-21 04:00:00
2020-06-21,6,173,5,13.25,,2,0,2020-06-21 05:00:00
2020-06-21,6,173,6,12.75,,0,0,2020-06-21 06:00:00
2020-06-21,6,173,7,12.5,,0,0,2020-06-21 07:00:00
2020-06-21,6,173,8,12.25,,0,0,2020-06-21 08:00:00
2020-06-21,6,173,9,12.0,,0,0,2020-06-21 09:00:00
2020-06-21,6,173,10,12.0,,0,0,2020-06-21 10:00:00
2020-06-21,6,173,11,12.0,,0,0,2020-06-21 11:00:00
2020-06-21,6,173,12,13.0,,0,0,2020-06-21 12:00:00
2020-06-21,6,173,13,14.5,,0,0,2020-06-21 13:00:00
2020-06-21,6,173,14,15.5,,0,0,2020-06-21 14:00:00
2020-06-21,6,173,15,16.25,,0,0,2020-06-21 15:00:00
2020-06-21,6,173,16,16.5,,0,0,2020-06-21 16:00:00
2020-06-21,6,173,17,16.5,,0,0,2020-06-21 17:00:00
2020-06-21,6,173,18,16.5,,0,0,2020-06-21 18:00:00
2020-06-21,6,173,19,15.75,,1,0,2020-06-21 19:00:00
2020-06-21,6,173,20,15.0,,3,0,2020-06-21 20:00:00
2020-06-21,6,173,21,14.5,,0,0,2020-06-21 21:00:00
2020-06-21,6,173,22,14.25,,2,0,2020-06-21 22:00:00
2020-06-21,6,173,23,14.0,,1,0,2020-06-21 23:00:00
2020-06-22,6,174,0,13.5,,1,0,2020-06-22 00:00:00
2020-06-22,6,174,1,13.0,,2,0,2020-06-22 01:00:00
2020-06-22,6,174,2,12.5,,0,0,2020-06-22 02:00:00
2020-06-22,6,174,3,11.75,,2,0,2020-06-22 03:00:00
2020-06-22,6,174,4,11.0,,1,0,2020-06-22 04:00:00
2020-06-22,6,174,5,10.5,,0,0,2020-06-22 05:00:00
2020-06-22,6,174,6,10.25,,0,0,2020-06-22 06:00:00
2020-06-22,6,174,7,10.25,,0,0,2020-06-22 07:00:00
2020-06-22,6,174,8,10.75,,0,0,2020-06-22 08:00:00
2020-06-22,6,174,9,11.5,,0,0,2020-06-22 09:00:00
2020-06-22,6,174,10,12.5,,0,0,2020-06-22 10:00:00
2020-06-22,6,174,11,14.25,,0,0,2020-06-22 11:00:00
2020-06-22,6,174,12,16.5,,0,0,2020-06-22 12:00:00
2020-06-22,6,174,13,18.75,,0,0,2020-06-22 13:00:00
2020-06-22,6,174,14,20.0,,0,0,2020-06-22 14:00:00
2020-06-22,6,174,15,20.75,,0,0,2020-06-22 15:00:00
2020-06-22,6,174,16,20.75,,0,0,2020-06-22 16:00:00
2020-06-22,6,174,17,21.25,,0,0,2020-06-22 17:00:00
2020-06-22,6,174,18,20.75,,0,0,2020-06-22 18:00:00
2020-06-23,6,175,2,12.5,,0,0,2020-06-23 02:00:00
2020-06-23,6,175,3,12.5,,0,0,2020-06-23 03:00:00
2020-06-23,6,175,4,12.75,,0,0,2020-06-23 04:00:00
2020-06-23,6,175,5,13.75,,0,0,2020-06-23 05:00:00
2020-06-23,6,175,6,15.25,,0,0,2020-06-23 06:00:00
2020-06-23,6,175,7,16.75,,0,0,2020-06-23 07:00:00
2020-06-23,6,175,8,18.0,,0,0,2020-06-23 08:00:00
2020-06-23,6,175,9,18.5,,0,0,2020-06-23 09:00:00
2020-06-23,6,175,10,18.75,,0,0,2020-06-23 10:00:00
2020-06-23,6,175,11,18.25,,0,0,2020-06-23 11:00:00
2020-06-23,6,175,12,17.5,,0,0,2020-06-23 12:00:00
2020-06-23,6,175,13,16.75,,0,0,2020-06-23 13:00:00
2020-06-23,6,175,14,16.5,,0,0,2020-06-23 14:00:00
2020-06-23,6,175,15,16.0,,0,0,2020-06-23 15:00:00
2020-06-23,6,175,16,15.5,,0,0,2020-06-23 16:00:00
2020-06-23,6,175,17,14.5,,0,0,2020-06-23 17:00:00
2020-06-23,6,175,18,14.0,,0,0,2020-06-23 18:00:00
2020-06-23,6,175,19,13.75,,0,0,2020-06-23 19:00:00
2020-06-23,6,175,20,14.0,,1,0,2020-06-23 20:00:00
2020-06-23,6,175,21,13.5,,0,0,2020-06-23 21:00:00
2020-06-23,6,175,22,12.75,,2,0,2020-06-23 22:00:00
2020-06-23,6,175,23,12.0,,2,0,2020-06-23 23:00:00
2020-06-24,6,176,0,11.5,,0,0,2020-06-24 00:00:00
2020-06-24,6,176,1,11.0,,2,0,2020-06-24 01:00:00
2020-06-24,6,176,2,10.5,,2,0,2020-06-24 02:00:00
2020-06-24,6,176,3,10.25,,1,0,2020-06-24 03:00:00
2020-06-24,6,176,4,9.25,,2,0,2020-06-24 04:00:00
2020-06-24,6,176,5,8.25,,2,0,2020-06-24 05:00:00
2020-06-24,6,176,6,7.75,,1,0,2020-06-24 06:00:00
2020-06-24,6,176,7,7.75,,0,0,2020-06-24 07:00:00
2020-06-24,6,176,8,7.75,,0,0,2020-06-24 08:00:00
2020-06-24,6,176,9,7.5,,0,0,2020-06-24 09:00:00
2020-06-24,6,176,10,7.5,,0,0,2020-06-24 10:00:00
2020-06-24,6,176,11,7.25,,0,0,2020-06-24 11:00:00
2020-06-24,6,176,12,7.0,,0,0,2020-06-24 12:00:00
2020-06-24,6,176,13,6.75,,0,0,2020-06-24 13:00:00
2020-06-24,6,176,14,6.75,,0,0,2020-06-24 14:00:00
2020-06-24,6,176,15,6.5,,0,0,2020-06-24 15:00:00
2020-06-24,6,176,16,6.25,,0,0,2020-06-24 16:00:00
2020-06-24,6,176,17,6.25,,0,0,2020-06-24 17:00:00
2020-06-24,6,176,18,6.25,,0,0,2020-06-24 18:00:00
2020-06-24,6,176,19,6.5,,2,0,2020-06-24 19:00:00
2020-06-24,6,176,20,6.5,,0,0,2020-06-24 20:00:00
2020-06-24,6,176,21,6.75,,0,0,2020-06-24 21:00:00
2020-06-24,6,176,22,6.75,,0,0,2020-06-24 22:00:00
2020-06-24,6,176,23,6.75,,0,0,2020-06-24 23:00:00
2020-06-25,6,177,0,7.0,,0,0,2020-06-25 00:00:00
2020-06-25,6,177,1,6.75,,0,0,2020-06-25 01:00:00
2020-06-25,6,177,2,6.5,,0,0,2020-06-25 02:00:00
2020-06-25,6,177,3,6.5,,0,0,2020-06-25 03:00:00
2020-06-25,6,177,4,7.0,,0,0,2020-06-25 04:00:00
2020-06-25,6,177,5,7.25,,0,0,2020-06-25 05:00:00
2020-06-25,6,177,6,7.5,,0,0,2020-06-25 06:00:00
2020-06-25,6,177,7,7.0,,0,0,2020-06-25 07:00:00
2020-06-25,6,177,8,6.75,,0,0,2020-06-25 08:00:00
2020-06-25,6,177,9,6.5,,0,0,2020-06-25 09:00:00
2020-06-25,6,177,10,6.5,,0,0,2020-06-25 10:00:00
2020-06-25,6,177,11,6.5,,0,0,2020-06-25 11:00:00
2020-06-25,6,177,12,6.25,,0,0,2020-06-25 12:00:00
2020-06-25,6,177,13,6.0,,0,0,2020-06-25 13:00:00
2020-06-25,6,177,14,5.75,,0,0,2020-06-25 14:00:00
2020-06-25,6,177,15,5.5,,0,0,2020-06-25 15:00:00
2020-06-25,6,177,16,5.5,,0,0,2020-06-25 16:00:00
2020-06-25,6,177,17,5.5,,0,0,2020-06-25 17:00:00
2020-06-25,6,177,18,5.5,,0,0,2020-06-25 18:00:00
2020-06-25,6,177,19,5.5,,0,0,2020-06-25 19:00:00
2020-06-25,6,177,20,5.5,,0,0,2020-06-25 20:00:00
2020-06-25,6,177,21,5.25,,0,0,2020-06-25 21:00:00
2020-06-25,6,177,22,5.0,,0,0,2020-06-25 22:00:00
2020-06-25,6,177,23,5.0,,0,0,2020-06-25 23:00:00
2020-06-26,6,178,0,5.0,,0,0,2020-06-26 00:00:00
2020-06-26,6,178,1,4.75,,0,0,2020-06-26 01:00:00
2020-06-26,6,178,2,4.75,,0,0,2020-06-26 02:00:00
2020-06-26,6,178,3,4.75,,0,0,2020-06-26 03:00:00
2020-06-26,6,178,4,5.25,,0,0,2020-06-26 04:00:00
2020-06-26,6,178,5,5.25,,0,0,2020-06-26 05:00:00
2020-06-26,6,178,6,5.75,,0,0,2020-06-26 06:00:00
2020-06-26,6,178,7,6.0,,0,0,2020-06-26 07:00:00
2020-06-26,6,178,8,6.75,,0,0,2020-06-26 08:00:00
2020-06-26,6,178,9,6.75,,0,0,2020-06-26 09:00:00
2020-06-26,6,178,10,7.0,,0,0,2020-06-26 10:00:00
2020-06-26,6,178,11,6.75,,0,0,2020-06-26 11:00:00
2020-06-26,6,178,12,6.75,,0,0,2020-06-26 12:00:00
2020-06-26,6,178,13,6.5,,0,0,2020-06-26 13:00:00
2020-06-26,6,178,14,6.25,,0,0,2020-06-26 14:00:00
2020-06-26,6,178,15,6.0,,0,0,2020-06-26 15:00:00
2020-06-26,6,178,16,6.25,,0,0,2020-06-26 16:00:00
2020-06-26,6,178,17,6.25,,0,0,2020-06-26 17:00:00
2020-06-26,6,178,18,6.25,,0,0,2020-06-26 18:00:00
2020-06-26,6,178,19,6.25,,0,0,2020-06-26 19:00:00
2020-06-26,6,178,20,6.25,,0,0,2020-06-26 20:00:00
2020-06-26,6,178,21,6.25,,0,0,2020-06-26 21:00:00
2020-06-26,6,178,22,6.25,,0,0,2020-06-26 22:00:00
2020-06-26,6,178,23,6.25,,0,0,2020-06-26 23:00:00
2020-06-27,6,179,0,6.25,,0,0,2020-06-27 00:00:00
2020-06-27,6,179,1,6.25,,0,0,2020-06-27 01:00:00
2020-06-27,6,179,2,6.25,,0,0,2020-06-27 02:00:00
2020-06-27,6,179,3,6.5,,0,0,2020-06-27 03:00:00
2020-06-27,6,179,4,6.75,,0,0,2020-06-27 04:00:00
2020-06-27,6,179,5,6.75,,0,0,2020-06-27 05:00:00
2020-06-27,6,179,6,7.0,,0,0,2020-06-27 06:00:00
2020-06-27,6,179,7,7.25,,0,0,2020-06-27 07:00:00
2020-06-27,6,179,8,7.5,,0,0,2020-06-27 08:00:00
2020-06-27,6,179,9,7.75,,0,0,2020-06-27 09:00:00
2020-06-27,6,179,10,7.75,,0,0,2020-06-27 10:00:00
2020-06-27,6,179,11,7.5,,0,0,2020-06-27 11:00:00
2020-06-27,6,179,12,7.25,,0,0,2020-06-27 12:00:00
2020-06-27,6,179,13,7.0,,0,0,2020-06-27 13:00:00
2020-06-27,6,179,14,7.0,,0,0,2020-06-27 14:00:00
2020-06-27,6,179,15,7.0,,0,0,2020-06-27 15:00:00
2020-06-27,6,179,16,7.0,,0,0,2020-06-27 16:00:00
2020-06-27,6,179,17,7.0,,0,0,2020-06-27 17:00:00
2020-06-27,6,179,18,6.75,,0,0,2020-06-27 18:00:00
2020-06-27,6,179,19,6.75,,0,0,2020-06-27 19:00:00
2020-06-27,6,179,20,6.75,,0,0,2020-06-27 20:00:00
2020-06-27,6,179,21,6.5,,0,0,2020-06-27 21:00:00
2020-06-27,6,179,22,6.25,,0,0,2020-06-27 22:00:00
2020-06-27,6,179,23,5.5,,0,0,2020-06-27 23:00:00
2020-06-28,6,180,0,5.25,,0,0,2020-06-28 00:00:00
2020-06-28,6,180,1,5.0,,0,0,2020-06-28 01:00:00
2020-06-28,6,180,2,4.75,,0,0,2020-06-28 02:00:00
2020-06-28,6,180,3,5.0,,0,0,2020-06-28 03:00:00
2020-06-28,6,180,4,5.75,,0,0,2020-06-28 04:00:00
2020-06-28,6,180,5,7.5,,0,0,2020-06-28 05:00:00
2020-06-28,6,180,6,9.5,,0,0,2020-06-28 06:00:00
2020-06-28,6,180,7,11.5,,0,0,2020-06-28 07:00:00
2020-06-28,6,180,8,13.25,,0,0,2020-06-28 08:00:00
2020-06-28,6,180,9,14.0,,0,0,2020-06-28 09:00:00
2020-06-28,6,180,10,14.5,,0,0,2020-06-28 10:00:00
2020-06-28,6,180,11,14.5,,0,0,2020-06-28 11:00:00
2020-06-28,6,180,12,13.25,,0,0,2020-06-28 12:00:00
2020-06-28,6,180,13,12.0,,0,0,2020-06-28 13:00:00
2020-06-28,6,180,14,11.25,,0,0,2020-06-28 14:00:00
2020-06-28,6,180,15,10.75,,0,0,2020-06-28 15:00:00
2020-06-28,6,180,16,10.75,,0,0,2020-06-28 16:00:00
2020-06-28,6,180,17,11.0,,0,0,2020-06-28 17:00:00
2020-06-28,6,180,18,11.25,,0,0,2020-06-28 18:00:00
2020-06-28,6,180,19,12.25,,0,0,2020-06-28 19:00:00
2020-06-28,6,180,20,14.0,,0,0,2020-06-28 20:00:00
2020-06-28,6,180,21,14.25,,0,0,2020-06-28 21:00:00
2020-06-28,6,180,22,14.0,,0,0,2020-06-28 22:00:00
2020-06-28,6,180,23,13.0,,0,0,2020-06-28 23:00:00
2020-06-29,6,181,0,11.5,,0,0,2020-06-29 00:00:00
2020-06-29,6,181,1,10.5,,1,0,2020-06-29 01:00:00
2020-06-29,6,181,2,10.25,,1,0,2020-06-29 02:00:00
2020-06-29,6,181,3,9.75,,0,0,2020-06-29 03:00:00
2020-06-29,6,181,4,9.75,,0,0,2020-06-29 04:00:00
2020-06-29,6,181,5,10.25,,0,0,2020-06-29 05:00:00
2020-06-29,6,181,6,11.0,,0,0,2020-06-29 06:00:00
2020-06-29,6,181,7,11.25,,0,0,2020-06-29 07:00:00
2020-06-29,6,181,8,11.25,,0,0,2020-06-29 08:00:00
2020-06-29,6,181,9,11.25,,0,0,2020-06-29 09:00:00
2020-06-29,6,181,10,11.0,,0,0,2020-06-29 10:00:00
2020-06-29,6,181,11,10.75,,0,0,2020-06-29 11:00:00
2020-06-29,6,181,12,10.5,,0,0,2020-06-29 12:00:00
2020-06-29,6,181,13,10.25,,0,0,2020-06-29 13:00:00
2020-06-29,6,181,14,9.75,,0,0,2020-06-29 14:00:00
2020-06-29,6,181,15,9.5,,0,0,2020-06-29 15:00:00
2020-06-29,6,181,16,9.5,,0,0,2020-06-29 16:00:00
2020-06-29,6,181,17,9.25,,0,0,2020-06-29 17:00:00
2020-06-29,6,181,18,8.75,,0,0,2020-06-29 18:00:00
2020-06-29,6,181,19,8.5,,0,0,2020-06-29 19:00:00
2020-06-29,6,181,20,8.25,,0,0,2020-06-29 20:00:00
2020-06-29,6,181,21,8.25,,0,0,2020-06-29 21:00:00
2020-06-29,6,181,22,8.0,,0,0,2020-06-29 22:00:00
2020-06-29,6,181,23,7.75,,0,0,2020-06-29 23:00:00
2020-06-30,7,182,0,7.75,,1,0,2020-06-30 00:00:00
2020-06-30,7,182,1,7.0,,0,0,2020-06-30 01:00:00
2020-06-30,7,182,2,7.0,,0,0,2020-06-30 02:00:00
2020-06-30,7,182,3,7.0,,0,0,2020-06-30 03:00:00
2020-06-30,7,182,4,7.0,,0,0,2020-06-30 04:00:00
2020-06-30,7,182,5,8.0,,0,0,2020-06-30 05:00:00
2020-06-30,7,182,6,10.0,,0,0,2020-06-30 06:00:00
2020-06-30,7,182,7,11.5,,0,0,2020-06-30 07:00:00
2020-06-30,7,182,8,12.0,,0,0,2020-06-30 08:00:00
2020-06-30,7,182,9,12.0,,0,0,2020-06-30 09:00:00
2020-06-30,7,182,10,11.75,,0,0,2020-06-30 10:00:00
2020-06-30,7,182,11,11.75,,0,0,2020-06-30 11:00:00
2020-06-30,7,182,12,10.75,,0,0,2020-06-30 12:00:00
2020-06-30,7,182,13,10.25,,0,0,2020-06-30 13:00:00
2020-06-30,7,182,14,9.75,,0,0,2020-06-30 14:00:00
2020-06-30,7,182,15,9.25,,0,0,2020-06-30 15:00:00
2020-06-30,7,182,16,9.25,,0,0,2020-06-30 16:00:00
2020-06-30,7,182,17,9.0,,0,0,2020-06-30 17:00:00
2020-06-30,7,182,18,8.75,,0,0,2020-06-30 18:00:00
2020-06-30,7,182,19,8.5,,0,0,2020-06-30 19:00:00
2020-06-30,7,182,20,8.5,,0,0,2020-06-30 20:00:00
2020-06-30,7,182,21,8.25,,0,0,2020-06-30 21:00:00
2020-06-30,7,182,22,7.75,,1,0,2020-06-30 22:00:00
2020-06-30,7,182,23,7.75,,0,0,2020-06-30 23:00:00
2020-07-01,7,183,0,7.5,,0,0,2020-07-01 00:00:00
2020-07-01,7,183,1,7.25,,0,0,2020-07-01 01:00:00
2020-07-01,7,183,2,7.0,,0,0,2020-07-01 02:00:00
2020-07-01,7,183,3,7.0,,0,0,2020-07-01 03:00:00
2020-07-01,7,183,4,7.5,,0,0,2020-07-01 04:00:00
2020-07-01,7,183,5,8.0,,0,0,2020-07-01 05:00:00
2020-07-01,7,183,6,8.5,,0,0,2020-07-01 06:00:00
2020-07-01,7,183,7,9.0,,0,0,2020-07-01 07:00:00
2020-07-01,7,183,8,9.5,,0,0,2020-07-01 08:00:00
2020-07-01,7,183,9,10.0,,0,0,2020-07-01 09:00:00
2020-07-01,7,183,10,10.0,,0,0,2020-07-01 10:00:00
2020-07-01,7,183,11,10.0,,1,0,2020-07-01 11:00:00
2020-07-01,7,183,12,9.25,,0,0,2020-07-01 12:00:00
2020-07-01,7,183,13,9.0,,0,0,2020-07-01 13:00:00
2020-07-01,7,183,14,8.5,,0,0,2020-07-01 14:00:00
2020-07-01,7,183,15,8.25,,0,0,2020-07-01 15:00:00
2020-07-01,7,183,16,8.25,,0,0,2020-07-01 16:00:00
2020-07-01,7,183,17,8.0,,0,0,2020-07-01 17:00:00
2020-07-01,7,183,18,8.0,,0,0,2020-07-01 18:00:00
2020-07-01,7,183,19,7.75,,0,0,2020-07-01 19:00:00
2020-07-01,7,183,20,7.75,,0,0,2020-07-01 20:00:00
2020-07-01,7,183,21,7.5,,0,0,2020-07-01 21:00:00
2020-07-01,7,183,22,7.5,,0,0,2020-07-01 22:00:00
2020-07-01,7,183,23,7.5,,0,0,2020-07-01 23:00:00
2020-07-02,7,184,0,7.25,,0,0,2020-07-02 00:00:00
2020-07-02,7,184,1,7.25,,0,0,2020-07-02 01:00:00
2020-07-02,7,184,2,7.25,,0,0,2020-07-02 02:00:00
2020-07-02,7,184,3,7.25,,0,0,2020-07-02 03:00:00
2020-07-02,7,184,4,7.75,,0,0,2020-07-02 04:00:00
2020-07-02,7,184,5,8.0,,0,0,2020-07-02 05:00:00
2020-07-02,7,184,6,9.0,,0,0,2020-07-02 06:00:00
2020-07-02,7,184,7,10.25,,0,0,2020-07-02 07:00:00
2020-07-02,7,184,8,11.25,,0,0,2020-07-02 08:00:00
2020-07-02,7,184,9,11.75,,0,0,2020-07-02 09:00:00
2020-07-02,7,184,10,12.25,,0,0,2020-07-02 10:00:00
2020-07-02,7,184,11,12.25,,0,0,2020-07-02 11:00:00
2020-07-02,7,184,12,11.0,,0,0,2020-07-02 12:00:00
2020-07-02,7,184,13,10.0,,0,0,2020-07-02 13:00:00
2020-07-02,7,184,14,9.25,,0,0,2020-07-02 14:00:00
2020-07-02,7,184,15,8.75,,0,0,2020-07-02 15:00:00
2020-07-02,7,184,16,8.5,,0,0,2020-07-02 16:00:00
2020-07-02,7,184,17,8.0,,0,0,2020-07-02 17:00:00
2020-07-02,7,184,18,8.0,,0,0,2020-07-02 18:00:00
2020-07-02,7,184,19,7.75,,0,0,2020-07-02 19:00:00
2020-07-02,7,184,20,7.5,,0,0,2020-07-02 20:00:00
2020-07-02,7,184,21,7.25,,0,0,2020-07-02 21:00:00
2020-07-02,7,184,22,7.25,,1,0,2020-07-02 22:00:00
2020-07-02,7,184,23,6.75,,0,0,2020-07-02 23:00:00
2020-07-03,7,185,0,6.5,,0,0,2020-07-03 00:00:00
2020-07-03,7,185,1,6.25,,0,0,2020-07-03 01:00:00
2020-07-03,7,185,2,6.5,,0,0,2020-07-03 02:00:00
2020-07-03,7,185,3,6.5,,0,0,2020-07-03 03:00:00
2020-07-03,7,185,4,8.25,,0,0,2020-07-03 04:00:00
2020-07-03,7,185,5,10.75,,0,0,2020-07-03 05:00:00
2020-07-03,7,185,6,13.5,,0,0,2020-07-03 06:00:00
2020-07-03,7,185,7,15.25,,0,0,2020-07-03 07:00:00
2020-07-03,7,185,8,16.5,,0,0,2020-07-03 08:00:00
2020-07-03,7,185,9,17.25,,0,0,2020-07-03 09:00:00
2020-07-03,7,185,10,17.5,,0,0,2020-07-03 10:00:00
2020-07-03,7,185,11,17.0,,0,0,2020-07-03 11:00:00
2020-07-03,7,185,12,15.25,,0,0,2020-07-03 12:00:00
2020-07-03,7,185,13,13.75,,0,0,2020-07-03 13:00:00
2020-07-03,7,185,14,13.0,,0,0,2020-07-03 14:00:00
2020-07-03,7,185,15,12.25,,0,0,2020-07-03 15:00:00
2020-07-03,7,185,16,12.0,,0,0,2020-07-03 16:00:00
2020-07-03,7,185,17,11.75,,0,0,2020-07-03 17:00:00
2020-07-03,7,185,18,11.75,,0,0,2020-07-03 18:00:00
2020-07-03,7,185,19,11.75,,0,0,2020-07-03 19:00:00
2020-07-03,7,185,20,11.5,,1,0,2020-07-03 20:00:00
2020-07-03,7,185,21,11.25,,0,0,2020-07-03 21:00:00
2020-07-03,7,185,22,11.0,,0,0,2020-07-03 22:00:00
2020-07-03,7,185,23,10.75,,0,0,2020-07-03 23:00:00
2020-07-04,7,186,0,10.5,,0,0,2020-07-04 00:00:00
2020-07-04,7,186,1,10.0,,0,0,2020-07-04 01:00:00
2020-07-04,7,186,2,9.75,,0,0,2020-07-04 02:00:00
2020-07-04,7,186,3,10.0,,0,0,2020-07-04 03:00:00
2020-07-04,7,186,4,10.25,,0,0,2020-07-04 04:00:00
2020-07-04,7,186,5,11.25,,0,0,2020-07-04 05:00:00
2020-07-04,7,186,6,12.75,,0,0,2020-07-04 06:00:00
2020-07-04,7,186,7,13.75,,0,0,2020-07-04 07:00:00
2020-07-04,7,186,8,14.75,,0,0,2020-07-04 08:00:00
2020-07-04,7,186,9,15.0,,0,0,2020-07-04 09:00:00
2020-07-04,7,186,10,15.25,,0,0,2020-07-04 10:00:00
2020-07-04,7,186,11,15.25,,0,0,2020-07-04 11:00:00
2020-07-04,7,186,12,14.0,,0,0,2020-07-04 12:00:00
2020-07-04,7,186,13,12.75,,0,0,2020-07-04 13:00:00
2020-07-04,7,186,14,12.0,,0,0,2020-07-04 14:00:00
2020-07-04,7,186,15,11.25,,0,0,2020-07-04 15:00:00
2020-07-04,7,186,16,10.75,,0,0,2020-07-04 16:00:00
2020-07-04,7,186,17,10.25,,0,0,2020-07-04 17:00:00
2020-07-04,7,186,18,9.5,,0,0,2020-07-04 18:00:00
2020-07-04,7,186,19,9.25,,1,0,2020-07-04 19:00:00
2020-07-04,7,186,20,8.75,,1,0,2020-07-04 20:00:00
2020-07-04,7,186,21,8.5,,0,0,2020-07-04 21:00:00
2020-07-04,7,186,22,8.0,,0,0,2020-07-04 22:00:00
2020-07-04,7,186,23,7.5,,0,0,2020-07-04 23:00:00
2020-07-05,7,187,0,7.25,,0,0,2020-07-05 00:00:00
2020-07-05,7,187,1,6.75,,1,0,2020-07-05 01:00:00
2020-07-05,7,187,2,6.5,,1,0,2020-07-05 02:00:00
2020-07-05,7,187,3,6.5,,0,0,2020-07-05 03:00:00
2020-07-05,7,187,4,6.5,,0,0,2020-07-05 04:00:00
2020-07-05,7,187,5,6.5,,0,0,2020-07-05 05:00:00
2020-07-05,7,187,6,6.25,,0,0,2020-07-05 06:00:00
2020-07-05,7,187,7,6.75,,0,0,2020-07-05 07:00:00
2020-07-05,7,187,8,7.0,,0,0,2020-07-05 08:00:00
2020-07-05,7,187,9,7.25,,0,0,2020-07-05 09:00:00
2020-07-05,7,187,10,7.25,,0,0,2020-07-05 10:00:00
2020-07-05,7,187,11,7.25,,0,0,2020-07-05 11:00:00
2020-07-05,7,187,12,7.25,,0,0,2020-07-05 12:00:00
2020-07-05,7,187,13,7.0,,0,0,2020-07-05 13:00:00
2020-07-05,7,187,14,7.0,,0,0,2020-07-05 14:00:00
2020-07-05,7,187,15,6.75,,0,0,2020-07-05 15:00:00
2020-07-05,7,187,16,6.75,,0,0,2020-07-05 16:00:00
2020-07-05,7,187,17,6.5,,0,0,2020-07-05 17:00:00
2020-07-05,7,187,18,6.25,,0,0,2020-07-05 18:00:00
2020-07-05,7,187,19,6.25,,0,0,2020-07-05 19:00:00
2020-07-05,7,187,20,6.25,,0,0,2020-07-05 20:00:00
2020-07-05,7,187,21,6.0,,0,0,2020-07-05 21:00:00
2020-07-05,7,187,22,5.75,,0,0,2020-07-05 22:00:00
2020-07-05,7,187,23,5.75,,0,0,2020-07-05 23:00:00
2020-07-06,7,188,0,5.5,,0,0,2020-07-06 00:00:00
2020-07-06,7,188,1,5.25,,0,0,2020-07-06 01:00:00
2020-07-06,7,188,2,5.0,,0,0,2020-07-06 02:00:00
2020-07-06,7,188,3,5.0,,0,0,2020-07-06 03:00:00
2020-07-06,7,188,4,5.0,,0,0,2020-07-06 04:00:00
2020-07-06,7,188,5,5.5,,0,0,2020-07-06 05:00:00
2020-07-06,7,188,6,5.5,,0,0,2020-07-06 06:00:00
2020-07-06,7,188,7,5.5,,0,0,2020-07-06 07:00:00
2020-07-06,7,188,8,5.25,,0,0,2020-07-06 08:00:00
2020-07-06,7,188,9,4.75,,0,0,2020-07-06 09:00:00
2020-07-06,7,188,10,4.5,,0,0,2020-07-06 10:00:00
2020-07-06,7,188,11,4.5,,0,0,2020-07-06 11:00:00
2020-07-06,7,188,12,4.75,,0,0,2020-07-06 12:00:00
2020-07-06,7,188,13,4.75,,0,0,2020-07-06 13:00:00
2020-07-06,7,188,14,4.75,,0,0,2020-07-06 14:00:00
2020-07-06,7,188,15,4.75,,0,0,2020-07-06 15:00:00
2020-07-06,7,188,16,4.75,,0,0,2020-07-06 16:00:00
2020-07-06,7,188,17,4.75,,0,0,2020-07-06 17:00:00
2020-07-06,7,188,18,4.75,,0,0,2020-07-06 18:00:00
2020-07-06,7,188,19,4.75,,0,0,2020-07-06 19:00:00
2020-07-06,7,188,20,4.75,,0,0,2020-07-06 20:00:00
2020-07-06,7,188,21,4.75,,0,0,2020-07-06 21:00:00
2020-07-06,7,188,22,4.25,,0,0,2020-07-06 22:00:00
2020-07-06,7,188,23,4.0,,0,0,2020-07-06 23:00:00
2020-07-07,7,189,0,3.75,,0,0,2020-07-07 00:00:00
2020-07-07,7,189,1,3.25,,0,0,2020-07-07 01:00:00
2020-07-07,7,189,2,2.75,,0,0,2020-07-07 02:00:00
2020-07-07,7,189,3,2.5,,0,0,2020-07-07 03:00:00
2020-07-07,7,189,4,3.25,,0,0,2020-07-07 04:00:00
2020-07-07,7,189,5,4.75,,0,0,2020-07-07 05:00:00
2020-07-07,7,189,6,6.0,,0,0,2020-07-07 06:00:00
2020-07-07,7,189,7,6.5,,0,0,2020-07-07 07:00:00
2020-07-07,7,189,8,7.0,,0,0,2020-07-07 08:00:00
2020-07-07,7,189,9,7.0,,0,0,2020-07-07 09:00:00
2020-07-07,7,189,10,6.75,,0,0,2020-07-07 10:00:00
2020-07-07,7,189,11,6.5,,0,0,2020-07-07 11:00:00
2020-07-07,7,189,12,6.25,,0,0,2020-07-07 12:00:00
2020-07-07,7,189,13,6.0,,0,0,2020-07-07 13:00:00
2020-07-07,7,189,14,5.75,,0,0,2020-07-07 14:00:00
2020-07-07,7,189,15,5.5,,0,0,2020-07-07 15:00:00
2020-07-07,7,189,16,5.5,,0,0,2020-07-07 16:00:00
2020-07-07,7,189,17,5.5,,0,0,2020-07-07 17:00:00
2020-07-07,7,189,18,5.5,,0,0,2020-07-07 18:00:00
2020-07-07,7,189,19,5.0,,0,0,2020-07-07 19:00:00
2020-07-07,7,189,20,4.75,,0,0,2020-07-07 20:00:00
2020-07-07,7,189,21,4.5,,0,0,2020-07-07 21:00:00
2020-07-07,7,189,22,4.25,,0,0,2020-07-07 22:00:00
2020-07-07,7,189,23,4.0,,0,0,2020-07-07 23:00:00
2020-07-08,7,190,0,4.0,,0,0,2020-07-08 00:00:00
2020-07-08,7,190,1,4.0,,0,0,2020-07-08 01:00:00
2020-07-08,7,190,2,3.75,,0,0,2020-07-08 02:00:00
2020-07-08,7,190,3,4.0,,0,0,2020-07-08 03:00:00
2020-07-08,7,190,4,4.5,,0,0,2020-07-08 04:00:00
2020-07-08,7,190,5,6.25,,0,0,2020-07-08 05:00:00
2020-07-08,7,190,6,8.25,,0,0,2020-07-08 06:00:00
2020-07-08,7,190,7,10.0,,0,0,2020-07-08 07:00:00
2020-07-08,7,190,8,11.25,,0,0,2020-07-08 08:00:00
2020-07-08,7,190,9,11.5,,0,0,2020-07-08 09:00:00
2020-07-08,7,190,10,11.5,,0,0,2020-07-08 10:00:00
2020-07-08,7,190,11,11.25,,0,0,2020-07-08 11:00:00
2020-07-08,7,190,12,10.25,,0,0,2020-07-08 12:00:00
2020-07-08,7,190,13,9.25,,0,0,2020-07-08 13:00:00
2020-07-08,7,190,14,8.5,,0,0,2020-07-08 14:00:00
2020-07-08,7,190,15,8.0,,0,0,2020-07-08 15:00:00
2020-07-08,7,190,16,7.75,,0,0,2020-07-08 16:00:00
2020-07-08,7,190,17,7.25,,0,0,2020-07-08 17:00:00
2020-07-08,7,190,18,7.0,,0,0,2020-07-08 18:00:00
2020-07-08,7,190,19,6.5,,0,0,2020-07-08 19:00:00
2020-07-08,7,190,20,6.25,,0,0,2020-07-08 20:00:00
2020-07-08,7,190,21,6.0,,0,0,2020-07-08 21:00:00
2020-07-08,7,190,22,5.75,,0,0,2020-07-08 22:00:00
2020-07-08,7,190,23,5.5,,0,0,2020-07-08 23:00:00
2020-07-09,7,191,0,5.25,,0,0,2020-07-09 00:00:00
2020-07-09,7,191,1,5.0,,0,0,2020-07-09 01:00:00
2020-07-09,7,191,2,5.25,,0,0,2020-07-09 02:00:00
2020-07-09,7,191,3,7.5,,0,0,2020-07-09 03:00:00
2020-07-09,7,191,4,11.0,,0,0,2020-07-09 04:00:00
2020-07-09,7,191,5,14.0,,0,0,2020-07-09 05:00:00
2020-07-09,7,191,6,17.0,,0,0,2020-07-09 06:00:00
2020-07-09,7,191,7,18.25,,0,0,2020-07-09 07:00:00
2020-07-09,7,191,8,18.75,,0,0,2020-07-09 08:00:00
2020-07-09,7,191,9,18.5,,0,0,2020-07-09 09:00:00
2020-07-09,7,191,10,17.5,,0,0,2020-07-09 10:00:00
2020-07-09,7,191,11,16.75,,0,0,2020-07-09 11:00:00
2020-07-09,7,191,12,15.5,,0,0,2020-07-09 12:00:00
2020-07-09,7,191,13,14.0,,0,0,2020-07-09 13:00:00
2020-07-09,7,191,14,13.0,,0,0,2020-07-09 14:00:00
2020-07-09,7,191,15,12.5,,0,0,2020-07-09 15:00:00
2020-07-09,7,191,16,12.25,,0,0,2020-07-09 16:00:00
2020-07-09,7,191,17,11.75,,0,0,2020-07-09 17:00:00
2020-07-09,7,191,18,11.5,,0,0,2020-07-09 18:00:00
2020-07-09,7,191,19,11.25,,0,0,2020-07-09 19:00:00
2020-07-09,7,191,20,11.0,,0,0,2020-07-09 20:00:00
2020-07-09,7,191,21,10.75,,0,0,2020-07-09 21:00:00
2020-07-09,7,191,22,10.75,,0,0,2020-07-09 22:00:00
2020-07-09,7,191,23,10.25,,0,0,2020-07-09 23:00:00
2020-07-10,7,192,0,10.25,,0,0,2020-07-10 00:00:00
2020-07-10,7,192,1,9.5,,0,0,2020-07-10 01:00:00
2020-07-10,7,192,2,9.25,,0,0,2020-07-10 02:00:00
2020-07-10,7,192,3,9.0,,0,0,2020-07-10 03:00:00
2020-07-10,7,192,4,9.25,,0,0,2020-07-10 04:00:00
2020-07-10,7,192,5,10.25,,0,0,2020-07-10 05:00:00
2020-07-10,7,192,6,12.0,,0,0,2020-07-10 06:00:00
2020-07-10,7,192,7,13.25,,0,0,2020-07-10 07:00:00
2020-07-10,7,192,8,14.0,,0,0,2020-07-10 08:00:00
2020-07-10,7,192,9,14.25,,0,0,2020-07-10 09:00:00
2020-07-10,7,192,10,14.5,,0,0,2020-07-10 10:00:00
2020-07-10,7,192,11,14.25,,0,0,2020-07-10 11:00:00
2020-07-10,7,192,12,13.5,,0,0,2020-07-10 12:00:00
2020-07-10,7,192,13,12.5,,0,0,2020-07-10 13:00:00
2020-07-10,7,192,14,11.75,,0,0,2020-07-10 14:00:00
2020-07-10,7,192,15,11.25,,0,0,2020-07-10 15:00:00
2020-07-10,7,192,16,10.75,,0,0,2020-07-10 16:00:00
2020-07-10,7,192,17,10.25,,0,0,2020-07-10 17:00:00
2020-07-10,7,192,18,10.0,,0,0,2020-07-10 18:00:00
2020-07-10,7,192,19,9.75,,2,0,2020-07-10 19:00:00
2020-07-10,7,192,20,9.5,,1,0,2020-07-10 20:00:00
2020-07-10,7,192,21,9.25,,0,0,2020-07-10 21:00:00
2020-07-10,7,192,22,9.0,,2,0,2020-07-10 22:00:00
2020-07-10,7,192,23,9.0,,0,0,2020-07-10 23:00:00
2020-07-11,7,193,0,8.75,,2,0,2020-07-11 00:00:00
2020-07-11,7,193,1,8.75,,0,0,2020-07-11 01:00:00
2020-07-11,7,193,2,8.25,,0,0,2020-07-11 02:00:00
2020-07-11,7,193,3,8.5,,0,0,2020-07-11 03:00:00
2020-07-11,7,193,4,10.0,,0,0,2020-07-11 04:00:00
2020-07-11,7,193,5,12.25,,0,0,2020-07-11 05:00:00
2020-07-11,7,193,6,14.25,,0,0,2020-07-11 06:00:00
2020-07-11,7,193,7,16.0,,0,0,2020-07-11 07:00:00
2020-07-11,7,193,8,17.5,,0,0,2020-07-11 08:00:00
2020-07-11,7,193,9,17.75,,0,0,2020-07-11 09:00:00
2020-07-11,7,193,10,17.5,,0,0,2020-07-11 10:00:00
2020-07-11,7,193,11,17.0,,0,0,2020-07-11 11:00:00
2020-07-11,7,193,12,15.5,,0,0,2020-07-11 12:00:00
2020-07-11,7,193,13,14.25,,0,0,2020-07-11 13:00:00
2020-07-11,7,193,14,13.25,,0,0,2020-07-11 14:00:00
2020-07-11,7,193,15,12.75,,0,0,2020-07-11 15:00:00
2020-07-11,7,193,16,12.25,,0,0,2020-07-11 16:00:00
2020-07-11,7,193,17,12.25,,0,0,2020-07-11 17:00:00
2020-07-11,7,193,18,12.0,,0,0,2020-07-11 18:00:00
2020-07-11,7,193,19,12.0,,0,0,2020-07-11 19:00:00
2020-07-11,7,193,20,12.0,,0,0,2020-07-11 20:00:00
2020-07-11,7,193,21,12.0,,2,0,2020-07-11 21:00:00
2020-07-11,7,193,22,11.75,,0,0,2020-07-11 22:00:00
2020-07-11,7,193,23,11.75,,2,0,2020-07-11 23:00:00
2020-07-12,7,194,0,11.5,,1,0,2020-07-12 00:00:00
2020-07-12,7,194,1,11.25,,2,0,2020-07-12 01:00:00
2020-07-12,7,194,2,11.25,,1,0,2020-07-12 02:00:00
2020-07-12,7,194,3,11.25,,2,0,2020-07-12 03:00:00
2020-07-12,7,194,4,11.5,,1,0,2020-07-12 04:00:00
2020-07-12,7,194,5,11.75,,1,0,2020-07-12 05:00:00
2020-07-12,7,194,6,12.25,,0,0,2020-07-12 06:00:00
2020-07-12,7,194,7,13.0,,0,0,2020-07-12 07:00:00
2020-07-12,7,194,8,13.75,,0,0,2020-07-12 08:00:00
2020-07-12,7,194,9,13.75,,0,0,2020-07-12 09:00:00
2020-07-12,7,194,10,13.25,,0,0,2020-07-12 10:00:00
2020-07-12,7,194,11,13.0,,0,0,2020-07-12 11:00:00
2020-07-12,7,194,12,13.0,,0,0,2020-07-12 12:00:00
2020-07-12,7,194,13,12.5,,0,0,2020-07-12 13:00:00
2020-07-12,7,194,14,12.25,,0,0,2020-07-12 14:00:00
2020-07-12,7,194,15,12.0,,0,0,2020-07-12 15:00:00
2020-07-12,7,194,16,12.0,,0,0,2020-07-12 16:00:00
2020-07-12,7,194,17,11.75,,0,0,2020-07-12 17:00:00
2020-07-12,7,194,18,11.5,,0,0,2020-07-12 18:00:00
2020-07-12,7,194,19,11.25,,1,0,2020-07-12 19:00:00
2020-07-12,7,194,20,10.75,,2,0,2020-07-12 20:00:00
2020-07-12,7,194,21,10.5,,2,0,2020-07-12 21:00:00
2020-07-12,7,194,22,10.0,,1,0,2020-07-12 22:00:00
2020-07-12,7,194,23,9.5,,0,0,2020-07-12 23:00:00
2020-07-13,7,195,0,8.75,,1,0,2020-07-13 00:00:00
2020-07-13,7,195,1,8.5,,3,0,2020-07-13 01:00:00
2020-07-13,7,195,2,8.25,,2,0,2020-07-13 02:00:00
2020-07-13,7,195,3,8.0,,3,0,2020-07-13 03:00:00
2020-07-13,7,195,4,8.0,,2,0,2020-07-13 04:00:00
2020-07-13,7,195,5,8.0,,3,0,2020-07-13 05:00:00
2020-07-13,7,195,6,8.0,,2,0,2020-07-13 06:00:00
2020-07-13,7,195,7,8.0,,1,0,2020-07-13 07:00:00
2020-07-13,7,195,8,8.25,,0,0,2020-07-13 08:00:00
2020-07-13,7,195,9,8.25,,0,0,2020-07-13 09:00:00
2020-07-13,7,195,10,8.25,,0,0,2020-07-13 10:00:00
2020-07-13,7,195,11,8.0,,0,0,2020-07-13 11:00:00
2020-07-13,7,195,12,8.0,,0,0,2020-07-13 12:00:00
2020-07-13,7,195,13,7.75,,0,0,2020-07-13 13:00:00
2020-07-13,7,195,14,7.75,,0,0,2020-07-13 14:00:00
2020-07-13,7,195,15,7.75,,0,0,2020-07-13 15:00:00
2020-07-13,7,195,16,7.75,,0,0,2020-07-13 16:00:00
2020-07-13,7,195,17,7.75,,0,0,2020-07-13 17:00:00
2020-07-13,7,195,18,8.0,,0,0,2020-07-13 18:00:00
2020-07-13,7,195,19,8.0,,0,0,2020-07-13 19:00:00
2020-07-13,7,195,20,8.0,,2,0,2020-07-13 20:00:00
2020-07-13,7,195,21,8.0,,2,0,2020-07-13 21:00:00
2020-07-13,7,195,22,8.0,,2,0,2020-07-13 22:00:00
2020-07-13,7,195,23,8.0,,2,0,2020-07-13 23:00:00
2020-07-14,7,196,0,8.0,,2,0,2020-07-14 00:00:00
2020-07-14,7,196,1,8.0,,2,0,2020-07-14 01:00:00
2020-07-14,7,196,2,7.75,,2,0,2020-07-14 02:00:00
2020-07-14,7,196,3,8.0,,2,0,2020-07-14 03:00:00
2020-07-14,7,196,4,8.0,,0,0,2020-07-14 04:00:00
2020-07-14,7,196,5,8.25,,0,0,2020-07-14 05:00:00
2020-07-14,7,196,6,8.5,,1,0,2020-07-14 06:00:00
2020-07-14,7,196,7,8.5,,1,0,2020-07-14 07:00:00
2020-07-14,7,196,8,8.5,,0,0,2020-07-14 08:00:00
2020-07-14,7,196,9,8.25,,0,0,2020-07-14 09:00:00
2020-07-14,7,196,10,8.25,,0,0,2020-07-14 10:00:00
2020-07-14,7,196,11,8.25,,0,0,2020-07-14 11:00:00
2020-07-14,7,196,12,8.5,,0,0,2020-07-14 12:00:00
2020-07-14,7,196,13,8.5,,0,0,2020-07-14 13:00:00
2020-07-14,7,196,14,8.5,,0,0,2020-07-14 14:00:00
2020-07-14,7,196,15,8.5,,0,0,2020-07-14 15:00:00
2020-07-14,7,196,16,8.5,,0,0,2020-07-14 16:00:00
2020-07-14,7,196,17,8.25,,0,0,2020-07-14 17:00:00
2020-07-14,7,196,18,8.25,,0,0,2020-07-14 18:00:00
2020-07-14,7,196,19,8.25,,1,0,2020-07-14 19:00:00
2020-07-14,7,196,20,8.25,,2,0,2020-07-14 20:00:00
2020-07-14,7,196,21,8.25,,2,0,2020-07-14 21:00:00
2020-07-14,7,196,22,8.25,,2,0,2020-07-14 22:00:00
2020-07-14,7,196,23,8.25,,0,0,2020-07-14 23:00:00
2020-07-15,7,197,0,8.25,,0,0,2020-07-15 00:00:00
2020-07-15,7,197,1,8.25,,1,0,2020-07-15 01:00:00
2020-07-15,7,197,2,8.25,,2,0,2020-07-15 02:00:00
2020-07-15,7,197,3,8.5,,2,0,2020-07-15 03:00:00
2020-07-15,7,197,4,9.25,,0,0,2020-07-15 04:00:00
2020-07-15,7,197,5,9.75,,1,0,2020-07-15 05:00:00
2020-07-15,7,197,6,11.0,,2,0,2020-07-15 06:00:00
2020-07-15,7,197,7,12.5,,0,0,2020-07-15 07:00:00
2020-07-15,7,197,8,14.0,,0,0,2020-07-15 08:00:00
2020-07-15,7,197,9,15.0,,0,0,2020-07-15 09:00:00
2020-07-15,7,197,10,15.25,,0,0,2020-07-15 10:00:00
2020-07-15,7,197,11,14.75,,0,0,2020-07-15 11:00:00
2020-07-15,7,197,12,13.75,,0,0,2020-07-15 12:00:00
2020-07-15,7,197,13,12.75,,0,0,2020-07-15 13:00:00
2020-07-15,7,197,14,12.0,,0,0,2020-07-15 14:00:00
2020-07-15,7,197,15,11.75,,0,0,2020-07-15 15:00:00
2020-07-15,7,197,16,11.75,,0,0,2020-07-15 16:00:00
2020-07-15,7,197,17,11.75,,0,0,2020-07-15 17:00:00
2020-07-15,7,197,18,11.5,,0,0,2020-07-15 18:00:00
2020-07-15,7,197,19,11.5,,0,0,2020-07-15 19:00:00
2020-07-15,7,197,20,11.25,,3,0,2020-07-15 20:00:00
2020-07-15,7,197,21,11.0,,3,0,2020-07-15 21:00:00
2020-07-15,7,197,22,10.5,,2,0,2020-07-15 22:00:00
2020-07-15,7,197,23,10.0,,2,0,2020-07-15 23:00:00
2020-07-16,7,198,0,9.5,,2,0,2020-07-16 00:00:00
2020-07-16,7,198,1,9.25,,2,0,2020-07-16 01:00:00
2020-07-16,7,198,2,9.25,,2,0,2020-07-16 02:00:00
2020-07-16,7,198,3,9.25,,2,0,2020-07-16 03:00:00
2020-07-16,7,198,4,9.75,,0,0,2020-07-16 04:00:00
2020-07-16,7,198,5,10.75,,0,0,2020-07-16 05:00:00
2020-07-16,7,198,6,12.75,,0,0,2020-07-16 06:00:00
2020-07-16,7,198,7,14.0,,0,0,2020-07-16 07:00:00
2020-07-16,7,198,8,15.5,,0,0,2020-07-16 08:00:00
2020-07-16,7,198,9,16.25,,0,0,2020-07-16 09:00:00
2020-07-16,7,198,10,16.25,,0,0,2020-07-16 10:00:00
2020-07-16,7,198,11,16.25,,0,0,2020-07-16 11:00:00
2020-07-16,7,198,12,15.25,,0,0,2020-07-16 12:00:00
2020-07-16,7,198,13,14.25,,0,0,2020-07-16 13:00:00
2020-07-16,7,198,14,13.75,,0,0,2020-07-16 14:00:00
2020-07-16,7,198,15,13.25,,0,0,2020-07-16 15:00:00
2020-07-16,7,198,16,13.0,,0,0,2020-07-16 16:00:00
2020-07-16,7,198,17,12.75,,0,0,2020-07-16 17:00:00
2020-07-16,7,198,18,12.5,,0,0,2020-07-16 18:00:00
2020-07-16,7,198,19,12.5,,0,0,2020-07-16 19:00:00
2020-07-16,7,198,20,12.25,,0,0,2020-07-16 20:00:00
2020-07-16,7,198,21,12.25,,0,0,2020-07-16 21:00:00
2020-07-16,7,198,22,12.0,,1,0,2020-07-16 22:00:00
2020-07-16,7,198,23,11.75,,0,0,2020-07-16 23:00:00
2020-07-17,7,199,0,11.75,,0,0,2020-07-17 00:00:00
2020-07-17,7,199,1,11.5,,2,0,2020-07-17 01:00:00
2020-07-17,7,199,2,11.5,,0,0,2020-07-17 02:00:00
2020-07-17,7,199,3,11.25,,1,0,2020-07-17 03:00:00
2020-07-17,7,199,4,12.0,,2,0,2020-07-17 04:00:00
2020-07-17,7,199,5,13.25,,2,0,2020-07-17 05:00:00
2020-07-17,7,199,6,15.0,,2,0,2020-07-17 06:00:00
2020-07-17,7,199,7,17.0,,1,0,2020-07-17 07:00:00
2020-07-17,7,199,8,18.5,,0,0,2020-07-17 08:00:00
2020-07-17,7,199,9,19.0,,0,0,2020-07-17 09:00:00
2020-07-17,7,199,10,19.5,,0,0,2020-07-17 10:00:00
2020-07-17,7,199,11,19.25,,0,0,2020-07-17 11:00:00
2020-07-17,7,199,12,18.25,,0,0,2020-07-17 12:00:00
2020-07-17,7,199,13,17.0,,0,0,2020-07-17 13:00:00
2020-07-17,7,199,14,16.25,,0,0,2020-07-17 14:00:00
2020-07-17,7,199,15,15.75,,0,0,2020-07-17 15:00:00
2020-07-17,7,199,16,15.25,,1,0,2020-07-17 16:00:00
2020-07-17,7,199,17,15.0,,0,0,2020-07-17 17:00:00
2020-07-17,7,199,18,14.5,,0,0,2020-07-17 18:00:00
2020-07-17,7,199,19,14.25,,0,0,2020-07-17 19:00:00
2020-07-17,7,199,20,14.25,,2,0,2020-07-17 20:00:00
2020-07-17,7,199,21,14.0,,1,0,2020-07-17 21:00:00
2020-07-17,7,199,22,13.75,,1,0,2020-07-17 22:00:00
2020-07-17,7,199,23,13.25,,0,0,2020-07-17 23:00:00
2020-07-18,7,200,0,13.25,,0,0,2020-07-18 00:00:00
2020-07-18,7,200,1,12.75,,0,0,2020-07-18 01:00:00
2020-07-18,7,200,2,12.75,,0,0,2020-07-18 02:00:00
2020-07-18,7,200,3,12.75,,0,0,2020-07-18 03:00:00
2020-07-18,7,200,4,13.75,,0,0,2020-07-18 04:00:00
2020-07-18,7,200,5,15.75,,0,0,2020-07-18 05:00:00
2020-07-18,7,200,6,18.0,,0,0,2020-07-18 06:00:00
2020-07-18,7,200,7,19.75,,0,0,2020-07-18 07:00:00
2020-07-18,7,200,8,20.75,,0,0,2020-07-18 08:00:00
2020-07-18,7,200,9,21.25,,0,0,2020-07-18 09:00:00
2020-07-18,7,200,10,21.25,,0,0,2020-07-18 10:00:00
2020-07-18,7,200,11,21.0,,0,0,2020-07-18 11:00:00
2020-07-18,7,200,12,21.25,,0,0,2020-07-18 12:00:00
2020-07-18,7,200,13,19.0,,0,0,2020-07-18 13:00:00
2020-07-18,7,200,14,18.75,,0,0,2020-07-18 14:00:00
2020-07-18,7,200,15,18.5,,0,0,2020-07-18 15:00:00
2020-07-18,7,200,16,18.5,,0,0,2020-07-18 16:00:00
2020-07-18,7,200,17,18.25,,0,0,2020-07-18 17:00:00
2020-07-18,7,200,18,18.0,,0,0,2020-07-18 18:00:00
2020-07-18,7,200,19,18.0,,0,0,2020-07-18 19:00:00
2020-07-18,7,200,20,17.5,,0,0,2020-07-18 20:00:00
2020-07-18,7,200,21,17.25,,0,0,2020-07-18 21:00:00
2020-07-18,7,200,22,16.75,,0,0,2020-07-18 22:00:00
2020-07-18,7,200,23,16.75,,0,0,2020-07-18 23:00:00
