model_id,seed,fold,split,gastrotheca_ap,oreobates_ap,macro_ap
linear-bin-s2/mean,0,0,train,0.9111798311506505,0.9567466671830047,0.9339632491668276
linear-bin-s2/mean,0,0,val,0.9050494114775189,0.849719327445679,0.877384369461599
linear-bin-s2/mean,0,0,test,0.8536484038179695,0.8000645087069813,0.8268564562624754
linear-bin-s2/mean,0,1,train,0.8687475749470844,0.9011921618496336,0.884969868398359
linear-bin-s2/mean,0,1,val,0.8775434844402875,0.8848911223418514,0.8812173033910695
linear-bin-s2/mean,0,1,test,0.9000929381190245,0.8393669375323554,0.86972993782569
linear-bin-s2/mean,0,2,train,0.9165266686328197,0.9218907044728138,0.9192086865528168
linear-bin-s2/mean,0,2,val,0.8630646013233985,0.8735889582056844,0.8683267797645414
linear-bin-s2/mean,0,2,test,0.8668517775515094,0.8774461732245593,0.8721489753880344
linear-bin-s2/mean,0,3,train,0.9192134885137199,0.894504450829794,0.9068589696717569
linear-bin-s2/mean,0,3,val,0.838364905860927,0.9193541160137235,0.8788595109373253
linear-bin-s2/mean,0,3,test,0.8450146232140177,0.8641566507177217,0.8545856369658698
linear-bin-s2/mean,0,4,train,0.934339773592475,0.9382156265333175,0.9362777000628962
linear-bin-s2/mean,0,4,val,0.8844962909863818,0.8008919804809496,0.8426941357336657
linear-bin-s2/mean,0,4,test,0.8419403651253617,0.9233271501546351,0.8826337576399984
linear-bin-s2/mean,1,0,train,0.9083847797480884,0.951398582778918,0.9298916812635032
linear-bin-s2/mean,1,0,val,0.9147015705508564,0.8432111516512347,0.8789563611010456
linear-bin-s2/mean,1,0,test,0.863254872583091,0.8090052173413036,0.8361300449621973
linear-bin-s2/mean,1,1,train,0.8921582089057982,0.911953431124549,0.9020558200151736
linear-bin-s2/mean,1,1,val,0.8719597036029901,0.8861413751829258,0.879050539392958
linear-bin-s2/mean,1,1,test,0.919965915933734,0.8471909887792063,0.8835784523564701
linear-bin-s2/mean,1,2,train,0.9299671369603556,0.931210404281449,0.9305887706209023
linear-bin-s2/mean,1,2,val,0.8601252536942133,0.8750387714920554,0.8675820125931344
linear-bin-s2/mean,1,2,test,0.8678856089998316,0.8675679984352542,0.867726803717543
linear-bin-s2/mean,1,3,train,0.9283690174434185,0.9089503198957752,0.9186596686695969
linear-bin-s2/mean,1,3,val,0.8333750652477453,0.9210070094851422,0.8771910373664438
linear-bin-s2/mean,1,3,test,0.8463448128470091,0.8752851427175546,0.8608149777822819
linear-bin-s2/mean,1,4,train,0.9286648860618337,0.933058226674681,0.9308615563682574
linear-bin-s2/mean,1,4,val,0.8821993858487506,0.8009837021241013,0.8415915439864259
linear-bin-s2/mean,1,4,test,0.8444281733540457,0.9132198858327184,0.878824029593382
linear-bin-s2/mean,2,0,train,0.8980800835889219,0.9472306642720895,0.9226553739305057
linear-bin-s2/mean,2,0,val,0.91137685029505,0.8459138419983624,0.8786453461467062
linear-bin-s2/mean,2,0,test,0.8667877701060839,0.8029072510763752,0.8348475105912295
linear-bin-s2/mean,2,1,train,0.8819223107171039,0.9054331453185885,0.8936777280178463
linear-bin-s2/mean,2,1,val,0.8774590050037707,0.889751631107983,0.8836053180558769
linear-bin-s2/mean,2,1,test,0.9026305885154117,0.835916699202965,0.8692736438591884
linear-bin-s2/mean,2,2,train,0.9240975814792144,0.9264164626416883,0.9252570220604514
linear-bin-s2/mean,2,2,val,0.8673450894758001,0.8644114322461698,0.865878260860985
linear-bin-s2/mean,2,2,test,0.8593581101632347,0.8708321302022389,0.8650951201827368
linear-bin-s2/mean,2,3,train,0.9273423524144349,0.9089165994400475,0.9181294759272411
linear-bin-s2/mean,2,3,val,0.8379947501108308,0.9170260341824377,0.8775103921466343
linear-bin-s2/mean,2,3,test,0.8556324950851703,0.8743514501227871,0.8649919726039788
linear-bin-s2/mean,2,4,train,0.9222977895527871,0.9218741864941831,0.9220859880234851
linear-bin-s2/mean,2,4,val,0.8880412161116065,0.7997228641152787,0.8438820401134426
linear-bin-s2/mean,2,4,test,0.8469158678858928,0.9147888579429754,0.880852362914434
linear-bin-s2/mean,3,0,train,0.9018347215153858,0.9482425724064555,0.9250386469609206
linear-bin-s2/mean,3,0,val,0.9081011246828049,0.8515039964485016,0.8798025605656532
linear-bin-s2/mean,3,0,test,0.8649510649428013,0.810915375754677,0.8379332203487391
linear-bin-s2/mean,3,1,train,0.8852521134463591,0.8919859720639584,0.8886190427551588
linear-bin-s2/mean,3,1,val,0.8873873471734879,0.8739793929948516,0.8806833700841697
linear-bin-s2/mean,3,1,test,0.9066438685950571,0.8134367277072522,0.8600402981511546
linear-bin-s2/mean,3,2,train,0.9207140519737881,0.9252889016754196,0.9230014768246038
linear-bin-s2/mean,3,2,val,0.8631044645497441,0.8746680250986677,0.8688862448242058
linear-bin-s2/mean,3,2,test,0.8641861053156579,0.876687088146635,0.8704365967311465
linear-bin-s2/mean,3,3,train,0.9363326582118239,0.9275629774924264,0.9319478178521252
linear-bin-s2/mean,3,3,val,0.8327265251869953,0.9221704485665118,0.8774484868767536
linear-bin-s2/mean,3,3,test,0.847243146349509,0.8650060618935685,0.8561246041215388
linear-bin-s2/mean,3,4,train,0.9323903247968052,0.9318522908694268,0.932121307833116
linear-bin-s2/mean,3,4,val,0.8895483611250538,0.8075526909150667,0.8485505260200602
linear-bin-s2/mean,3,4,test,0.8380869757147232,0.9113909420402233,0.8747389588774732
linear-bin-s2/mean,4,0,train,0.8934930734826567,0.941785169549493,0.9176391215160749
linear-bin-s2/mean,4,0,val,0.9085412278187642,0.8432599337067429,0.8759005807627536
linear-bin-s2/mean,4,0,test,0.8734493974425462,0.7904190786048299,0.831934238023688
linear-bin-s2/mean,4,1,train,0.9018654175636416,0.9238594712343309,0.9128624443989862
linear-bin-s2/mean,4,1,val,0.8737472329100607,0.8811920229524992,0.8774696279312799
linear-bin-s2/mean,4,1,test,0.9178596123849968,0.8467490085477511,0.8823043104663739
linear-bin-s2/mean,4,2,train,0.9204971255739335,0.9185508766118812,0.9195240010929073
linear-bin-s2/mean,4,2,val,0.8685473817134662,0.8662945896259017,0.867420985669684
linear-bin-s2/mean,4,2,test,0.8484799748790061,0.8717795121421937,0.8601297435105999
linear-bin-s2/mean,4,3,train,0.9173586577175316,0.879026315337104,0.8981924865273178
linear-bin-s2/mean,4,3,val,0.8404793134493723,0.9197513467350215,0.8801153300921969
linear-bin-s2/mean,4,3,test,0.864138572874549,0.8557893736299607,0.8599639732522548
linear-bin-s2/mean,4,4,train,0.9308640502193055,0.9391294027652289,0.9349967264922672
linear-bin-s2/mean,4,4,val,0.8882046748164669,0.7972261676601143,0.8427154212382906
linear-bin-s2/mean,4,4,test,0.8385449675660215,0.9056053743472768,0.8720751709566492
mlp256-ord0.5-s2/lme,0,0,train,0.9045201266767076,0.9676784781284907,0.9360993024025992
mlp256-ord0.5-s2/lme,0,0,val,0.916110853043357,0.8834377689775625,0.8997743110104598
mlp256-ord0.5-s2/lme,0,0,test,0.8497439331275924,0.8289988258012188,0.8393713794644055
mlp256-ord0.5-s2/lme,0,1,train,0.8982688229272565,0.960505752432488,0.9293872876798723
mlp256-ord0.5-s2/lme,0,1,val,0.8673313142760061,0.9193017630660508,0.8933165386710284
mlp256-ord0.5-s2/lme,0,1,test,0.923342663409318,0.8573926885885681,0.8903676759989431
mlp256-ord0.5-s2/lme,0,2,train,0.945743761647818,0.9658121652737096,0.9557779634607638
mlp256-ord0.5-s2/lme,0,2,val,0.8407696135207899,0.8721180721718985,0.8564438428463442
mlp256-ord0.5-s2/lme,0,2,test,0.8627586890807927,0.9066439334507623,0.8847013112657776
mlp256-ord0.5-s2/lme,0,3,train,0.9775135267407027,0.9817647572581172,0.9796391419994099
mlp256-ord0.5-s2/lme,0,3,val,0.8445532880932397,0.9303538394057839,0.8874535637495118
mlp256-ord0.5-s2/lme,0,3,test,0.8343948529429268,0.8585256742864008,0.8464602636146639
mlp256-ord0.5-s2/lme,0,4,train,0.921282326806008,0.9296944887206118,0.9254884077633099
mlp256-ord0.5-s2/lme,0,4,val,0.8609660917981472,0.7945598429592752,0.8277629673787112
mlp256-ord0.5-s2/lme,0,4,test,0.7700475742544239,0.9237159232629069,0.8468817487586654
mlp256-ord0.5-s2/lme,1,0,train,0.9435996441430899,0.9881914455743611,0.9658955448587255
mlp256-ord0.5-s2/lme,1,0,val,0.9168033865273408,0.8705477747695345,0.8936755806484377
mlp256-ord0.5-s2/lme,1,0,test,0.8517356210842714,0.7908796622526467,0.821307641668459
mlp256-ord0.5-s2/lme,1,1,train,0.9061479465521205,0.9436237124321598,0.9248858294921402
mlp256-ord0.5-s2/lme,1,1,val,0.8775829446448647,0.9182430321732423,0.8979129884090535
mlp256-ord0.5-s2/lme,1,1,test,0.9312879846335571,0.8657112750045546,0.8984996298190558
mlp256-ord0.5-s2/lme,1,2,train,0.9076297147183219,0.9230784972905257,0.9153541060044238
mlp256-ord0.5-s2/lme,1,2,val,0.8341252892749957,0.872642497866727,0.8533838935708613
mlp256-ord0.5-s2/lme,1,2,test,0.834285361945147,0.9155682174115113,0.8749267896783292
mlp256-ord0.5-s2/lme,1,3,train,0.9870101122022203,0.9941378607485974,0.9905739864754088
mlp256-ord0.5-s2/lme,1,3,val,0.8407741087086238,0.9299740888629666,0.8853740987857952
mlp256-ord0.5-s2/lme,1,3,test,0.8331171230868017,0.8796080485991793,0.8563625858429905
mlp256-ord0.5-s2/lme,1,4,train,0.9483541806604129,0.974139710092396,0.9612469453764044
mlp256-ord0.5-s2/lme,1,4,val,0.8436217863087365,0.7709458271024336,0.8072838067055851
mlp256-ord0.5-s2/lme,1,4,test,0.7341149857201428,0.9244074995686921,0.8292612426444175
mlp256-ord0.5-s2/lme,2,0,train,0.9140445494581717,0.9720111079346754,0.9430278286964235
mlp256-ord0.5-s2/lme,2,0,val,0.9238842582840785,0.8870665204077631,0.9054753893459209
mlp256-ord0.5-s2/lme,2,0,test,0.8486688293047223,0.8296715428592467,0.8391701860819845
mlp256-ord0.5-s2/lme,2,1,train,0.901767875757719,0.9617700044580366,0.9317689401078778
mlp256-ord0.5-s2/lme,2,1,val,0.8717061280908851,0.9135373691290062,0.8926217486099457
mlp256-ord0.5-s2/lme,2,1,test,0.9141515559408315,0.8365410224439682,0.8753462891923999
mlp256-ord0.5-s2/lme,2,2,train,0.9481587783356583,0.9730565776894253,0.9606076780125419
mlp256-ord0.5-s2/lme,2,2,val,0.8378641522542213,0.8752108846973997,0.8565375184758105
mlp256-ord0.5-s2/lme,2,2,test,0.8424439980338152,0.8929200671299667,0.867682032581891
mlp256-ord0.5-s2/lme,2,3,train,0.9882329197169615,0.987140930332817,0.9876869250248892
mlp256-ord0.5-s2/lme,2,3,val,0.8380578669428622,0.9303700185615693,0.8842139427522158
mlp256-ord0.5-s2/lme,2,3,test,0.8208317628454618,0.864521151649563,0.8426764572475124
mlp256-ord0.5-s2/lme,2,4,train,0.9558796501206748,0.9785205828294921,0.9672001164750834
mlp256-ord0.5-s2/lme,2,4,val,0.8468457322752061,0.800914536101461,0.8238801341883335
mlp256-ord0.5-s2/lme,2,4,test,0.7519580533677093,0.917304766615795,0.8346314099917521
mlp256-ord0.5-s2/lme,3,0,train,0.8887239949346518,0.9608243146188955,0.9247741547767736
mlp256-ord0.5-s2/lme,3,0,val,0.9109917854832302,0.876126924090429,0.8935593547868297
mlp256-ord0.5-s2/lme,3,0,test,0.8412745925205924,0.8425749808705187,0.8419247866955556
mlp256-ord0.5-s2/lme,3,1,train,0.9324869420229153,0.9760687858990216,0.9542778639609684
mlp256-ord0.5-s2/lme,3,1,val,0.8776772419832564,0.922953869798944,0.9003155558911002
mlp256-ord0.5-s2/lme,3,1,test,0.9295466028226196,0.8641904236734121,0.8968685132480159
mlp256-ord0.5-s2/lme,3,2,train,0.9678438914318056,0.9845446691454639,0.9761942802886348
mlp256-ord0.5-s2/lme,3,2,val,0.829926369504403,0.8901218053255632,0.8600240874149832
mlp256-ord0.5-s2/lme,3,2,test,0.8664692431769124,0.9032757908545005,0.8848725170157065
mlp256-ord0.5-s2/lme,3,3,train,0.9816153902148865,0.9919300647255063,0.9867727274701964
mlp256-ord0.5-s2/lme,3,3,val,0.8325509927181317,0.9323114079082985,0.8824312003132151
mlp256-ord0.5-s2/lme,3,3,test,0.8386633567650197,0.886978856765063,0.8628211067650413
mlp256-ord0.5-s2/lme,3,4,train,0.9327236911799737,0.951231745795774,0.9419777184878738
mlp256-ord0.5-s2/lme,3,4,val,0.8712806121462823,0.8110973209721477,0.8411889665592149
mlp256-ord0.5-s2/lme,3,4,test,0.770699929207137,0.9248045811615762,0.8477522551843566
mlp256-ord0.5-s2/lme,4,0,train,0.9145840149356781,0.9660449668676524,0.9403144909016652
mlp256-ord0.5-s2/lme,4,0,val,0.919314072959039,0.8832792120891132,0.901296642524076
mlp256-ord0.5-s2/lme,4,0,test,0.8590006935520785,0.842119315270386,0.8505600044112323
mlp256-ord0.5-s2/lme,4,1,train,0.9464962074002905,0.980070080050528,0.9632831437254092
mlp256-ord0.5-s2/lme,4,1,val,0.8760329285284243,0.9202901644908446,0.8981615465096344
mlp256-ord0.5-s2/lme,4,1,test,0.9260247945214248,0.8361000306452221,0.8810624125833235
mlp256-ord0.5-s2/lme,4,2,train,0.9758476637316384,0.9870632162906138,0.9814554400111262
mlp256-ord0.5-s2/lme,4,2,val,0.8397580139264184,0.8887522183686215,0.8642551161475199
mlp256-ord0.5-s2/lme,4,2,test,0.8736939632175493,0.9120291309444889,0.8928615470810191
mlp256-ord0.5-s2/lme,4,3,train,0.9880889209594068,0.9951824694967689,0.9916356952280878
mlp256-ord0.5-s2/lme,4,3,val,0.8326849044156054,0.9221562868006331,0.8774205956081192
mlp256-ord0.5-s2/lme,4,3,test,0.8215890321608948,0.8791929888421005,0.8503910105014977
mlp256-ord0.5-s2/lme,4,4,train,0.9542239650219417,0.9710459802716841,0.9626349726468129
mlp256-ord0.5-s2/lme,4,4,val,0.8302411636673214,0.8108511057626223,0.8205461347149718
mlp256-ord0.5-s2/lme,4,4,test,0.8197496680240924,0.9225235709090982,0.8711366194665953
linear-ord0.5-s2/lme,0,0,train,0.897261943961023,0.9486118278692954,0.9229368859151592
linear-ord0.5-s2/lme,0,0,val,0.9065272439161619,0.8777938328153626,0.8921605383657623
linear-ord0.5-s2/lme,0,0,test,0.8411846521967099,0.800356717720318,0.8207706849585139
linear-ord0.5-s2/lme,0,1,train,0.8755157552927645,0.9219817244612448,0.8987487398770047
linear-ord0.5-s2/lme,0,1,val,0.846135394222822,0.9346867954884727,0.8904110948556474
linear-ord0.5-s2/lme,0,1,test,0.9072805458065103,0.8714483812997518,0.889364463553131
linear-ord0.5-s2/lme,0,2,train,0.9073088600490375,0.929244484095792,0.9182766720724147
linear-ord0.5-s2/lme,0,2,val,0.8534970769596563,0.8566262312356505,0.8550616540976534
linear-ord0.5-s2/lme,0,2,test,0.8425263431416156,0.9018331613118834,0.8721797522267495
linear-ord0.5-s2/lme,0,3,train,0.9005585123889317,0.8958713900861421,0.8982149512375369
linear-ord0.5-s2/lme,0,3,val,0.8189245404461052,0.9376775270428368,0.878301033744471
linear-ord0.5-s2/lme,0,3,test,0.8500606275824104,0.8743154876808057,0.8621880576316081
linear-ord0.5-s2/lme,0,4,train,0.895679050310917,0.9312220881196913,0.9134505692153041
linear-ord0.5-s2/lme,0,4,val,0.8389170817902839,0.8069562731353419,0.8229366774628128
linear-ord0.5-s2/lme,0,4,test,0.8112661091469812,0.9233850743285511,0.8673255917377661
linear-ord0.5-s2/lme,1,0,train,0.8919834380061303,0.9466314787683335,0.9193074583872319
linear-ord0.5-s2/lme,1,0,val,0.9007338540465805,0.8739054715055531,0.8873196627760668
linear-ord0.5-s2/lme,1,0,test,0.8369703132631113,0.8288448194724408,0.8329075663677761
linear-ord0.5-s2/lme,1,1,train,0.9052969829074063,0.933302689269861,0.9192998360886337
linear-ord0.5-s2/lme,1,1,val,0.8470094404415615,0.9355513345171078,0.8912803874793347
linear-ord0.5-s2/lme,1,1,test,0.910558495720671,0.8673317471120309,0.888945121416351
linear-ord0.5-s2/lme,1,2,train,0.8824428467317087,0.9132854354955859,0.8978641411136473
linear-ord0.5-s2/lme,1,2,val,0.8399781766530615,0.8645458781949298,0.8522620274239956
linear-ord0.5-s2/lme,1,2,test,0.841881043440255,0.9127043152920636,0.8772926793661593
linear-ord0.5-s2/lme,1,3,train,0.9060841830459909,0.9089490172058363,0.9075166001259136
linear-ord0.5-s2/lme,1,3,val,0.8191160729064751,0.9358259330453627,0.877471002975919
linear-ord0.5-s2/lme,1,3,test,0.8548639090064534,0.8787580573400587,0.866810983173256
linear-ord0.5-s2/lme,1,4,train,0.918703268324327,0.9271379774139825,0.9229206228691548
linear-ord0.5-s2/lme,1,4,val,0.853723512069428,0.799431708819448,0.826577610444438
linear-ord0.5-s2/lme,1,4,test,0.81800088903583,0.9119082775907735,0.8649545833133018
linear-ord0.5-s2/lme,2,0,train,0.887734918038429,0.9440954137769123,0.9159151659076706
linear-ord0.5-s2/lme,2,0,val,0.9046916445626724,0.8776596416403957,0.8911756431015341
linear-ord0.5-s2/lme,2,0,test,0.837764587898338,0.7991184062493335,0.8184414970738357
linear-ord0.5-s2/lme,2,1,train,0.9018777446953039,0.9332842732110818,0.9175810089531928
linear-ord0.5-s2/lme,2,1,val,0.8574044355233132,0.9329059798087593,0.8951552076660363
linear-ord0.5-s2/lme,2,1,test,0.9122244507889714,0.8487408600328439,0.8804826554109076
linear-ord0.5-s2/lme,2,2,train,0.9118116892119067,0.9363993146588988,0.9241055019354028
linear-ord0.5-s2/lme,2,2,val,0.8415707721950105,0.8642954006817718,0.8529330864383912
linear-ord0.5-s2/lme,2,2,test,0.8470624735255353,0.9080228534914893,0.8775426635085123
linear-ord0.5-s2/lme,2,3,train,0.9047563860177673,0.9035636983117884,0.9041600421647779
linear-ord0.5-s2/lme,2,3,val,0.8165528644528318,0.92871265594165,0.8726327601972409
linear-ord0.5-s2/lme,2,3,test,0.8506399043692074,0.8634510638442531,0.8570454841067303
linear-ord0.5-s2/lme,2,4,train,0.9087732001108672,0.9145994155210392,0.9116863078159532
linear-ord0.5-s2/lme,2,4,val,0.8540624065569193,0.7936919766104047,0.823877191583662
linear-ord0.5-s2/lme,2,4,test,0.8222770290018742,0.9195609400988182,0.8709189845503462
linear-ord0.5-s2/lme,3,0,train,0.8821053788488198,0.9426752225021853,0.9123903006755025
linear-ord0.5-s2/lme,3,0,val,0.8946891459565938,0.8911683292838696,0.8929287376202317
linear-ord0.5-s2/lme,3,0,test,0.8328826973588123,0.8124107037918992,0.8226467005753557
linear-ord0.5-s2/lme,3,1,train,0.8619903035518094,0.897977686304371,0.8799839949280902
linear-ord0.5-s2/lme,3,1,val,0.8656190184199675,0.9154742930194202,0.8905466557196938
linear-ord0.5-s2/lme,3,1,test,0.9095428119890491,0.8398205483372123,0.8746816801631307
linear-ord0.5-s2/lme,3,2,train,0.9050966488801923,0.9274095234841687,0.9162530861821805
linear-ord0.5-s2/lme,3,2,val,0.849882142021281,0.8583965818802032,0.854139361950742
linear-ord0.5-s2/lme,3,2,test,0.8498178559138589,0.9099207045044878,0.8798692802091734
linear-ord0.5-s2/lme,3,3,train,0.9172701825597476,0.9230280817326667,0.9201491321462072
linear-ord0.5-s2/lme,3,3,val,0.8200824372571907,0.9340281076358912,0.8770552724465409
linear-ord0.5-s2/lme,3,3,test,0.8601542570753292,0.8740848826325018,0.8671195698539156
linear-ord0.5-s2/lme,3,4,train,0.9023265153114609,0.9061037675198429,0.9042151414156518
linear-ord0.5-s2/lme,3,4,val,0.8437716067618648,0.7947870247516933,0.819279315756779
linear-ord0.5-s2/lme,3,4,test,0.8042694561270012,0.9191221449128832,0.8616958005199422
linear-ord0.5-s2/lme,4,0,train,0.883356082593129,0.9444933889780994,0.9139247357856142
linear-ord0.5-s2/lme,4,0,val,0.9032438229148749,0.8796525507574937,0.8914481868361843
linear-ord0.5-s2/lme,4,0,test,0.8453729835089749,0.8024926798132633,0.8239328316611192
linear-ord0.5-s2/lme,4,1,train,0.9082868079136469,0.9335488652105658,0.9209178365621064
linear-ord0.5-s2/lme,4,1,val,0.8563524883072974,0.9319259991988302,0.8941392437530638
linear-ord0.5-s2/lme,4,1,test,0.9084248395579831,0.855955060565087,0.8821899500615351
linear-ord0.5-s2/lme,4,2,train,0.9300841099573066,0.9442727426771997,0.9371784263172531
linear-ord0.5-s2/lme,4,2,val,0.8428834379276027,0.8701176652043838,0.8565005515659933
linear-ord0.5-s2/lme,4,2,test,0.8497263046252694,0.9142231449461876,0.8819747247857286
linear-ord0.5-s2/lme,4,3,train,0.8991299474758654,0.901304771368752,0.9002173594223086
linear-ord0.5-s2/lme,4,3,val,0.8122438599005151,0.933987466336125,0.87311566311832
linear-ord0.5-s2/lme,4,3,test,0.8565980276913795,0.8641044566231769,0.8603512421572782
linear-ord0.5-s2/lme,4,4,train,0.9097671918394563,0.9310588892706391,0.9204130405550477
linear-ord0.5-s2/lme,4,4,val,0.8473362412638261,0.8029272772834264,0.8251317592736263
linear-ord0.5-s2/lme,4,4,test,0.7972670339022219,0.9115867744752543,0.854426904188738
linear-ord0.25-s2/lme,0,0,train,0.8992740766924521,0.9486520189367463,0.9239630478145993
linear-ord0.25-s2/lme,0,0,val,0.9104123283850569,0.8734704947990585,0.8919414115920576
linear-ord0.25-s2/lme,0,0,test,0.850174884098551,0.7909576294433358,0.8205662567709434
linear-ord0.25-s2/lme,0,1,train,0.8894836267267011,0.9225736466326427,0.9060286366796719
linear-ord0.25-s2/lme,0,1,val,0.86064396142987,0.9254549612296666,0.8930494613297684
linear-ord0.25-s2/lme,0,1,test,0.9172846531910313,0.8420942695344754,0.8796894613627533
linear-ord0.25-s2/lme,0,2,train,0.890828088253122,0.9064019130868937,0.8986150006700078
linear-ord0.25-s2/lme,0,2,val,0.8393402306707662,0.8631738120106576,0.8512570213407119
linear-ord0.25-s2/lme,0,2,test,0.84516076347326,0.9050807141432812,0.8751207388082706
linear-ord0.25-s2/lme,0,3,train,0.901856550387915,0.8920781569022754,0.8969673536450953
linear-ord0.25-s2/lme,0,3,val,0.8133912415547552,0.9382712981686845,0.8758312698617199
linear-ord0.25-s2/lme,0,3,test,0.8464272483848936,0.8714242412390034,0.8589257448119485
linear-ord0.25-s2/lme,0,4,train,0.900436225327425,0.8951393187774127,0.8977877720524188
linear-ord0.25-s2/lme,0,4,val,0.8563273569067383,0.795722722680009,0.8260250397933737
linear-ord0.25-s2/lme,0,4,test,0.7986281804518555,0.9115017930316147,0.855064986741735
linear-ord0.25-s2/lme,1,0,train,0.8918361098040425,0.9457627941341591,0.9187994519691007
linear-ord0.25-s2/lme,1,0,val,0.8992159304259377,0.8710435190487419,0.8851297247373398
linear-ord0.25-s2/lme,1,0,test,0.8402825296912454,0.8228447581894549,0.8315636439403502
linear-ord0.25-s2/lme,1,1,train,0.9053904412496663,0.9341259859624291,0.9197582136060477
linear-ord0.25-s2/lme,1,1,val,0.8519019547711754,0.9317915505084419,0.8918467526398086
linear-ord0.25-s2/lme,1,1,test,0.9179550986875644,0.8613266113547602,0.8896408550211623
linear-ord0.25-s2/lme,1,2,train,0.9148993361841277,0.919730251289613,0.9173147937368704
linear-ord0.25-s2/lme,1,2,val,0.8471817597671718,0.8628542148426888,0.8550179873049303
linear-ord0.25-s2/lme,1,2,test,0.8589024929178414,0.8940887164550021,0.8764956046864217
linear-ord0.25-s2/lme,1,3,train,0.9049801900263486,0.9171846297607865,0.9110824098935675
linear-ord0.25-s2/lme,1,3,val,0.81417153070605,0.9356633098749227,0.8749174202904864
linear-ord0.25-s2/lme,1,3,test,0.850688187985175,0.8779751140423788,0.8643316510137768
linear-ord0.25-s2/lme,1,4,train,0.9191527992474781,0.9272143798892296,0.9231835895683538
linear-ord0.25-s2/lme,1,4,val,0.8607716197163694,0.7973133658240851,0.8290424927702272
linear-ord0.25-s2/lme,1,4,test,0.8099760817086408,0.9137644473655662,0.8618702645371035
linear-ord0.25-s2/lme,2,0,train,0.8907544979882207,0.9447396613175877,0.9177470796529041
linear-ord0.25-s2/lme,2,0,val,0.90692575032618,0.874698039077711,0.8908118947019454
linear-ord0.25-s2/lme,2,0,test,0.8473703971031148,0.8003056233915211,0.823838010247318
linear-ord0.25-s2/lme,2,1,train,0.90380287208182,0.9330952574217612,0.9184490647517907
linear-ord0.25-s2/lme,2,1,val,0.8609238586586355,0.9306039909260483,0.8957639247923419
linear-ord0.25-s2/lme,2,1,test,0.9143371566722196,0.8508190502180625,0.882578103445141
linear-ord0.25-s2/lme,2,2,train,0.9094430138918095,0.9240716727370818,0.9167573433144456
linear-ord0.25-s2/lme,2,2,val,0.842226160448736,0.8622213756393435,0.8522237680440398
linear-ord0.25-s2/lme,2,2,test,0.8474463198392719,0.9178107843628847,0.8826285521010783
linear-ord0.25-s2/lme,2,3,train,0.9016689064645953,0.9054128206324824,0.9035408635485389
linear-ord0.25-s2/lme,2,3,val,0.8104988874753527,0.9313874456432204,0.8709431665592866
linear-ord0.25-s2/lme,2,3,test,0.8518676891619021,0.8672170955482766,0.8595423923550893
linear-ord0.25-s2/lme,2,4,train,0.9099779992251152,0.9160725136638495,0.9130252564444823
linear-ord0.25-s2/lme,2,4,val,0.8555082902391099,0.7965382625468466,0.8260232763929782
linear-ord0.25-s2/lme,2,4,test,0.8152178918376985,0.9212109203934518,0.8682144061155752
linear-ord0.25-s2/lme,3,0,train,0.883713603196321,0.9417524013813214,0.9127330022888211
linear-ord0.25-s2/lme,3,0,val,0.8938847645695869,0.8881763117567734,0.8910305381631801
linear-ord0.25-s2/lme,3,0,test,0.839843179230298,0.8090466110893476,0.8244448951598229
linear-ord0.25-s2/lme,3,1,train,0.8937451444422619,0.9230013607658282,0.9083732526040451
linear-ord0.25-s2/lme,3,1,val,0.8590869931564962,0.9311141965598121,0.8951005948581541
linear-ord0.25-s2/lme,3,1,test,0.9213826443422184,0.8645111397807832,0.8929468920615008
linear-ord0.25-s2/lme,3,2,train,0.90598040987574,0.926861833134157,0.9164211215049485
linear-ord0.25-s2/lme,3,2,val,0.8468182274098807,0.8595369946319948,0.8531776110209377
linear-ord0.25-s2/lme,3,2,test,0.8540885180829513,0.9075759193425923,0.8808322187127717
linear-ord0.25-s2/lme,3,3,train,0.9173671734575534,0.9217901145466738,0.9195786440021136
linear-ord0.25-s2/lme,3,3,val,0.8115149037198388,0.9345361711948865,0.8730255374573627
linear-ord0.25-s2/lme,3,3,test,0.8563759339288448,0.8728707893326657,0.8646233616307553
linear-ord0.25-s2/lme,3,4,train,0.9074064284048916,0.9337266903142039,0.9205665593595478
linear-ord0.25-s2/lme,3,4,val,0.8496639614448227,0.8206249736423934,0.835144467543608
linear-ord0.25-s2/lme,3,4,test,0.7851106144675163,0.9219837641712525,0.8535471893193844
linear-ord0.25-s2/lme,4,0,train,0.8880050513906905,0.9443483431989188,0.9161766972948047
linear-ord0.25-s2/lme,4,0,val,0.9048184543542789,0.8771541567707284,0.8909863055625036
linear-ord0.25-s2/lme,4,0,test,0.8505349069826957,0.8017876622590783,0.826161284620887
linear-ord0.25-s2/lme,4,1,train,0.9099873359033375,0.9351607570935652,0.9225740464984513
linear-ord0.25-s2/lme,4,1,val,0.8597587263031194,0.9287856764809038,0.8942722013920117
linear-ord0.25-s2/lme,4,1,test,0.9117849958979349,0.8540510455299278,0.8829180207139313
linear-ord0.25-s2/lme,4,2,train,0.8902000173527521,0.9202581978140746,0.9052291075834134
linear-ord0.25-s2/lme,4,2,val,0.8379464274661398,0.8646121592039104,0.8512792933350251
linear-ord0.25-s2/lme,4,2,test,0.8398834455788077,0.9076810373460246,0.8737822414624161
linear-ord0.25-s2/lme,4,3,train,0.9003414497606262,0.9003025312298629,0.9003219904952446
linear-ord0.25-s2/lme,4,3,val,0.8066251943011838,0.9345536268129452,0.8705894105570645
linear-ord0.25-s2/lme,4,3,test,0.8529889420847027,0.8572501436141317,0.8551195428494172
linear-ord0.25-s2/lme,4,4,train,0.9178684758445314,0.9270390731466659,0.9224537744955986
linear-ord0.25-s2/lme,4,4,val,0.8647566728626004,0.7956811777378112,0.8302189253002058
linear-ord0.25-s2/lme,4,4,test,0.8057507772835757,0.9207891673483087,0.8632699723159423
linear-ord0.25-s2/mean,0,0,train,0.9201497273701875,0.9608640798236912,0.9405069035969393
linear-ord0.25-s2/mean,0,0,val,0.90893109497412,0.8444981967360642,0.8767146458550921
linear-ord0.25-s2/mean,0,0,test,0.8562842194972269,0.7974163870743912,0.826850303285809
linear-ord0.25-s2/mean,0,1,train,0.8670981663066435,0.9023223374578649,0.8847102518822543
linear-ord0.25-s2/mean,0,1,val,0.8716190349723696,0.8823354024400244,0.876977218706197
linear-ord0.25-s2/mean,0,1,test,0.8973568360905807,0.8437317810427359,0.8705443085666583
linear-ord0.25-s2/mean,0,2,train,0.92122867922494,0.927537310085809,0.9243829946553745
linear-ord0.25-s2/mean,0,2,val,0.864215881073953,0.8684098987223994,0.8663128898981762
linear-ord0.25-s2/mean,0,2,test,0.8671378900845941,0.8723640926798327,0.8697509913822135
linear-ord0.25-s2/mean,0,3,train,0.9218973691848413,0.8969767428284411,0.9094370560066412
linear-ord0.25-s2/mean,0,3,val,0.8388460049434252,0.9191229922251952,0.8789844985843103
linear-ord0.25-s2/mean,0,3,test,0.8439923519452063,0.8638790199271784,0.8539356859361924
linear-ord0.25-s2/mean,0,4,train,0.9134494519690182,0.8961967714369685,0.9048231117029933
linear-ord0.25-s2/mean,0,4,val,0.8826765279373076,0.8000627324196691,0.8413696301784883
linear-ord0.25-s2/mean,0,4,test,0.8493951074776314,0.8975862540741997,0.8734906807759155
linear-ord0.25-s2/mean,1,0,train,0.9155196470727918,0.9566027454456135,0.9360611962592027
linear-ord0.25-s2/mean,1,0,val,0.9070762359749834,0.846706347431178,0.8768912917030807
linear-ord0.25-s2/mean,1,0,test,0.8537727780468134,0.8117469747028235,0.8327598763748185
linear-ord0.25-s2/mean,1,1,train,0.8960885918348414,0.91724146613894,0.9066650289868907
linear-ord0.25-s2/mean,1,1,val,0.866470890384364,0.8869085083063314,0.8766896993453477
linear-ord0.25-s2/mean,1,1,test,0.9188460754439304,0.8509554576231554,0.8849007665335429
linear-ord0.25-s2/mean,1,2,train,0.9207821221306726,0.9232018920374958,0.9219920070840841
linear-ord0.25-s2/mean,1,2,val,0.8535320843163463,0.8718408917325347,0.8626864880244405
linear-ord0.25-s2/mean,1,2,test,0.8612039350998307,0.8616456963611404,0.8614248157304856
linear-ord0.25-s2/mean,1,3,train,0.9300069971656243,0.9175447191058892,0.9237758581357567
linear-ord0.25-s2/mean,1,3,val,0.8358663840088592,0.924398602668899,0.880132493338879
linear-ord0.25-s2/mean,1,3,test,0.8422323191906237,0.8676008037877456,0.8549165614891847
linear-ord0.25-s2/mean,1,4,train,0.9402922072149649,0.9471685846437443,0.9437303959293546
linear-ord0.25-s2/mean,1,4,val,0.8837296767898591,0.7919148621891212,0.8378222694894901
linear-ord0.25-s2/mean,1,4,test,0.843164784888961,0.9140293410014418,0.8785970629452013
linear-ord0.25-s2/mean,2,0,train,0.9043982839284264,0.9514015705754558,0.927899927251941
linear-ord0.25-s2/mean,2,0,val,0.9048088392116864,0.8583317981426618,0.8815703186771742
linear-ord0.25-s2/mean,2,0,test,0.8592922607412317,0.8027649644555565,0.8310286125983941
linear-ord0.25-s2/mean,2,1,train,0.8826429462180729,0.9093550946577613,0.8959990204379171
linear-ord0.25-s2/mean,2,1,val,0.8715299361832458,0.8850916351446969,0.8783107856639714
linear-ord0.25-s2/mean,2,1,test,0.9001208810403222,0.8369845455374717,0.8685527132888969
linear-ord0.25-s2/mean,2,2,train,0.9226652460174818,0.9265798235952165,0.9246225348063492
linear-ord0.25-s2/mean,2,2,val,0.8589775719937767,0.8673180345845297,0.8631478032891532
linear-ord0.25-s2/mean,2,2,test,0.8627208039804419,0.8774173295542141,0.8700690667673281
linear-ord0.25-s2/mean,2,3,train,0.9028358709070332,0.8597301503832134,0.8812830106451233
linear-ord0.25-s2/mean,2,3,val,0.8468848679336736,0.9092703141320438,0.8780775910328587
linear-ord0.25-s2/mean,2,3,test,0.8455740788419644,0.849414783889472,0.8474944313657182
linear-ord0.25-s2/mean,2,4,train,0.9262937103780511,0.9254623574463043,0.9258780339121777
linear-ord0.25-s2/mean,2,4,val,0.8885689262766726,0.7969333711351154,0.8427511487058941
linear-ord0.25-s2/mean,2,4,test,0.8501748067683201,0.9143381780987729,0.8822564924335465
linear-ord0.25-s2/mean,3,0,train,0.8988910530873984,0.941997035773854,0.9204440444306261
linear-ord0.25-s2/mean,3,0,val,0.9137763861190952,0.8486533934884983,0.8812148898037968
linear-ord0.25-s2/mean,3,0,test,0.861220540537182,0.8021834881564109,0.8317020143467965
linear-ord0.25-s2/mean,3,1,train,0.8875640217693395,0.8998435181588562,0.8937037699640978
linear-ord0.25-s2/mean,3,1,val,0.8856851279491498,0.8737264837257579,0.8797058058374538
linear-ord0.25-s2/mean,3,1,test,0.9096669893533984,0.8225023249538344,0.8660846571536164
linear-ord0.25-s2/mean,3,2,train,0.9157397866704909,0.9180825213437444,0.9169111540071176
linear-ord0.25-s2/mean,3,2,val,0.8640669705014615,0.8683506367813628,0.8662088036414122
linear-ord0.25-s2/mean,3,2,test,0.859530549102454,0.8636910721323788,0.8616108106174164
linear-ord0.25-s2/mean,3,3,train,0.9326874804937859,0.8999550721630891,0.9163212763284375
linear-ord0.25-s2/mean,3,3,val,0.8324136606283459,0.9245138284031266,0.8784637445157362
linear-ord0.25-s2/mean,3,3,test,0.8476857571213009,0.8552316119973802,0.8514586845593406
linear-ord0.25-s2/mean,3,4,train,0.9338184442552427,0.9336596193431292,0.933739031799186
linear-ord0.25-s2/mean,3,4,val,0.8869328491857859,0.8039703281843126,0.8454515886850492
linear-ord0.25-s2/mean,3,4,test,0.8304210079608998,0.9090100134632583,0.8697155107120791
linear-ord0.25-s2/mean,4,0,train,0.8958994549876061,0.9440422423129227,0.9199708486502645
linear-ord0.25-s2/mean,4,0,val,0.9083048692036167,0.8552149077353839,0.8817598884695004
linear-ord0.25-s2/mean,4,0,test,0.8685277212190814,0.7906688427839307,0.829598282001506
linear-ord0.25-s2/mean,4,1,train,0.9112545339855143,0.927929808770468,0.9195921713779911
linear-ord0.25-s2/mean,4,1,val,0.8653467498475651,0.8821624173399004,0.8737545835937328
linear-ord0.25-s2/mean,4,1,test,0.9139899844974834,0.8462737438236185,0.8801318641605509
linear-ord0.25-s2/mean,4,2,train,0.925287283110102,0.924104795332132,0.924696039221117
linear-ord0.25-s2/mean,4,2,val,0.8673071730585301,0.8650484238265511,0.8661777984425406
linear-ord0.25-s2/mean,4,2,test,0.841924121617119,0.8690868278757808,0.8555054747464499
linear-ord0.25-s2/mean,4,3,train,0.9184748115758701,0.8814963649481958,0.8999855882620329
linear-ord0.25-s2/mean,4,3,val,0.8366094291712208,0.9225602771248174,0.879584853148019
linear-ord0.25-s2/mean,4,3,test,0.8635687595111802,0.8564522774860164,0.8600105184985982
linear-ord0.25-s2/mean,4,4,train,0.9378827525683704,0.9441260226738323,0.9410043876211014
linear-ord0.25-s2/mean,4,4,val,0.8848060744228616,0.7936769107679659,0.8392414925954137
linear-ord0.25-s2/mean,4,4,test,0.8419535156181028,0.903382466541671,0.8726679910798869
linear-ord1-s2/lme,0,0,train,0.8944907366639305,0.9482126560690218,0.9213516963664762
linear-ord1-s2/lme,0,0,val,0.9044346477693836,0.878018201919952,0.8912264248446677
linear-ord1-s2/lme,0,0,test,0.829445394481952,0.7984948568991207,0.8139701256905363
linear-ord1-s2/lme,0,1,train,0.8935567782282966,0.9247719749713644,0.9091643765998305
linear-ord1-s2/lme,0,1,val,0.8525080350845393,0.9275092230819387,0.890008629083239
linear-ord1-s2/lme,0,1,test,0.9112964102070283,0.8724387193458505,0.8918675647764394
linear-ord1-s2/lme,0,2,train,0.9029327034751664,0.9276851521101961,0.9153089277926812
linear-ord1-s2/lme,0,2,val,0.852927872578388,0.8574838462623005,0.8552058594203442
linear-ord1-s2/lme,0,2,test,0.8300416005085841,0.899800137831392,0.8649208691699881
linear-ord1-s2/lme,0,3,train,0.8966182380036501,0.8977776466193784,0.8971979423115143
linear-ord1-s2/lme,0,3,val,0.8249664646730268,0.9366903217698407,0.8808283932214338
linear-ord1-s2/lme,0,3,test,0.8491110784927581,0.8693566602705983,0.8592338693816782
linear-ord1-s2/lme,0,4,train,0.8930236937221956,0.9294880129335569,0.9112558533278763
linear-ord1-s2/lme,0,4,val,0.8331957758148065,0.8008884191728635,0.817042097493835
linear-ord1-s2/lme,0,4,test,0.8157383129719902,0.9206993608329019,0.8682188369024461
linear-ord1-s2/lme,1,0,train,0.8897172057952009,0.9466465410093656,0.9181818734022833
linear-ord1-s2/lme,1,0,val,0.8995542515370066,0.8736303553377548,0.8865923034373807
linear-ord1-s2/lme,1,0,test,0.8304004488927099,0.8252862815223734,0.8278433652075416
linear-ord1-s2/lme,1,1,train,0.8707514526164065,0.9154812643472531,0.8931163584818298
linear-ord1-s2/lme,1,1,val,0.8445889303788072,0.9314590780859361,0.8880240042323717
linear-ord1-s2/lme,1,1,test,0.8985299676460224,0.8658719417532196,0.882200954699621
linear-ord1-s2/lme,1,2,train,0.8976013450928195,0.9236053822763028,0.9106033636845612
linear-ord1-s2/lme,1,2,val,0.8477277633105723,0.861377894102954,0.8545528287067632
linear-ord1-s2/lme,1,2,test,0.8382056140088616,0.9120076001781872,0.8751066070935244
linear-ord1-s2/lme,1,3,train,0.9059525636957257,0.9082343691482135,0.9070934664219696
linear-ord1-s2/lme,1,3,val,0.8226440930671498,0.9327236598569566,0.8776838764620531
linear-ord1-s2/lme,1,3,test,0.8571694952218033,0.8753353176918023,0.8662524064568028
linear-ord1-s2/lme,1,4,train,0.9143420123158841,0.925889682611696,0.92011584746379
linear-ord1-s2/lme,1,4,val,0.8452527754291236,0.796234746543781,0.8207437609864523
linear-ord1-s2/lme,1,4,test,0.8159727247897242,0.9085866482362457,0.8622796865129849
linear-ord1-s2/lme,2,0,train,0.8833343723589753,0.9496366879362048,0.91648553014759
linear-ord1-s2/lme,2,0,val,0.9100210992469578,0.8723240428058818,0.8911725710264198
linear-ord1-s2/lme,2,0,test,0.8298860503168098,0.817150334622069,0.8235181924694395
linear-ord1-s2/lme,2,1,train,0.8989518673528731,0.9317988492835715,0.9153753583182223
linear-ord1-s2/lme,2,1,val,0.8546115288212476,0.9358144694984363,0.8952129991598419
linear-ord1-s2/lme,2,1,test,0.9100457934620013,0.8444742083811676,0.8772600009215845
linear-ord1-s2/lme,2,2,train,0.9131250460297407,0.9330805851089733,0.923102815569357
linear-ord1-s2/lme,2,2,val,0.8474010425840998,0.8604011566574877,0.8539010996207937
linear-ord1-s2/lme,2,2,test,0.8366351318448653,0.895618397324549,0.866126764584707
linear-ord1-s2/lme,2,3,train,0.9051258388814519,0.8996189465867133,0.9023723927340825
linear-ord1-s2/lme,2,3,val,0.8210970596023427,0.9263533231958676,0.8737251913991051
linear-ord1-s2/lme,2,3,test,0.8515279542984374,0.8616259984868077,0.8565769763926225
linear-ord1-s2/lme,2,4,train,0.9055713471096604,0.9118697675272956,0.908720557318478
linear-ord1-s2/lme,2,4,val,0.8506728291936518,0.7885882188165426,0.8196305240050972
linear-ord1-s2/lme,2,4,test,0.8273909498863787,0.9150330392111282,0.8712119945487535
linear-ord1-s2/lme,3,0,train,0.8778776171290394,0.9430404870550974,0.9104590520920683
linear-ord1-s2/lme,3,0,val,0.8956131031886441,0.8886531863514255,0.8921331447700348
linear-ord1-s2/lme,3,0,test,0.8256120857921206,0.8101817054965071,0.8178968956443139
linear-ord1-s2/lme,3,1,train,0.8748160584732233,0.9260517614746255,0.9004339099739245
linear-ord1-s2/lme,3,1,val,0.8500113377942776,0.9355371622165958,0.8927742500054368
linear-ord1-s2/lme,3,1,test,0.9129783529090412,0.8685489525602454,0.8907636527346433
linear-ord1-s2/lme,3,2,train,0.9083101618774294,0.9375859918088854,0.9229480768431574
linear-ord1-s2/lme,3,2,val,0.8445511525534295,0.8702357490037421,0.8573934507785859
linear-ord1-s2/lme,3,2,test,0.8360261582595822,0.9107303610323488,0.8733782596459655
linear-ord1-s2/lme,3,3,train,0.9145158778158633,0.9215213478781498,0.9180186128470065
linear-ord1-s2/lme,3,3,val,0.8235750220514485,0.9307606431033146,0.8771678325773815
linear-ord1-s2/lme,3,3,test,0.8617019543903607,0.8752643629218374,0.868483158656099
linear-ord1-s2/lme,3,4,train,0.9005677406298129,0.909675591462051,0.905121666045932
linear-ord1-s2/lme,3,4,val,0.8364864844030065,0.7931541093962512,0.8148202968996289
linear-ord1-s2/lme,3,4,test,0.810369391093923,0.9196610061890844,0.8650151986415038
linear-ord1-s2/lme,4,0,train,0.8773625719399127,0.9445944967133835,0.9109785343266481
linear-ord1-s2/lme,4,0,val,0.8998771135948191,0.8824889444773449,0.891183029036082
linear-ord1-s2/lme,4,0,test,0.8388699387787998,0.8031846655563181,0.8210273021675589
linear-ord1-s2/lme,4,1,train,0.903948880878289,0.929854611485609,0.916901746181949
linear-ord1-s2/lme,4,1,val,0.8533238173830184,0.9316565966795494,0.8924902070312839
linear-ord1-s2/lme,4,1,test,0.9033691250454946,0.85701560833712,0.8801923666913073
linear-ord1-s2/lme,4,2,train,0.899025444138343,0.9094479364784067,0.9042366903083748
linear-ord1-s2/lme,4,2,val,0.8509754719811223,0.8528414142971658,0.851908443139144
linear-ord1-s2/lme,4,2,test,0.8301983036173157,0.8896959721801451,0.8599471378987305
linear-ord1-s2/lme,4,3,train,0.8944292666284933,0.8975016168054862,0.8959654417169898
linear-ord1-s2/lme,4,3,val,0.818237559682503,0.9311739444692777,0.8747057520758903
linear-ord1-s2/lme,4,3,test,0.8570763479605231,0.8664030411015942,0.8617396945310587
linear-ord1-s2/lme,4,4,train,0.9102765564247122,0.9284552125656859,0.9193658844951991
linear-ord1-s2/lme,4,4,val,0.8414016873700089,0.8027248248027162,0.8220632560863625
linear-ord1-s2/lme,4,4,test,0.8152397569328729,0.9043136624378697,0.8597767096853712
linear-ord0.5-s2/mean,0,0,train,0.9223123691479215,0.9610680925979304,0.9416902308729259
linear-ord0.5-s2/mean,0,0,val,0.903893930030141,0.8471710484938924,0.8755324892620167
linear-ord0.5-s2/mean,0,0,test,0.8492071026900843,0.7912575122355102,0.8202323074627973
linear-ord0.5-s2/mean,0,1,train,0.8670923439383151,0.9029874314895667,0.8850398877139409
linear-ord0.5-s2/mean,0,1,val,0.8691013081403522,0.8802878414427906,0.8746945747915714
linear-ord0.5-s2/mean,0,1,test,0.8942518276711183,0.8412548405722736,0.867753334121696
linear-ord0.5-s2/mean,0,2,train,0.9234653531798485,0.9280124485981877,0.925738900889018
linear-ord0.5-s2/mean,0,2,val,0.8648577810411278,0.8607517819197678,0.8628047814804478
linear-ord0.5-s2/mean,0,2,test,0.864216270621795,0.8648824060841359,0.8645493383529654
linear-ord0.5-s2/mean,0,3,train,0.945145902468852,0.9290667165687805,0.9371063095188162
linear-ord0.5-s2/mean,0,3,val,0.8445082810423177,0.918276779131257,0.8813925300867873
linear-ord0.5-s2/mean,0,3,test,0.8502228144856555,0.849026453451616,0.8496246339686357
linear-ord0.5-s2/mean,0,4,train,0.9130796969598395,0.8956169817314389,0.9043483393456392
linear-ord0.5-s2/mean,0,4,val,0.8836554613910336,0.798904786832767,0.8412801241119003
linear-ord0.5-s2/mean,0,4,test,0.8469185188240481,0.8977980068899225,0.8723582628569853
linear-ord0.5-s2/mean,1,0,train,0.9186127348740332,0.9572712510690172,0.9379419929715251
linear-ord0.5-s2/mean,1,0,val,0.8997381616413056,0.8482723525142106,0.8740052570777581
linear-ord0.5-s2/mean,1,0,test,0.8455029708564684,0.8090447541884976,0.827273862522483
linear-ord0.5-s2/mean,1,1,train,0.8975510535923661,0.9178245371269241,0.9076877953596452
linear-ord0.5-s2/mean,1,1,val,0.8592651140942527,0.8860157136055072,0.87264041384988
linear-ord0.5-s2/mean,1,1,test,0.9173104463971892,0.8509841818937027,0.8841473141454459
linear-ord0.5-s2/mean,1,2,train,0.9225402230952606,0.9246951946506758,0.9236177088729682
linear-ord0.5-s2/mean,1,2,val,0.8524376114004162,0.8663436735059706,0.8593906424531934
linear-ord0.5-s2/mean,1,2,test,0.85282425422734,0.8579475036008055,0.8553858789140727
linear-ord0.5-s2/mean,1,3,train,0.9317358319722007,0.9186247923491447,0.9251803121606728
linear-ord0.5-s2/mean,1,3,val,0.8382740200721652,0.923724715622746,0.8809993678474557
linear-ord0.5-s2/mean,1,3,test,0.8425145873540664,0.8615382512165859,0.8520264192853262
linear-ord0.5-s2/mean,1,4,train,0.9295631169228948,0.9306010415835436,0.9300820792532192
linear-ord0.5-s2/mean,1,4,val,0.876956164102886,0.7871491550386405,0.8320526595707632
linear-ord0.5-s2/mean,1,4,test,0.8432898458839427,0.8897734884435441,0.8665316671637434
linear-ord0.5-s2/mean,2,0,train,0.9091659085332492,0.9515379906544524,0.9303519495938508
linear-ord0.5-s2/mean,2,0,val,0.9005511511159257,0.862089387745152,0.8813202694305389
linear-ord0.5-s2/mean,2,0,test,0.8528756138808288,0.80062002344842,0.8267478186646244
linear-ord0.5-s2/mean,2,1,train,0.8830100765374714,0.9101666343953351,0.8965883554664033
linear-ord0.5-s2/mean,2,1,val,0.8662881099738162,0.8807141886490732,0.8735011493114447
linear-ord0.5-s2/mean,2,1,test,0.8968376552768361,0.835113889198546,0.8659757722376911
linear-ord0.5-s2/mean,2,2,train,0.9242415153729937,0.9297550472175586,0.9269982812952762
linear-ord0.5-s2/mean,2,2,val,0.8579383851960232,0.8647621260987198,0.8613502556473716
linear-ord0.5-s2/mean,2,2,test,0.8587921921079738,0.8715638333272193,0.8651780127175965
linear-ord0.5-s2/mean,2,3,train,0.9051598638147512,0.8619862421833266,0.8835730529990389
linear-ord0.5-s2/mean,2,3,val,0.8477145569024475,0.910713219959053,0.8792138884307502
linear-ord0.5-s2/mean,2,3,test,0.8490198604326742,0.8539345229422682,0.8514771916874713
linear-ord0.5-s2/mean,2,4,train,0.931545974156021,0.9246437413118935,0.9280948577339573
linear-ord0.5-s2/mean,2,4,val,0.8888350196323578,0.7903562824305336,0.8395956510314457
linear-ord0.5-s2/mean,2,4,test,0.8534479865995208,0.903326310071868,0.8783871483356944
linear-ord0.5-s2/mean,3,0,train,0.9019120413885287,0.9412438644672565,0.9215779529278926
linear-ord0.5-s2/mean,3,0,val,0.9100452770708028,0.8481428139287465,0.8790940454997747
linear-ord0.5-s2/mean,3,0,test,0.8574847037901139,0.8026472249475709,0.8300659643688424
linear-ord0.5-s2/mean,3,1,train,0.8890250222044117,0.9022063960203549,0.8956157091123833
linear-ord0.5-s2/mean,3,1,val,0.8823023052231407,0.8718087151275435,0.8770555101753421
linear-ord0.5-s2/mean,3,1,test,0.9092624639112938,0.8260960625728466,0.8676792632420702
linear-ord0.5-s2/mean,3,2,train,0.9223791865500318,0.9213629087361968,0.9218710476431142
linear-ord0.5-s2/mean,3,2,val,0.8567884797581441,0.8656791950324849,0.8612338373953146
linear-ord0.5-s2/mean,3,2,test,0.8451995577126925,0.8703496148434242,0.8577745862780584
linear-ord0.5-s2/mean,3,3,train,0.9347165815427413,0.9053899671980877,0.9200532743704145
linear-ord0.5-s2/mean,3,3,val,0.834670520844401,0.9262314108419921,0.8804509658431965
linear-ord0.5-s2/mean,3,3,test,0.8427822109025626,0.8568631926046116,0.8498227017535871
linear-ord0.5-s2/mean,3,4,train,0.937194943426876,0.9361908679077714,0.9366929056673237
linear-ord0.5-s2/mean,3,4,val,0.8823770959198611,0.7984542365242249,0.840415666222043
linear-ord0.5-s2/mean,3,4,test,0.8432570980452324,0.9139660026156464,0.8786115503304395
linear-ord0.5-s2/mean,4,0,train,0.8959268976277505,0.9425261611968011,0.9192265294122758
linear-ord0.5-s2/mean,4,0,val,0.9043771390666467,0.8564983889811045,0.8804377640238756
linear-ord0.5-s2/mean,4,0,test,0.8632791876306071,0.7851776360222137,0.8242284118264104
linear-ord0.5-s2/mean,4,1,train,0.9157851433873041,0.9289124224541977,0.9223487829207508
linear-ord0.5-s2/mean,4,1,val,0.8564193692482778,0.8823225589661348,0.8693709641072063
linear-ord0.5-s2/mean,4,1,test,0.910579056601986,0.8412861221075314,0.8759325893547587
linear-ord0.5-s2/mean,4,2,train,0.9274594757857385,0.9260280200866414,0.92674374793619
linear-ord0.5-s2/mean,4,2,val,0.866387626942605,0.8605960447323163,0.8634918358374606
linear-ord0.5-s2/mean,4,2,test,0.8373449462184803,0.8651479634533006,0.8512464548358905
linear-ord0.5-s2/mean,4,3,train,0.914943286625126,0.894032486980759,0.9044878868029425
linear-ord0.5-s2/mean,4,3,val,0.8377531467518331,0.9215048546160306,0.8796290006839318
linear-ord0.5-s2/mean,4,3,test,0.8528945231235237,0.8517740114245255,0.8523342672740246
linear-ord0.5-s2/mean,4,4,train,0.9412346461930692,0.9435430783659203,0.9423888622794947
linear-ord0.5-s2/mean,4,4,val,0.881958498311899,0.7858056732068232,0.8338820857593611
linear-ord0.5-s2/mean,4,4,test,0.8464579759593169,0.8996293900741492,0.8730436830167331
mlp256-ord0.5-s2/attention,0,0,train,0.9040146194742257,0.9652322904373354,0.9346234549557806
mlp256-ord0.5-s2/attention,0,0,val,0.9254299858514445,0.8291237939509549,0.8772768899011998
mlp256-ord0.5-s2/attention,0,0,test,0.8759324831574448,0.7831340769551708,0.8295332800563078
mlp256-ord0.5-s2/attention,0,1,train,0.9668152943222015,0.9798946459978098,0.9733549701600057
mlp256-ord0.5-s2/attention,0,1,val,0.8600435728152529,0.9090513190826145,0.8845474459489338
mlp256-ord0.5-s2/attention,0,1,test,0.9170975114449453,0.8454679909427755,0.8812827511938603
mlp256-ord0.5-s2/attention,0,2,train,0.9764854471894077,0.9802197674233772,0.9783526073063924
mlp256-ord0.5-s2/attention,0,2,val,0.8267906052287458,0.8735717921297571,0.8501811986792515
mlp256-ord0.5-s2/attention,0,2,test,0.8578635793806115,0.8976526875082823,0.8777581334444469
mlp256-ord0.5-s2/attention,0,3,train,0.9762223472524713,0.9831342596908469,0.9796783034716591
mlp256-ord0.5-s2/attention,0,3,val,0.837742278240166,0.9195842294788745,0.8786632538595203
mlp256-ord0.5-s2/attention,0,3,test,0.831250903242803,0.8895061352524104,0.8603785192476068
mlp256-ord0.5-s2/attention,0,4,train,0.973593593026966,0.9940488923554254,0.9838212426911956
mlp256-ord0.5-s2/attention,0,4,val,0.8571390003522128,0.7913374404806295,0.8242382204164211
mlp256-ord0.5-s2/attention,0,4,test,0.8030995559310605,0.9089316708963999,0.8560156134137302
mlp256-ord0.5-s2/attention,1,0,train,0.9389490038009013,0.979227446597777,0.9590882251993391
mlp256-ord0.5-s2/attention,1,0,val,0.9056853522147962,0.8685665936774054,0.8871259729461007
mlp256-ord0.5-s2/attention,1,0,test,0.863904212787294,0.7834263270098023,0.8236652698985482
mlp256-ord0.5-s2/attention,1,1,train,0.9735528308296592,0.9913378111889836,0.9824453210093214
mlp256-ord0.5-s2/attention,1,1,val,0.8609821677161847,0.9109752706606153,0.8859787191884001
mlp256-ord0.5-s2/attention,1,1,test,0.9010554211013841,0.8282230827623844,0.8646392519318843
mlp256-ord0.5-s2/attention,1,2,train,0.9168053430968593,0.926202831067411,0.9215040870821352
mlp256-ord0.5-s2/attention,1,2,val,0.8449133692875759,0.868090260874238,0.856501815080907
mlp256-ord0.5-s2/attention,1,2,test,0.8424131630352228,0.9057153145130852,0.874064238774154
mlp256-ord0.5-s2/attention,1,3,train,0.9568459677624996,0.9619238890080621,0.9593849283852809
mlp256-ord0.5-s2/attention,1,3,val,0.8058966876105036,0.9380801141302266,0.8719884008703651
mlp256-ord0.5-s2/attention,1,3,test,0.8417391167576324,0.8903468864416129,0.8660430015996226
mlp256-ord0.5-s2/attention,1,4,train,0.9978583089925033,0.9949086917587129,0.9963835003756081
mlp256-ord0.5-s2/attention,1,4,val,0.865570184760984,0.8018412327690523,0.8337057087650181
mlp256-ord0.5-s2/attention,1,4,test,0.8311083769080027,0.909451602154099,0.8702799895310509
mlp256-ord0.5-s2/attention,2,0,train,0.9370293728741356,0.9792561016726303,0.958142737273383
mlp256-ord0.5-s2/attention,2,0,val,0.9167174038355104,0.86208132470297,0.8893993642692402
mlp256-ord0.5-s2/attention,2,0,test,0.8723021499898522,0.7531903180808408,0.8127462340353465
mlp256-ord0.5-s2/attention,2,1,train,0.921776849544791,0.9394710898507106,0.9306239696977507
mlp256-ord0.5-s2/attention,2,1,val,0.8510409973809222,0.9210341459498982,0.8860375716654102
mlp256-ord0.5-s2/attention,2,1,test,0.9122873265570713,0.8338581277357902,0.8730727271464307
mlp256-ord0.5-s2/attention,2,2,train,0.9320141544590734,0.9447715722961474,0.9383928633776104
mlp256-ord0.5-s2/attention,2,2,val,0.8208530448218976,0.8664838137846689,0.8436684293032832
mlp256-ord0.5-s2/attention,2,2,test,0.8413442820927609,0.8899049674761343,0.8656246247844477
mlp256-ord0.5-s2/attention,2,3,train,0.9585505689112643,0.9720323338292407,0.9652914513702525
mlp256-ord0.5-s2/attention,2,3,val,0.8246335960528789,0.9361465952011652,0.8803900956270221
mlp256-ord0.5-s2/attention,2,3,test,0.8422242154063868,0.8861705273913194,0.8641973713988531
mlp256-ord0.5-s2/attention,2,4,train,0.982394470837481,0.9783644818514425,0.9803794763444618
mlp256-ord0.5-s2/attention,2,4,val,0.8869738596142096,0.7926734598800321,0.8398236597471209
mlp256-ord0.5-s2/attention,2,4,test,0.8144340104113116,0.9139068181402334,0.8641704142757725
mlp256-ord0.5-s2/attention,3,0,train,0.9113190994275358,0.9755178040419888,0.9434184517347624
mlp256-ord0.5-s2/attention,3,0,val,0.8972318897485652,0.8642026028822765,0.8807172463154208
mlp256-ord0.5-s2/attention,3,0,test,0.854385488930284,0.7885494005660859,0.8214674447481849
mlp256-ord0.5-s2/attention,3,1,train,0.8921470432582901,0.9310161723379841,0.9115816077981371
mlp256-ord0.5-s2/attention,3,1,val,0.85291190098781,0.9251701250130058,0.8890410130004078
mlp256-ord0.5-s2/attention,3,1,test,0.904831893075265,0.8634734764576603,0.8841526847664627
mlp256-ord0.5-s2/attention,3,2,train,0.9852836061638024,0.989077415678179,0.9871805109209907
mlp256-ord0.5-s2/attention,3,2,val,0.8326845926808834,0.8726902595979781,0.8526874261394307
mlp256-ord0.5-s2/attention,3,2,test,0.8599297792474461,0.886348173874609,0.8731389765610276
mlp256-ord0.5-s2/attention,3,3,train,0.956663239628847,0.9546299708809186,0.9556466052548829
mlp256-ord0.5-s2/attention,3,3,val,0.8503681048589946,0.9128215306299649,0.8815948177444797
mlp256-ord0.5-s2/attention,3,3,test,0.8396306331597275,0.8836450935870648,0.8616378633733961
mlp256-ord0.5-s2/attention,3,4,train,0.9586616674358822,0.9505389773621742,0.9546003223990283
mlp256-ord0.5-s2/attention,3,4,val,0.8705108116521386,0.7996960762545177,0.8351034439533281
mlp256-ord0.5-s2/attention,3,4,test,0.7989672028136797,0.9115625352659223,0.855264869039801
mlp256-ord0.5-s2/attention,4,0,train,0.963300157427047,0.9881831772988668,0.9757416673629569
mlp256-ord0.5-s2/attention,4,0,val,0.9101372381517968,0.8491231530784143,0.8796301956151056
mlp256-ord0.5-s2/attention,4,0,test,0.8853506615766913,0.7935102344672228,0.839430448021957
mlp256-ord0.5-s2/attention,4,1,train,0.9618053960516906,0.9871510938403181,0.9744782449460043
mlp256-ord0.5-s2/attention,4,1,val,0.8687261360042641,0.9008988119939334,0.8848124739990988
mlp256-ord0.5-s2/attention,4,1,test,0.9173532931424131,0.8452106113923058,0.8812819522673594
mlp256-ord0.5-s2/attention,4,2,train,0.87821645098504,0.9209364059940487,0.8995764284895443
mlp256-ord0.5-s2/attention,4,2,val,0.8282772355337941,0.8736575949564656,0.8509674152451299
mlp256-ord0.5-s2/attention,4,2,test,0.8337867503760343,0.919886025034414,0.8768363877052241
mlp256-ord0.5-s2/attention,4,3,train,0.9382168888120936,0.9290779677742824,0.933647428293188
mlp256-ord0.5-s2/attention,4,3,val,0.8287599243924296,0.9488920185847165,0.8888259714885731
mlp256-ord0.5-s2/attention,4,3,test,0.8305943376018444,0.8677275830646876,0.8491609603332659
mlp256-ord0.5-s2/attention,4,4,train,0.9855175588166654,0.9890820879980106,0.987299823407338
mlp256-ord0.5-s2/attention,4,4,val,0.8844063180366263,0.7651148401976906,0.8247605791171584
mlp256-ord0.5-s2/attention,4,4,test,0.7991148269850809,0.9172835832006667,0.8581992050928737
linear-ord1-s2/mean,0,0,train,0.9199315421244394,0.9582680355190132,0.9390997888217263
linear-ord1-s2/mean,0,0,val,0.8981769932297174,0.847366665429944,0.8727718293298308
linear-ord1-s2/mean,0,0,test,0.8372908477491899,0.7798775985205073,0.8085842231348486
linear-ord1-s2/mean,0,1,train,0.8665726963347012,0.90287459314156,0.8847236447381306
linear-ord1-s2/mean,0,1,val,0.8620861223228052,0.8759087306266355,0.8689974264747204
linear-ord1-s2/mean,0,1,test,0.8897134932415905,0.8368474929258902,0.8632804930837403
linear-ord1-s2/mean,0,2,train,0.9237440313784749,0.9259048635306428,0.9248244474545588
linear-ord1-s2/mean,0,2,val,0.8638288752490177,0.8496634857544282,0.8567461805017229
linear-ord1-s2/mean,0,2,test,0.8565017428872298,0.8536775258010844,0.8550896343441571
linear-ord1-s2/mean,0,3,train,0.9439917354285662,0.9272519733466654,0.9356218543876158
linear-ord1-s2/mean,0,3,val,0.8500762921070609,0.9153754280903428,0.8827258600987018
linear-ord1-s2/mean,0,3,test,0.8567163520493274,0.8447609663491557,0.8507386591992415
linear-ord1-s2/mean,0,4,train,0.9106621406181028,0.893783147052306,0.9022226438352043
linear-ord1-s2/mean,0,4,val,0.880006870512746,0.794654881324236,0.837330875918491
linear-ord1-s2/mean,0,4,test,0.8447583042324103,0.8961214743126495,0.8704398892725299
linear-ord1-s2/mean,1,0,train,0.9175924485558328,0.9550040827974415,0.9362982656766372
linear-ord1-s2/mean,1,0,val,0.8953296827645241,0.8471545612435304,0.8712421220040272
linear-ord1-s2/mean,1,0,test,0.8368378153038751,0.7986048713670372,0.8177213433354562
linear-ord1-s2/mean,1,1,train,0.8992092962402876,0.916216304304622,0.9077128002724548
linear-ord1-s2/mean,1,1,val,0.8491691081444294,0.8800897138505008,0.864629410997465
linear-ord1-s2/mean,1,1,test,0.9138511944672743,0.8512539660370548,0.8825525802521645
linear-ord1-s2/mean,1,2,train,0.9234694273189498,0.9234694558896903,0.9234694416043201
linear-ord1-s2/mean,1,2,val,0.8522092191762709,0.8571506952902288,0.8546799572332499
linear-ord1-s2/mean,1,2,test,0.8469884388232652,0.8517298887405169,0.8493591637818911
linear-ord1-s2/mean,1,3,train,0.9292154745950219,0.915068727126153,0.9221421008605875
linear-ord1-s2/mean,1,3,val,0.8415739670108686,0.9220471110674381,0.8818105390391533
linear-ord1-s2/mean,1,3,test,0.8348288910556755,0.8589217591611011,0.8468753251083883
linear-ord1-s2/mean,1,4,train,0.90407303384301,0.911349390565907,0.9077112122044585
linear-ord1-s2/mean,1,4,val,0.8634903424220594,0.7929782874684097,0.8282343149452345
linear-ord1-s2/mean,1,4,test,0.8524313344224879,0.9104266548263258,0.8814289946244068
linear-ord1-s2/mean,2,0,train,0.9125765624621414,0.9472266348114419,0.9299015986367916
linear-ord1-s2/mean,2,0,val,0.8914370932817046,0.868038557303239,0.8797378252924718
linear-ord1-s2/mean,2,0,test,0.8445432204995575,0.7948248442590339,0.8196840323792958
linear-ord1-s2/mean,2,1,train,0.8799906427852909,0.8976460187816787,0.8888183307834848
linear-ord1-s2/mean,2,1,val,0.8693884926657156,0.8691571110481952,0.8692728018569553
linear-ord1-s2/mean,2,1,test,0.9002389969177105,0.8318739767541043,0.8660564868359074
linear-ord1-s2/mean,2,2,train,0.9232673227567707,0.9294995251280969,0.9263834239424338
linear-ord1-s2/mean,2,2,val,0.8562346386511835,0.857986921327903,0.8571107799895432
linear-ord1-s2/mean,2,2,test,0.8507556597107301,0.8633399727441705,0.8570478162274503
linear-ord1-s2/mean,2,3,train,0.9068321401175072,0.8646585163556652,0.8857453282365861
linear-ord1-s2/mean,2,3,val,0.8495501889953522,0.9103966871775666,0.8799734380864594
linear-ord1-s2/mean,2,3,test,0.8518418355862969,0.8579815512648656,0.8549116934255813
linear-ord1-s2/mean,2,4,train,0.932041730442003,0.9205120458446326,0.9262768881433179
linear-ord1-s2/mean,2,4,val,0.88286118779787,0.777488551944475,0.8301748698711725
linear-ord1-s2/mean,2,4,test,0.8536731797051198,0.8964980538566986,0.8750856167809091
linear-ord1-s2/mean,3,0,train,0.9041340084363629,0.9380187664015388,0.9210763874189509
linear-ord1-s2/mean,3,0,val,0.9063057912194228,0.849544461201175,0.877925126210299
linear-ord1-s2/mean,3,0,test,0.8461910922019452,0.7974749616454501,0.8218330269236976
linear-ord1-s2/mean,3,1,train,0.8899792007101236,0.9030618613700597,0.8965205310400917
linear-ord1-s2/mean,3,1,val,0.8761640021209127,0.868259796521021,0.8722118993209669
linear-ord1-s2/mean,3,1,test,0.9113501115627959,0.8286049434152732,0.8699775274890346
linear-ord1-s2/mean,3,2,train,0.924149165378883,0.9146482592408398,0.9193987123098615
linear-ord1-s2/mean,3,2,val,0.8567070673882886,0.8492305916820354,0.8529688295351621
linear-ord1-s2/mean,3,2,test,0.8368483801164678,0.8561861587383872,0.8465172694274274
linear-ord1-s2/mean,3,3,train,0.9358398145401928,0.9063921634570066,0.9211159889985997
linear-ord1-s2/mean,3,3,val,0.8347235446548238,0.9258567813908982,0.880290163022861
linear-ord1-s2/mean,3,3,test,0.8440484720119407,0.8545247218474264,0.8492865969296836
linear-ord1-s2/mean,3,4,train,0.9343753243495293,0.9332262057260847,0.9338007650378071
linear-ord1-s2/mean,3,4,val,0.871369194909779,0.786809065266244,0.8290891300880114
linear-ord1-s2/mean,3,4,test,0.8412060555916259,0.9072111086454445,0.8742085821185352
linear-ord1-s2/mean,4,0,train,0.9132442656108327,0.9516400091623409,0.9324421373865868
linear-ord1-s2/mean,4,0,val,0.8967876095014973,0.858896175278102,0.8778418923897997
linear-ord1-s2/mean,4,0,test,0.8453180907140068,0.7945054340175052,0.8199117623657559
linear-ord1-s2/mean,4,1,train,0.9062231891423087,0.9205614462450885,0.9133923176936987
linear-ord1-s2/mean,4,1,val,0.8498542397818102,0.877945392743388,0.863899816262599
linear-ord1-s2/mean,4,1,test,0.9103121288361998,0.8334566509817711,0.8718843899089854
linear-ord1-s2/mean,4,2,train,0.9129521784409063,0.9106215556552527,0.9117868670480795
linear-ord1-s2/mean,4,2,val,0.8621544341587328,0.8603171781337005,0.8612358061462166
linear-ord1-s2/mean,4,2,test,0.8476799120269201,0.8633561645969651,0.8555180383119425
linear-ord1-s2/mean,4,3,train,0.9145509405083413,0.8895004792799173,0.9020257098941293
linear-ord1-s2/mean,4,3,val,0.8414091980676417,0.9194088454257557,0.8804090217466987
linear-ord1-s2/mean,4,3,test,0.8507518330589593,0.852628392172903,0.8516901126159311
linear-ord1-s2/mean,4,4,train,0.9157457003141068,0.9091412378367293,0.9124434690754181
linear-ord1-s2/mean,4,4,val,0.8611439487449509,0.7912424962844202,0.8261932225146855
linear-ord1-s2/mean,4,4,test,0.8551451244835975,0.8960144833208227,0.87557980390221
linear-ord2-s2/lme,0,0,train,0.8907925992179432,0.9527653691353205,0.9217789841766318
linear-ord2-s2/lme,0,0,val,0.8977765820740014,0.8849551599828835,0.8913658710284424
linear-ord2-s2/lme,0,0,test,0.8236517067440814,0.8038275599500077,0.8137396333470446
linear-ord2-s2/lme,0,1,train,0.8854503314355122,0.9208371277680409,0.9031437296017766
linear-ord2-s2/lme,0,1,val,0.8448743891100414,0.9321996481199579,0.8885370186149997
linear-ord2-s2/lme,0,1,test,0.9034006818437023,0.8527446583867909,0.8780726701152466
linear-ord2-s2/lme,0,2,train,0.9114635400084056,0.9349471105627432,0.9232053252855743
linear-ord2-s2/lme,0,2,val,0.8498063875653408,0.8627867315088265,0.8562965595370836
linear-ord2-s2/lme,0,2,test,0.8395179219880116,0.9173554340966037,0.8784366780423076
linear-ord2-s2/lme,0,3,train,0.8898680571752166,0.8967981848140035,0.89333312099461
linear-ord2-s2/lme,0,3,val,0.8248927847038274,0.9346384378036192,0.8797656112537233
linear-ord2-s2/lme,0,3,test,0.8500223037028856,0.867376484187562,0.8586993939452238
linear-ord2-s2/lme,0,4,train,0.8865230401411072,0.9272419606250781,0.9068825003830927
linear-ord2-s2/lme,0,4,val,0.8240406974060892,0.7932984146403488,0.808669556023219
linear-ord2-s2/lme,0,4,test,0.8096530457152067,0.9212920359242696,0.8654725408197381
linear-ord2-s2/lme,1,0,train,0.8825486774153288,0.9437637176877376,0.9131561975515332
linear-ord2-s2/lme,1,0,val,0.9009443313334413,0.8778063934984622,0.8893753624159517
linear-ord2-s2/lme,1,0,test,0.8214137252828315,0.8185461929880679,0.8199799591354497
linear-ord2-s2/lme,1,1,train,0.869095658712462,0.9096126879317534,0.8893541733221078
linear-ord2-s2/lme,1,1,val,0.8472242925158959,0.9284891821089227,0.8878567373124093
linear-ord2-s2/lme,1,1,test,0.9021923106798059,0.8592982327733505,0.8807452717265782
linear-ord2-s2/lme,1,2,train,0.8920258410625939,0.9204221726039573,0.9062240068332756
linear-ord2-s2/lme,1,2,val,0.8514289643298285,0.8587145003528427,0.8550717323413356
linear-ord2-s2/lme,1,2,test,0.8315052227697816,0.907377296293765,0.8694412595317733
linear-ord2-s2/lme,1,3,train,0.901639781205212,0.9031683698619732,0.9024040755335927
linear-ord2-s2/lme,1,3,val,0.8242548398441394,0.9300695312053138,0.8771621855247266
linear-ord2-s2/lme,1,3,test,0.8550909351619057,0.867985619513486,0.8615382773376958
linear-ord2-s2/lme,1,4,train,0.9069167001161713,0.9234098182898435,0.9151632592030075
linear-ord2-s2/lme,1,4,val,0.8328655931572451,0.7869128433368735,0.8098892182470593
linear-ord2-s2/lme,1,4,test,0.8040531450624806,0.9025123967178169,0.8532827708901487
linear-ord2-s2/lme,2,0,train,0.8726915421721165,0.9465921047209058,0.9096418234465111
linear-ord2-s2/lme,2,0,val,0.904011691786019,0.8733263348647798,0.8886690133253994
linear-ord2-s2/lme,2,0,test,0.8136011291253554,0.8173375293747028,0.8154693292500291
linear-ord2-s2/lme,2,1,train,0.852239028535246,0.8968887960910382,0.8745639123131421
linear-ord2-s2/lme,2,1,val,0.8509505213184402,0.9132860989238561,0.8821183101211482
linear-ord2-s2/lme,2,1,test,0.9067234719001506,0.8540005066505765,0.8803619892753636
linear-ord2-s2/lme,2,2,train,0.9069476069213191,0.9230403656127021,0.9149939862670107
linear-ord2-s2/lme,2,2,val,0.8473712636215827,0.8628233780482283,0.8550973208349055
linear-ord2-s2/lme,2,2,test,0.8381840431540052,0.907273423537473,0.8727287333457391
linear-ord2-s2/lme,2,3,train,0.8798709107505476,0.8670656685793758,0.8734682896649617
linear-ord2-s2/lme,2,3,val,0.8183800641284248,0.9276357069084592,0.873007885518442
linear-ord2-s2/lme,2,3,test,0.8520377730631324,0.8432756776421007,0.8476567253526166
linear-ord2-s2/lme,2,4,train,0.8912470495877884,0.9214235505077201,0.9063353000477543
linear-ord2-s2/lme,2,4,val,0.8170801502205521,0.8033923967186952,0.8102362734696237
linear-ord2-s2/lme,2,4,test,0.814071676554586,0.9147272934690961,0.864399485011841
linear-ord2-s2/lme,3,0,train,0.8645729740668262,0.9258848239951135,0.8952288990309698
linear-ord2-s2/lme,3,0,val,0.9086428678935581,0.8744455834661002,0.8915442256798292
linear-ord2-s2/lme,3,0,test,0.8176496081461984,0.7968195937730285,0.8072346009596134
linear-ord2-s2/lme,3,1,train,0.8839445396966584,0.9147762201003133,0.8993603798984859
linear-ord2-s2/lme,3,1,val,0.8509835107524746,0.9268600737048496,0.8889217922286621
linear-ord2-s2/lme,3,1,test,0.9154355930299329,0.8493074749135534,0.8823715339717432
linear-ord2-s2/lme,3,2,train,0.8971488597997646,0.9175792431432918,0.9073640514715282
linear-ord2-s2/lme,3,2,val,0.8529129153566494,0.8590030110763731,0.8559579632165113
linear-ord2-s2/lme,3,2,test,0.8258336732088312,0.894551128710508,0.8601924009596695
linear-ord2-s2/lme,3,3,train,0.908045377577871,0.9250352199795138,0.9165402987786924
linear-ord2-s2/lme,3,3,val,0.8202661982797412,0.9323944325674907,0.876330315423616
linear-ord2-s2/lme,3,3,test,0.8434573179967305,0.8759892771938926,0.8597232975953115
linear-ord2-s2/lme,3,4,train,0.8926870177389372,0.9090449348984757,0.9008659763187065
linear-ord2-s2/lme,3,4,val,0.829502180851171,0.7882963692997568,0.8088992750754639
linear-ord2-s2/lme,3,4,test,0.8058366815277105,0.9190171583723489,0.8624269199500296
linear-ord2-s2/lme,4,0,train,0.8732576100178148,0.9421384146873603,0.9076980123525875
linear-ord2-s2/lme,4,0,val,0.897838448253808,0.8804644822426828,0.8891514652482454
linear-ord2-s2/lme,4,0,test,0.827515992857951,0.8018202087513723,0.8146681008046617
linear-ord2-s2/lme,4,1,train,0.8755686926957013,0.9149482343679703,0.8952584635318358
linear-ord2-s2/lme,4,1,val,0.8506799258284709,0.9254282943798362,0.8880541101041535
linear-ord2-s2/lme,4,1,test,0.8969709357100102,0.841478034988383,0.8692244853491966
linear-ord2-s2/lme,4,2,train,0.8909906924040819,0.9269884654035763,0.9089895789038291
linear-ord2-s2/lme,4,2,val,0.837322963026009,0.8677004532490554,0.8525117081375322
linear-ord2-s2/lme,4,2,test,0.8089590008643373,0.9195976399839902,0.8642783204241637
linear-ord2-s2/lme,4,3,train,0.8876597546412749,0.8863724766038145,0.8870161156225447
linear-ord2-s2/lme,4,3,val,0.8184315354315265,0.9257320380585684,0.8720817867450474
linear-ord2-s2/lme,4,3,test,0.8584963274623408,0.8606340318547709,0.859565179658556
linear-ord2-s2/lme,4,4,train,0.9059162842208811,0.9210285601669335,0.9134724221939072
linear-ord2-s2/lme,4,4,val,0.8308536758398958,0.7950235566687803,0.812938616254338
linear-ord2-s2/lme,4,4,test,0.8190797421960715,0.8964684533586521,0.8577740977773618
linear-bin-s2/lme,0,0,train,0.9006238704557917,0.947198576173761,0.9239112233147764
linear-bin-s2/lme,0,0,val,0.9142492471143119,0.8652260342163957,0.8897376406653538
linear-bin-s2/lme,0,0,test,0.8625552684563819,0.7774555106540916,0.8200053895552367
linear-bin-s2/lme,0,1,train,0.8900796605459688,0.9222400942440351,0.9061598773950019
linear-bin-s2/lme,0,1,val,0.8631858581996635,0.9167842469953082,0.889985052597486
linear-bin-s2/lme,0,1,test,0.9182048747372795,0.8484726948457023,0.8833387847914909
linear-bin-s2/lme,0,2,train,0.8915260211537516,0.8993209948269166,0.8954235079903341
linear-bin-s2/lme,0,2,val,0.8285483543888834,0.8653360272118923,0.8469421908003878
linear-bin-s2/lme,0,2,test,0.8490488064652657,0.8992233007057356,0.8741360535855007
linear-bin-s2/lme,0,3,train,0.8989839812188706,0.8838170662857097,0.8914005237522902
linear-bin-s2/lme,0,3,val,0.7995637681790435,0.9368909773224291,0.8682273727507364
linear-bin-s2/lme,0,3,test,0.8375661166138498,0.8729190384858024,0.8552425775498261
linear-bin-s2/lme,0,4,train,0.922509820110869,0.9441093959878515,0.9333096080493603
linear-bin-s2/lme,0,4,val,0.874146222450129,0.7905646788559355,0.8323554506530322
linear-bin-s2/lme,0,4,test,0.7675962449816616,0.9190866083055285,0.843341426643595
linear-bin-s2/lme,1,0,train,0.8890919185067574,0.9421750367792466,0.915633477643002
linear-bin-s2/lme,1,0,val,0.8990381308698661,0.8583615321419178,0.8786998315058919
linear-bin-s2/lme,1,0,test,0.8436270117903125,0.8019553723361273,0.8227911920632199
linear-bin-s2/lme,1,1,train,0.9129524467344198,0.931189090232582,0.9220707684835009
linear-bin-s2/lme,1,1,val,0.8569843127379562,0.922759296671239,0.8898718047045976
linear-bin-s2/lme,1,1,test,0.9254265393527014,0.8540082604503026,0.889717399901502
linear-bin-s2/lme,1,2,train,0.9200843476745505,0.9233720582959732,0.9217282029852618
linear-bin-s2/lme,1,2,val,0.8401971407476688,0.8673902239854787,0.8537936823665737
linear-bin-s2/lme,1,2,test,0.8625191073506986,0.8926794584379886,0.8775992828943435
linear-bin-s2/lme,1,3,train,0.9047252345432745,0.9142995666111533,0.9095124005772139
linear-bin-s2/lme,1,3,val,0.7989040586758875,0.9357239375734044,0.867313998124646
linear-bin-s2/lme,1,3,test,0.8422350799071965,0.8759697188082342,0.8591023993577154
linear-bin-s2/lme,1,4,train,0.9212359680058676,0.9449468638178851,0.9330914159118764
linear-bin-s2/lme,1,4,val,0.8634825686784451,0.8024977087340844,0.8329901387062648
linear-bin-s2/lme,1,4,test,0.7818523659740991,0.9209065634077427,0.851379464690921
linear-bin-s2/lme,2,0,train,0.894200679743467,0.9443417059371497,0.9192711928403083
linear-bin-s2/lme,2,0,val,0.9083600217784898,0.8644444450850388,0.8864022334317643
linear-bin-s2/lme,2,0,test,0.8553099504650782,0.8010061062918968,0.8281580283784875
linear-bin-s2/lme,2,1,train,0.906374650627169,0.9317263141489429,0.919050482388056
linear-bin-s2/lme,2,1,val,0.861435817501566,0.9239714955361237,0.8927036565188449
linear-bin-s2/lme,2,1,test,0.9167769299508342,0.8537278730619584,0.8852524015063963
linear-bin-s2/lme,2,2,train,0.9165489285784977,0.9123274007683336,0.9144381646734157
linear-bin-s2/lme,2,2,val,0.8325198645019699,0.8667802428171838,0.8496500536595768
linear-bin-s2/lme,2,2,test,0.8508682694395499,0.9111482535478449,0.8810082614936974
linear-bin-s2/lme,2,3,train,0.900747168096565,0.904451011219839,0.9025990896582019
linear-bin-s2/lme,2,3,val,0.8022441533402637,0.9350055437476746,0.8686248485439692
linear-bin-s2/lme,2,3,test,0.8474433417443266,0.8693296957314384,0.8583865187378825
linear-bin-s2/lme,2,4,train,0.930313431258754,0.9464250101010532,0.9383692206799036
linear-bin-s2/lme,2,4,val,0.8716755765051905,0.7903857808092338,0.8310306786572121
linear-bin-s2/lme,2,4,test,0.7870686238923793,0.9204186812737244,0.8537436525830518
linear-bin-s2/lme,3,0,train,0.8839456837449862,0.9370073046838042,0.9104764942143952
linear-bin-s2/lme,3,0,val,0.8903568746170324,0.8747941887188883,0.8825755316679603
linear-bin-s2/lme,3,0,test,0.847413355792164,0.7877180027220257,0.8175656792570949
linear-bin-s2/lme,3,1,train,0.8891932435311237,0.9204597249792454,0.9048264842551845
linear-bin-s2/lme,3,1,val,0.8572659009612338,0.9250831266407031,0.8911745138009685
linear-bin-s2/lme,3,1,test,0.9208381685380536,0.8654042892526342,0.8931212288953438
linear-bin-s2/lme,3,2,train,0.89478965482651,0.8979238324401685,0.8963567436333393
linear-bin-s2/lme,3,2,val,0.8408807981828826,0.867076806841444,0.8539788025121633
linear-bin-s2/lme,3,2,test,0.8549052361218393,0.8878963613205846,0.871400798721212
linear-bin-s2/lme,3,3,train,0.9065797202470263,0.8961332751664254,0.9013564977067259
linear-bin-s2/lme,3,3,val,0.7983964215023998,0.9363511151531141,0.8673737683277569
linear-bin-s2/lme,3,3,test,0.8330061095907305,0.8652846362547019,0.8491453729227162
linear-bin-s2/lme,3,4,train,0.9112963216422808,0.929472670613344,0.9203844961278125
linear-bin-s2/lme,3,4,val,0.8600359191999811,0.7972542188938655,0.8286450690469234
linear-bin-s2/lme,3,4,test,0.7749549235380033,0.908503325474354,0.8417291245061786
linear-bin-s2/lme,4,0,train,0.8903316905352147,0.9420019976706948,0.9161668441029547
linear-bin-s2/lme,4,0,val,0.9061922326994136,0.8657696318322547,0.8859809322658342
linear-bin-s2/lme,4,0,test,0.8571922001789574,0.7857059265808342,0.8214490633798958
linear-bin-s2/lme,4,1,train,0.906931022316848,0.9342776362926875,0.9206043293047677
linear-bin-s2/lme,4,1,val,0.8598005894287356,0.9209344990720687,0.8903675442504022
linear-bin-s2/lme,4,1,test,0.9155734658624773,0.851232879304401,0.8834031725834391
linear-bin-s2/lme,4,2,train,0.8968347956397832,0.9139870677934331,0.9054109317166081
linear-bin-s2/lme,4,2,val,0.8345354543968242,0.8674138975053269,0.8509746759510756
linear-bin-s2/lme,4,2,test,0.8425519169051746,0.9032944975471096,0.8729232072261421
linear-bin-s2/lme,4,3,train,0.9150559953121172,0.9119271579028513,0.9134915766074843
linear-bin-s2/lme,4,3,val,0.7979143372802963,0.9358760293649184,0.8668951833226073
linear-bin-s2/lme,4,3,test,0.8337684394465972,0.8735118573089569,0.853640148377777
linear-bin-s2/lme,4,4,train,0.9086283287079758,0.9311301722861027,0.9198792504970392
linear-bin-s2/lme,4,4,val,0.8499606808987136,0.8066132385595552,0.8282869597291345
linear-bin-s2/lme,4,4,test,0.7669180111134498,0.9079657510895085,0.8374418811014792
mlp256-bin-s2/mean,0,0,train,0.9554527011388918,0.98642386385474,0.9709382824968159
mlp256-bin-s2/mean,0,0,val,0.8903390527818109,0.8310699616278111,0.860704507204811
mlp256-bin-s2/mean,0,0,test,0.8494478326333457,0.7876492765047628,0.8185485545690543
mlp256-bin-s2/mean,0,1,train,0.8989524527736221,0.9390304483859393,0.9189914505797807
mlp256-bin-s2/mean,0,1,val,0.8630684561744845,0.8837755589886218,0.8734220075815531
mlp256-bin-s2/mean,0,1,test,0.9061054693064791,0.8485774669949728,0.8773414681507259
mlp256-bin-s2/mean,0,2,train,0.953646143543802,0.9547614430440652,0.9542037932939336
mlp256-bin-s2/mean,0,2,val,0.8361578887799941,0.8592456069606432,0.8477017478703186
mlp256-bin-s2/mean,0,2,test,0.8345740894817517,0.8681248595222085,0.8513494745019801
mlp256-bin-s2/mean,0,3,train,0.9136995481556787,0.8648369950280557,0.8892682715918672
mlp256-bin-s2/mean,0,3,val,0.8452663374846536,0.9157381619304164,0.880502249707535
mlp256-bin-s2/mean,0,3,test,0.8443168537067083,0.8433228983839821,0.8438198760453453
mlp256-bin-s2/mean,0,4,train,0.9554707937179374,0.9656766314721043,0.9605737125950209
mlp256-bin-s2/mean,0,4,val,0.8898885310281431,0.7878481968225176,0.8388683639253304
mlp256-bin-s2/mean,0,4,test,0.8353465077149425,0.9108912904227795,0.873118899068861
mlp256-bin-s2/mean,1,0,train,0.9302471522637764,0.9804024555264581,0.9553248038951172
mlp256-bin-s2/mean,1,0,val,0.8907495205707695,0.8442353299867562,0.8674924252787628
mlp256-bin-s2/mean,1,0,test,0.8617098430800882,0.7892744331069987,0.8254921380935435
mlp256-bin-s2/mean,1,1,train,0.933731535310465,0.95505154780114,0.9443915415558025
mlp256-bin-s2/mean,1,1,val,0.8522021164273685,0.8820657442402663,0.8671339303338175
mlp256-bin-s2/mean,1,1,test,0.918933772047354,0.8551699180952305,0.8870518450712923
mlp256-bin-s2/mean,1,2,train,0.9313583775541029,0.9381020446752425,0.9347302111146727
mlp256-bin-s2/mean,1,2,val,0.8353607276814481,0.8741357087919901,0.8547482182367191
mlp256-bin-s2/mean,1,2,test,0.8440111568883442,0.8883755017605743,0.8661933293244592
mlp256-bin-s2/mean,1,3,train,0.9413053424236217,0.9314795856853514,0.9363924640544865
mlp256-bin-s2/mean,1,3,val,0.8215287736232624,0.9247339925186003,0.8731313830709313
mlp256-bin-s2/mean,1,3,test,0.8277019023437178,0.8480376427699394,0.8378697725568286
mlp256-bin-s2/mean,1,4,train,0.9456980436412381,0.9663440088671662,0.9560210262542022
mlp256-bin-s2/mean,1,4,val,0.8891948664464205,0.788417708876067,0.8388062876612438
mlp256-bin-s2/mean,1,4,test,0.8061779761459509,0.9127179733122526,0.8594479747291017
mlp256-bin-s2/mean,2,0,train,0.9271537274041042,0.9702620626898975,0.9487078950470008
mlp256-bin-s2/mean,2,0,val,0.9011623474407254,0.835033087552439,0.8680977174965823
mlp256-bin-s2/mean,2,0,test,0.8812717045831178,0.7986203558922511,0.8399460302376844
mlp256-bin-s2/mean,2,1,train,0.8827535056557924,0.9032306262039801,0.8929920659298862
mlp256-bin-s2/mean,2,1,val,0.8626691083073373,0.8815006056803296,0.8720848569938335
mlp256-bin-s2/mean,2,1,test,0.9144119188276456,0.8205912821850916,0.8675016005063686
mlp256-bin-s2/mean,2,2,train,0.9283230526925733,0.9438154503275922,0.9360692515100828
mlp256-bin-s2/mean,2,2,val,0.838691474696381,0.8520564465587686,0.8453739606275747
mlp256-bin-s2/mean,2,2,test,0.8405760945186795,0.8884283405478106,0.8645022175332451
mlp256-bin-s2/mean,2,3,train,0.9457084420221755,0.9347742505812312,0.9402413463017034
mlp256-bin-s2/mean,2,3,val,0.8241121350766998,0.9260746165194446,0.8750933757980721
mlp256-bin-s2/mean,2,3,test,0.826029335935893,0.8374793644821348,0.8317543502090139
mlp256-bin-s2/mean,2,4,train,0.9393557160787043,0.9496089429023884,0.9444823294905463
mlp256-bin-s2/mean,2,4,val,0.8945649592871329,0.7996455354653693,0.847105247376251
mlp256-bin-s2/mean,2,4,test,0.8296793808892954,0.9219683183720191,0.8758238496306572
mlp256-bin-s2/mean,3,0,train,0.9403026517767817,0.9802095438518994,0.9602560978143406
mlp256-bin-s2/mean,3,0,val,0.8975364872841752,0.8358637159842347,0.866700101634205
mlp256-bin-s2/mean,3,0,test,0.8676384203323981,0.802810312288937,0.8352243663106675
mlp256-bin-s2/mean,3,1,train,0.8880795545642545,0.9052841681709913,0.8966818613676228
mlp256-bin-s2/mean,3,1,val,0.8730779830301544,0.8810923502604509,0.8770851666453026
mlp256-bin-s2/mean,3,1,test,0.9041201138841588,0.8446063911802033,0.8743632525321811
mlp256-bin-s2/mean,3,2,train,0.9204518489843296,0.9253557952642106,0.9229038221242701
mlp256-bin-s2/mean,3,2,val,0.8445462393817306,0.8670674257731543,0.8558068325774424
mlp256-bin-s2/mean,3,2,test,0.8445785784560836,0.8573894719500236,0.8509840252030536
mlp256-bin-s2/mean,3,3,train,0.9333169482478095,0.9189039938416018,0.9261104710447057
mlp256-bin-s2/mean,3,3,val,0.8379817950831853,0.9122933726289019,0.8751375838560436
mlp256-bin-s2/mean,3,3,test,0.8507327736959492,0.8581060754542272,0.8544194245750882
mlp256-bin-s2/mean,3,4,train,0.9265151384876953,0.958792784790048,0.9426539616388716
mlp256-bin-s2/mean,3,4,val,0.896258334725224,0.8008477062578021,0.848553020491513
mlp256-bin-s2/mean,3,4,test,0.8117882947825481,0.9243390498124882,0.8680636722975181
mlp256-bin-s2/mean,4,0,train,0.9364368682221863,0.9752420025612897,0.955839435391738
mlp256-bin-s2/mean,4,0,val,0.8969579442899502,0.8453854798835831,0.8711717120867667
mlp256-bin-s2/mean,4,0,test,0.875271129186912,0.7475141405430356,0.8113926348649738
mlp256-bin-s2/mean,4,1,train,0.9294145182532964,0.9519042028157828,0.9406593605345396
mlp256-bin-s2/mean,4,1,val,0.86469649297667,0.8784406957868633,0.8715685943817666
mlp256-bin-s2/mean,4,1,test,0.9125709079528594,0.8095165749831982,0.8610437414680288
mlp256-bin-s2/mean,4,2,train,0.9538071266550093,0.9570857893406485,0.9554464579978289
mlp256-bin-s2/mean,4,2,val,0.8446763651808032,0.8434533420592663,0.8440648536200348
mlp256-bin-s2/mean,4,2,test,0.8500039651110481,0.8587439860741533,0.8543739755926008
mlp256-bin-s2/mean,4,3,train,0.9230798293491749,0.9057457025098247,0.9144127659294998
mlp256-bin-s2/mean,4,3,val,0.8308259053665998,0.9291448695829952,0.8799853874747976
mlp256-bin-s2/mean,4,3,test,0.8331831428264914,0.829768963271178,0.8314760530488348
mlp256-bin-s2/mean,4,4,train,0.9526052780667025,0.9398756646293527,0.9462404713480276
mlp256-bin-s2/mean,4,4,val,0.8928065202933148,0.8025153873367646,0.8476609538150397
mlp256-bin-s2/mean,4,4,test,0.8461758049300314,0.8706074178900437,0.8583916114100376
mlp256-ord0.5-s2/max,0,0,train,0.9127911664259213,0.9813306960938852,0.9470609312599032
mlp256-ord0.5-s2/max,0,0,val,0.9184712826661393,0.8478098728422016,0.8831405777541704
mlp256-ord0.5-s2/max,0,0,test,0.824942213645363,0.7716492387658137,0.7982957262055883
mlp256-ord0.5-s2/max,0,1,train,0.9010965028727633,0.9553693552853247,0.9282329290790441
mlp256-ord0.5-s2/max,0,1,val,0.863507944917386,0.9126921106440082,0.8881000277806972
mlp256-ord0.5-s2/max,0,1,test,0.9100100338101812,0.8462428452409231,0.8781264395255521
mlp256-ord0.5-s2/max,0,2,train,0.9366256132548798,0.9682092704215058,0.9524174418381928
mlp256-ord0.5-s2/max,0,2,val,0.8120394470643403,0.8652979683272185,0.8386687076957794
mlp256-ord0.5-s2/max,0,2,test,0.8598859342380377,0.9172745078538962,0.888580221045967
mlp256-ord0.5-s2/max,0,3,train,0.9795130648201795,0.9844077529522709,0.9819604088862253
mlp256-ord0.5-s2/max,0,3,val,0.8193968513639083,0.9350150638050458,0.8772059575844771
mlp256-ord0.5-s2/max,0,3,test,0.8264598742611515,0.8645657342245623,0.8455128042428569
mlp256-ord0.5-s2/max,0,4,train,0.8956460781979639,0.9098828025126983,0.9027644403553311
mlp256-ord0.5-s2/max,0,4,val,0.8321923656838162,0.7807619036589997,0.8064771346714079
mlp256-ord0.5-s2/max,0,4,test,0.7630424954555383,0.8987604485805883,0.8309014720180633
mlp256-ord0.5-s2/max,1,0,train,0.959627633491829,0.9914029097089966,0.9755152716004127
mlp256-ord0.5-s2/max,1,0,val,0.9052108966227357,0.8800865759648775,0.8926487362938066
mlp256-ord0.5-s2/max,1,0,test,0.7757011135446364,0.7515988541419142,0.7636499838432753
mlp256-ord0.5-s2/max,1,1,train,0.8953619162723697,0.9464934366529935,0.9209276764626816
mlp256-ord0.5-s2/max,1,1,val,0.8765450272374266,0.9096966361934823,0.8931208317154544
mlp256-ord0.5-s2/max,1,1,test,0.917678619975507,0.8607395916067567,0.8892091057911319
mlp256-ord0.5-s2/max,1,2,train,0.9387178803798628,0.9746417808962051,0.956679830638034
mlp256-ord0.5-s2/max,1,2,val,0.8400905854145386,0.8720148841419034,0.856052734778221
mlp256-ord0.5-s2/max,1,2,test,0.8596654497835287,0.9013473433297463,0.8805063965566375
mlp256-ord0.5-s2/max,1,3,train,0.9831866719725755,0.9968231385901195,0.9900049052813475
mlp256-ord0.5-s2/max,1,3,val,0.8315344498762459,0.9313194251203244,0.8814269374982852
mlp256-ord0.5-s2/max,1,3,test,0.8422386842271432,0.8394606441848101,0.8408496642059766
mlp256-ord0.5-s2/max,1,4,train,0.9666649721752372,0.9784811687690207,0.9725730704721289
mlp256-ord0.5-s2/max,1,4,val,0.8350691049438547,0.7802508020418043,0.8076599534928295
mlp256-ord0.5-s2/max,1,4,test,0.7754836378318758,0.9241174177721221,0.8498005278019989
mlp256-ord0.5-s2/max,2,0,train,0.9282270319678463,0.9791058949183972,0.9536664634431218
mlp256-ord0.5-s2/max,2,0,val,0.9165070875924672,0.8618334692477194,0.8891702784200933
mlp256-ord0.5-s2/max,2,0,test,0.8273739642567162,0.7886097126744773,0.8079918384655967
mlp256-ord0.5-s2/max,2,1,train,0.9633893007025028,0.9859149446393288,0.9746521226709158
mlp256-ord0.5-s2/max,2,1,val,0.8873137459374828,0.9065701277171434,0.896941936827313
mlp256-ord0.5-s2/max,2,1,test,0.9196651830905381,0.8345839634011561,0.8771245732458471
mlp256-ord0.5-s2/max,2,2,train,0.9603658536142431,0.9884340665498704,0.9743999600820568
mlp256-ord0.5-s2/max,2,2,val,0.8161516021412293,0.8915951367558206,0.853873369448525
mlp256-ord0.5-s2/max,2,2,test,0.8431426356262667,0.9104402460925758,0.8767914408594213
mlp256-ord0.5-s2/max,2,3,train,0.9896381568201043,0.9926372280167569,0.9911376924184305
mlp256-ord0.5-s2/max,2,3,val,0.8305127285585044,0.9384184501666158,0.8844655893625601
mlp256-ord0.5-s2/max,2,3,test,0.8311180261572441,0.8534933314002862,0.842305678778765
mlp256-ord0.5-s2/max,2,4,train,0.9265337413495227,0.9544709240573358,0.9405023327034292
mlp256-ord0.5-s2/max,2,4,val,0.8245003798764412,0.7898463427629006,0.8071733613196709
mlp256-ord0.5-s2/max,2,4,test,0.7994799997972315,0.9064869906564768,0.8529834952268541
mlp256-ord0.5-s2/max,3,0,train,0.9600744997606968,0.9917302586040977,0.9759023791823973
mlp256-ord0.5-s2/max,3,0,val,0.906986395069577,0.8642123934780204,0.8855993942737987
mlp256-ord0.5-s2/max,3,0,test,0.8173204899049668,0.7973894152969612,0.807354952600964
mlp256-ord0.5-s2/max,3,1,train,0.9166848960772535,0.9617284910258581,0.9392066935515557
mlp256-ord0.5-s2/max,3,1,val,0.8663572038586707,0.9109604080704526,0.8886588059645617
mlp256-ord0.5-s2/max,3,1,test,0.9047778906880578,0.849556016820165,0.8771669537541114
mlp256-ord0.5-s2/max,3,2,train,0.9661990523494157,0.9825909163681457,0.9743949843587807
mlp256-ord0.5-s2/max,3,2,val,0.8026682774749272,0.8791232930423297,0.8408957852586285
mlp256-ord0.5-s2/max,3,2,test,0.8445244652258811,0.8989892458597543,0.8717568555428177
mlp256-ord0.5-s2/max,3,3,train,0.9758892602722911,0.9877612183774571,0.9818252393248741
mlp256-ord0.5-s2/max,3,3,val,0.8222206585988273,0.93566010491834,0.8789403817585837
mlp256-ord0.5-s2/max,3,3,test,0.8358290909254886,0.8393513609185288,0.8375902259220087
mlp256-ord0.5-s2/max,3,4,train,0.9403129072626675,0.9548802421574457,0.9475965747100565
mlp256-ord0.5-s2/max,3,4,val,0.8621771008272756,0.8007054020141003,0.8314412514206879
mlp256-ord0.5-s2/max,3,4,test,0.7825163264349511,0.9098865113318004,0.8462014188833757
mlp256-ord0.5-s2/max,4,0,train,0.940856844597147,0.9832187066480079,0.9620377756225775
mlp256-ord0.5-s2/max,4,0,val,0.9194187250701334,0.8581369148272496,0.8887778199486915
mlp256-ord0.5-s2/max,4,0,test,0.8256535821844414,0.7679584514282735,0.7968060168063574
mlp256-ord0.5-s2/max,4,1,train,0.9922665276001155,0.9941404710673645,0.99320349933374
mlp256-ord0.5-s2/max,4,1,val,0.8818435610473383,0.9025166318872075,0.8921800964672729
mlp256-ord0.5-s2/max,4,1,test,0.9150118653837978,0.8476369587384189,0.8813244120611083
mlp256-ord0.5-s2/max,4,2,train,0.9738820533831242,0.9883140874166081,0.9810980703998662
mlp256-ord0.5-s2/max,4,2,val,0.8192814988208259,0.8842122841673032,0.8517468914940646
mlp256-ord0.5-s2/max,4,2,test,0.8494712802743115,0.9084857269446858,0.8789785036094986
mlp256-ord0.5-s2/max,4,3,train,0.9929974049781657,0.9968005232160871,0.9948989640971264
mlp256-ord0.5-s2/max,4,3,val,0.845170724030849,0.9262774590466829,0.885724091538766
mlp256-ord0.5-s2/max,4,3,test,0.7925762985198062,0.8592456045318306,0.8259109515258184
mlp256-ord0.5-s2/max,4,4,train,0.9561263274660035,0.9495426041722003,0.9528344658191019
mlp256-ord0.5-s2/max,4,4,val,0.8545806425748721,0.7952155272822536,0.8248980849285629
mlp256-ord0.5-s2/max,4,4,test,0.7881330768080885,0.9238259288440538,0.8559795028260712
linear-ord2-s2/mean,0,0,train,0.9116740819567618,0.9512809874388929,0.9314775346978273
linear-ord2-s2/mean,0,0,val,0.8989897546632692,0.842462941942869,0.8707263483030692
linear-ord2-s2/mean,0,0,test,0.8271040351976628,0.7636799498632836,0.7953919925304732
linear-ord2-s2/mean,0,1,train,0.8906877710316766,0.9048399728559462,0.8977638719438115
linear-ord2-s2/mean,0,1,val,0.8467686368008203,0.8728506012505858,0.859809619025703
linear-ord2-s2/mean,0,1,test,0.9091942345415511,0.8512305800734304,0.8802124073074908
linear-ord2-s2/mean,0,2,train,0.9214178599504388,0.9185835370911078,0.9200006985207734
linear-ord2-s2/mean,0,2,val,0.8658506656051598,0.8360376510484396,0.8509441583267997
linear-ord2-s2/mean,0,2,test,0.8444430623462006,0.8367363656315717,0.8405897139888862
linear-ord2-s2/mean,0,3,train,0.9385109200172543,0.9194677278480503,0.9289893239326523
linear-ord2-s2/mean,0,3,val,0.856797149568401,0.9105827678571642,0.8836899587127827
linear-ord2-s2/mean,0,3,test,0.8629191152452151,0.8344139145500247,0.8486665148976199
linear-ord2-s2/mean,0,4,train,0.8995373188417156,0.8911629618455207,0.8953501403436182
linear-ord2-s2/mean,0,4,val,0.8676617146573571,0.7831801645949031,0.8254209396261301
linear-ord2-s2/mean,0,4,test,0.8359539566128091,0.8918020828275406,0.8638780197201749
linear-ord2-s2/mean,1,0,train,0.8986943617979694,0.9424754148764067,0.9205848883371881
linear-ord2-s2/mean,1,0,val,0.882126866475889,0.8536502894541761,0.8678885779650325
linear-ord2-s2/mean,1,0,test,0.8312006395928786,0.790692001756836,0.8109463206748573
linear-ord2-s2/mean,1,1,train,0.8910859031034887,0.9048420307221178,0.8979639669128032
linear-ord2-s2/mean,1,1,val,0.8390817220201118,0.8791218730082528,0.8591017975141824
linear-ord2-s2/mean,1,1,test,0.9039936373840008,0.8287622279108346,0.8663779326474177
linear-ord2-s2/mean,1,2,train,0.9196276066361733,0.9178759984848895,0.9187518025605315
linear-ord2-s2/mean,1,2,val,0.85510051093064,0.8439817595523361,0.8495411352414881
linear-ord2-s2/mean,1,2,test,0.8406806936488284,0.8422022315515721,0.8414414626002003
linear-ord2-s2/mean,1,3,train,0.9274545083396447,0.9104130664905354,0.91893378741509
linear-ord2-s2/mean,1,3,val,0.8469390870810317,0.9223199960893038,0.8846295415851677
linear-ord2-s2/mean,1,3,test,0.8419242474991865,0.8543364284401631,0.8481303379696747
linear-ord2-s2/mean,1,4,train,0.9018555784933602,0.9117319802475821,0.9067937793704711
linear-ord2-s2/mean,1,4,val,0.8549600032104193,0.7859679223357673,0.8204639627730933
linear-ord2-s2/mean,1,4,test,0.8532460967196632,0.9073704558979421,0.8803082763088026
linear-ord2-s2/mean,2,0,train,0.9114475797542029,0.9361307483670394,0.9237891640606211
linear-ord2-s2/mean,2,0,val,0.8863530408887016,0.8673045805281223,0.8768288107084119
linear-ord2-s2/mean,2,0,test,0.8290239039556324,0.7794231806582234,0.8042235423069279
linear-ord2-s2/mean,2,1,train,0.8802327372307064,0.8980323935453932,0.8891325653880497
linear-ord2-s2/mean,2,1,val,0.8654463373346888,0.8670403062410614,0.8662433217878751
linear-ord2-s2/mean,2,1,test,0.9026544082091221,0.8291665952950869,0.8659105017521045
linear-ord2-s2/mean,2,2,train,0.9164897952972089,0.9252730095563221,0.9208814024267655
linear-ord2-s2/mean,2,2,val,0.8518720302914257,0.8436968826710641,0.8477844564812449
linear-ord2-s2/mean,2,2,test,0.8366068585555139,0.8470366251906434,0.8418217418730787
linear-ord2-s2/mean,2,3,train,0.903753471581056,0.8653593168433673,0.8845563942122117
linear-ord2-s2/mean,2,3,val,0.8520819594572472,0.9088309142480906,0.8804564368526688
linear-ord2-s2/mean,2,3,test,0.8542784070096784,0.8578554051767003,0.8560669060931894
linear-ord2-s2/mean,2,4,train,0.8917341241007055,0.8994641086343783,0.8955991163675419
linear-ord2-s2/mean,2,4,val,0.8600595416074587,0.7835988929615662,0.8218292172845124
linear-ord2-s2/mean,2,4,test,0.8465424483162975,0.8920111130515646,0.869276780683931
linear-ord2-s2/mean,3,0,train,0.9006117578543605,0.9343617725219608,0.9174867651881606
linear-ord2-s2/mean,3,0,val,0.9036068363972306,0.8488173619104042,0.8762120991538174
linear-ord2-s2/mean,3,0,test,0.8320855429752165,0.7917095207975934,0.811897531886405
linear-ord2-s2/mean,3,1,train,0.8878837475997452,0.9022133160270679,0.8950485318134065
linear-ord2-s2/mean,3,1,val,0.8621394494508433,0.8599294132146266,0.8610344313327349
linear-ord2-s2/mean,3,1,test,0.9115929841108599,0.8271885473178782,0.869390765714369
linear-ord2-s2/mean,3,2,train,0.9004862616155317,0.8802734222321826,0.8903798419238571
linear-ord2-s2/mean,3,2,val,0.8607094254527566,0.8374719226403854,0.849090674046571
linear-ord2-s2/mean,3,2,test,0.837201638881526,0.8285222886724987,0.8328619637770123
linear-ord2-s2/mean,3,3,train,0.9324368048577996,0.9123763793386478,0.9224065920982236
linear-ord2-s2/mean,3,3,val,0.8421929922065824,0.915975400030778,0.8790841961186802
linear-ord2-s2/mean,3,3,test,0.8558612192166126,0.8580528125094262,0.8569570158630194
linear-ord2-s2/mean,3,4,train,0.8903754654705722,0.8913242653174962,0.8908498653940342
linear-ord2-s2/mean,3,4,val,0.8512355986280267,0.7835673008375612,0.8174014497327939
linear-ord2-s2/mean,3,4,test,0.8485490975240451,0.9002777120676105,0.8744134047958279
linear-ord2-s2/mean,4,0,train,0.903885073881634,0.9464457969601726,0.9251654354209033
linear-ord2-s2/mean,4,0,val,0.8896648063614763,0.8616565773731282,0.8756606918673022
linear-ord2-s2/mean,4,0,test,0.8367203929309505,0.7877354290186028,0.8122279109747766
linear-ord2-s2/mean,4,1,train,0.9042382170140927,0.9159594521282777,0.9100988345711851
linear-ord2-s2/mean,4,1,val,0.840041984308162,0.8748437926294544,0.8574428884688082
linear-ord2-s2/mean,4,1,test,0.9118230455457483,0.8229055143304265,0.8673642799380874
linear-ord2-s2/mean,4,2,train,0.9104843739117786,0.906583700002055,0.9085340369569168
linear-ord2-s2/mean,4,2,val,0.8552927903918538,0.851768297081408,0.853530543736631
linear-ord2-s2/mean,4,2,test,0.8380512267639172,0.8546161716119896,0.8463336991879533
linear-ord2-s2/mean,4,3,train,0.9211069429332175,0.8803384172885399,0.9007226801108787
linear-ord2-s2/mean,4,3,val,0.845893974325413,0.9092430793083736,0.8775685268168933
linear-ord2-s2/mean,4,3,test,0.8556570289499423,0.8508769821726083,0.8532670055612753
linear-ord2-s2/mean,4,4,train,0.9044732206200008,0.8868026203237586,0.8956379204718796
linear-ord2-s2/mean,4,4,val,0.854768316659047,0.7781138827096192,0.8164410996843331
linear-ord2-s2/mean,4,4,test,0.8547447255175357,0.8978821419978903,0.876313433757713
mlp256-ord0.5-s2/mean,0,0,train,0.9367415644154428,0.9718700575865024,0.9543058110009726
mlp256-ord0.5-s2/mean,0,0,val,0.8862043749216584,0.8151333710572907,0.8506688729894745
mlp256-ord0.5-s2/mean,0,0,test,0.8560725152221527,0.7642609423522304,0.8101667287871915
mlp256-ord0.5-s2/mean,0,1,train,0.8755251356598637,0.9040322236140235,0.8897786796369436
mlp256-ord0.5-s2/mean,0,1,val,0.8590902145757721,0.8667127129087808,0.8629014637422765
mlp256-ord0.5-s2/mean,0,1,test,0.88964358561607,0.7843716609519795,0.8370076232840248
mlp256-ord0.5-s2/mean,0,2,train,0.8980692403921499,0.9099721216243533,0.9040206810082516
mlp256-ord0.5-s2/mean,0,2,val,0.8477819799920142,0.8392009132273954,0.8434914466097048
mlp256-ord0.5-s2/mean,0,2,test,0.8545347229922721,0.8570338533849308,0.8557842881886014
mlp256-ord0.5-s2/mean,0,3,train,0.9120769698238088,0.8483859178353179,0.8802314438295633
mlp256-ord0.5-s2/mean,0,3,val,0.8549167540518313,0.9061069887966391,0.8805118714242353
mlp256-ord0.5-s2/mean,0,3,test,0.8494831961612438,0.8214229009166981,0.835453048538971
mlp256-ord0.5-s2/mean,0,4,train,0.9342274369790744,0.9447146585348603,0.9394710477569673
mlp256-ord0.5-s2/mean,0,4,val,0.8778821755207591,0.7627342451786815,0.8203082103497203
mlp256-ord0.5-s2/mean,0,4,test,0.8351540087360126,0.9246643319210337,0.8799091703285231
mlp256-ord0.5-s2/mean,1,0,train,0.9050151533837683,0.9451155242113637,0.925065338797566
mlp256-ord0.5-s2/mean,1,0,val,0.8763356775092727,0.8673414784226995,0.8718385779659861
mlp256-ord0.5-s2/mean,1,0,test,0.8540047733245633,0.7713037070475598,0.8126542401860615
mlp256-ord0.5-s2/mean,1,1,train,0.9351036957204197,0.9587614784040297,0.9469325870622247
mlp256-ord0.5-s2/mean,1,1,val,0.8483780218991135,0.8607548227295514,0.8545664223143324
mlp256-ord0.5-s2/mean,1,1,test,0.9151316893866646,0.8477310462806509,0.8814313678336577
mlp256-ord0.5-s2/mean,1,2,train,0.9357414491662424,0.9461503411423323,0.9409458951542873
mlp256-ord0.5-s2/mean,1,2,val,0.8410477155680642,0.8553168998515731,0.8481823077098187
mlp256-ord0.5-s2/mean,1,2,test,0.8353061976198348,0.8756988192202425,0.8555025084200387
mlp256-ord0.5-s2/mean,1,3,train,0.9397154335751969,0.9167991491268591,0.9282572913510281
mlp256-ord0.5-s2/mean,1,3,val,0.8297940233086384,0.9219010652515882,0.8758475442801132
mlp256-ord0.5-s2/mean,1,3,test,0.8480210346124969,0.8458269323069495,0.8469239834597232
mlp256-ord0.5-s2/mean,1,4,train,0.9377917254500221,0.9351556170122168,0.9364736712311195
mlp256-ord0.5-s2/mean,1,4,val,0.8888757823618905,0.769739626434149,0.8293077043980197
mlp256-ord0.5-s2/mean,1,4,test,0.829622402920317,0.9112292778712803,0.8704258403957986
mlp256-ord0.5-s2/mean,2,0,train,0.9123389106399123,0.9510261600273843,0.9316825353336483
mlp256-ord0.5-s2/mean,2,0,val,0.9002721396633062,0.833907977105925,0.8670900583846156
mlp256-ord0.5-s2/mean,2,0,test,0.870579720865923,0.7954589016975466,0.8330193112817348
mlp256-ord0.5-s2/mean,2,1,train,0.8830992376511377,0.9060111291725159,0.8945551834118268
mlp256-ord0.5-s2/mean,2,1,val,0.8563650965286714,0.877662442290709,0.8670137694096902
mlp256-ord0.5-s2/mean,2,1,test,0.9106131977351393,0.8294486906010309,0.8700309441680851
mlp256-ord0.5-s2/mean,2,2,train,0.9324121492394425,0.9470888381857369,0.9397504937125897
mlp256-ord0.5-s2/mean,2,2,val,0.8392047133071645,0.8264649864154471,0.8328348498613058
mlp256-ord0.5-s2/mean,2,2,test,0.8342574141466427,0.8562072038985729,0.8452323090226077
mlp256-ord0.5-s2/mean,2,3,train,0.9387080880994761,0.9230552685535265,0.9308816783265013
mlp256-ord0.5-s2/mean,2,3,val,0.8402747189033932,0.9197107475199666,0.8799927332116799
mlp256-ord0.5-s2/mean,2,3,test,0.8358219919296305,0.8348946560385335,0.835358323984082
mlp256-ord0.5-s2/mean,2,4,train,0.9552841104399148,0.9342356194709209,0.9447598649554179
mlp256-ord0.5-s2/mean,2,4,val,0.8987359920354586,0.7830097042958949,0.8408728481656768
mlp256-ord0.5-s2/mean,2,4,test,0.8282900872785606,0.8966977043721982,0.8624938958253794
mlp256-ord0.5-s2/mean,3,0,train,0.9235819456747596,0.9660166677101127,0.9447993066924362
mlp256-ord0.5-s2/mean,3,0,val,0.8933388211256315,0.8346985484414827,0.8640186847835571
mlp256-ord0.5-s2/mean,3,0,test,0.8721485549935708,0.7678771056156324,0.8200128303046016
mlp256-ord0.5-s2/mean,3,1,train,0.88623956156061,0.9096038116012785,0.8979216865809443
mlp256-ord0.5-s2/mean,3,1,val,0.8755849467276527,0.8929621164773568,0.8842735316025048
mlp256-ord0.5-s2/mean,3,1,test,0.9020680517254653,0.8454586255375384,0.8737633386315018
mlp256-ord0.5-s2/mean,3,2,train,0.9201612076648056,0.9342841671123806,0.9272226873885931
mlp256-ord0.5-s2/mean,3,2,val,0.8412366206762896,0.8546537368623941,0.8479451787693418
mlp256-ord0.5-s2/mean,3,2,test,0.8261674235138007,0.8485997779445634,0.837383600729182
mlp256-ord0.5-s2/mean,3,3,train,0.9360250062831769,0.9240672545885313,0.930046130435854
mlp256-ord0.5-s2/mean,3,3,val,0.8415299693845214,0.9024162926602131,0.8719731310223673
mlp256-ord0.5-s2/mean,3,3,test,0.8547382089503549,0.8246943351105893,0.839716272030472
mlp256-ord0.5-s2/mean,3,4,train,0.9261411074815797,0.9283043885766984,0.9272227480291391
mlp256-ord0.5-s2/mean,3,4,val,0.8874871322554484,0.787566103988276,0.8375266181218621
mlp256-ord0.5-s2/mean,3,4,test,0.8229396340759771,0.9193514979169226,0.8711455659964499
mlp256-ord0.5-s2/mean,4,0,train,0.9413519705244433,0.9749002817015345,0.958126126112989
mlp256-ord0.5-s2/mean,4,0,val,0.8829917478319139,0.8492739990257877,0.8661328734288508
mlp256-ord0.5-s2/mean,4,0,test,0.8575162879079764,0.7340943325896283,0.7958053102488023
mlp256-ord0.5-s2/mean,4,1,train,0.9292024905801968,0.9519263642961882,0.9405644274381925
mlp256-ord0.5-s2/mean,4,1,val,0.8534286656054708,0.8647366694944937,0.8590826675499823
mlp256-ord0.5-s2/mean,4,1,test,0.9089176412816239,0.7976916921927855,0.8533046667372046
mlp256-ord0.5-s2/mean,4,2,train,0.9113143591133467,0.9236862029915227,0.9175002810524346
mlp256-ord0.5-s2/mean,4,2,val,0.8305582475216906,0.8317442592091805,0.8311512533654355
mlp256-ord0.5-s2/mean,4,2,test,0.8621023020877957,0.8577285719025982,0.8599154369951969
mlp256-ord0.5-s2/mean,4,3,train,0.9245759162848654,0.8938775929728424,0.9092267546288539
mlp256-ord0.5-s2/mean,4,3,val,0.8388570346164589,0.918460859247774,0.8786589469321164
mlp256-ord0.5-s2/mean,4,3,test,0.8343652202746623,0.804666136297579,0.8195156782861206
mlp256-ord0.5-s2/mean,4,4,train,0.9751513281975435,0.9723725756462615,0.9737619519219025
mlp256-ord0.5-s2/mean,4,4,val,0.8876123464905602,0.7771299341436889,0.8323711403171246
mlp256-ord0.5-s2/mean,4,4,test,0.8239024666402642,0.914778954179793,0.8693407104100286
linear-ord0.5-s2/max,0,0,train,0.8447371728427218,0.9246530676760519,0.8846951202593869
linear-ord0.5-s2/max,0,0,val,0.8872723966341782,0.850615260347516,0.8689438284908471
linear-ord0.5-s2/max,0,0,test,0.8078101657734279,0.7722780140988397,0.7900440899361338
linear-ord0.5-s2/max,0,1,train,0.8438374029904033,0.8998511126088655,0.8718442577996344
linear-ord0.5-s2/max,0,1,val,0.8440951037544985,0.92557475062688,0.8848349271906892
linear-ord0.5-s2/max,0,1,test,0.8936964493769511,0.8403408579360763,0.8670186536565136
linear-ord0.5-s2/max,0,2,train,0.8673820692826041,0.9005697359952157,0.8839759026389099
linear-ord0.5-s2/max,0,2,val,0.8346153116821444,0.8622077175335933,0.8484115146078688
linear-ord0.5-s2/max,0,2,test,0.8324437714030082,0.9067484846798568,0.8695961280414325
linear-ord0.5-s2/max,0,3,train,0.8823857861176037,0.8819824190392305,0.8821841025784171
linear-ord0.5-s2/max,0,3,val,0.7888938578850409,0.9264394974599047,0.8576666776724728
linear-ord0.5-s2/max,0,3,test,0.8365630858142651,0.8591645286541995,0.8478638072342323
linear-ord0.5-s2/max,0,4,train,0.8801452491735106,0.9136047173863004,0.8968749832799054
linear-ord0.5-s2/max,0,4,val,0.8311609241661407,0.7712968407155748,0.8012288824408578
linear-ord0.5-s2/max,0,4,test,0.7750091008515212,0.9287385414298939,0.8518738211407075
linear-ord0.5-s2/max,1,0,train,0.8485550502748365,0.929678342584145,0.8891166964294908
linear-ord0.5-s2/max,1,0,val,0.895635265978901,0.8440890832848874,0.8698621746318942
linear-ord0.5-s2/max,1,0,test,0.8204963015300327,0.7816912890134544,0.8010937952717436
linear-ord0.5-s2/max,1,1,train,0.8553219095400577,0.9028472500094924,0.879084579774775
linear-ord0.5-s2/max,1,1,val,0.8464578482782095,0.9338249444835091,0.8901413963808593
linear-ord0.5-s2/max,1,1,test,0.8931562613830969,0.8492171405121223,0.8711867009476095
linear-ord0.5-s2/max,1,2,train,0.8510519213801228,0.8630731542166512,0.8570625377983869
linear-ord0.5-s2/max,1,2,val,0.8301100256765825,0.8488111319235961,0.8394605788000893
linear-ord0.5-s2/max,1,2,test,0.8306003070010023,0.8973380893211674,0.8639691981610849
linear-ord0.5-s2/max,1,3,train,0.8767138881318174,0.871583887339932,0.8741488877358747
linear-ord0.5-s2/max,1,3,val,0.786396916197328,0.9243311332939234,0.8553640247456257
linear-ord0.5-s2/max,1,3,test,0.8373941736173584,0.8539000226707156,0.8456470981440369
linear-ord0.5-s2/max,1,4,train,0.8746387632396821,0.881666264608677,0.8781525139241796
linear-ord0.5-s2/max,1,4,val,0.8152746615700426,0.7530724658704913,0.7841735637202669
linear-ord0.5-s2/max,1,4,test,0.7852489605526588,0.9222994581455681,0.8537742093491134
linear-ord0.5-s2/max,2,0,train,0.8549994914121992,0.9278416757342296,0.8914205835732144
linear-ord0.5-s2/max,2,0,val,0.8856550537628028,0.8657108133404581,0.8756829335516305
linear-ord0.5-s2/max,2,0,test,0.8097757525004701,0.7633754466369502,0.7865755995687101
linear-ord0.5-s2/max,2,1,train,0.8626020920771248,0.9075829697602237,0.8850925309186742
linear-ord0.5-s2/max,2,1,val,0.8472874372720036,0.9253666964774884,0.886327066874746
linear-ord0.5-s2/max,2,1,test,0.8941341821452082,0.859758103487101,0.8769461428161547
linear-ord0.5-s2/max,2,2,train,0.8346259342916738,0.8564681000079206,0.8455470171497972
linear-ord0.5-s2/max,2,2,val,0.8303713699927938,0.8489444893144632,0.8396579296536285
linear-ord0.5-s2/max,2,2,test,0.8329449066891951,0.876859620796233,0.854902263742714
linear-ord0.5-s2/max,2,3,train,0.8693922729081591,0.8502382570849106,0.8598152649965349
linear-ord0.5-s2/max,2,3,val,0.7810423136327079,0.9243822084756881,0.852712261054198
linear-ord0.5-s2/max,2,3,test,0.8349836728629011,0.848478837872972,0.8417312553679366
linear-ord0.5-s2/max,2,4,train,0.895853043219083,0.9149215772485352,0.905387310233809
linear-ord0.5-s2/max,2,4,val,0.834679513096971,0.7805419469987005,0.8076107300478357
linear-ord0.5-s2/max,2,4,test,0.7985609237622034,0.9239768710431059,0.8612688974026547
linear-ord0.5-s2/max,3,0,train,0.8369535104173887,0.9139652524759039,0.8754593814466463
linear-ord0.5-s2/max,3,0,val,0.8714413895737717,0.8528771471808213,0.8621592683772965
linear-ord0.5-s2/max,3,0,test,0.804034529746112,0.7537314756407497,0.7788830026934308
linear-ord0.5-s2/max,3,1,train,0.8573828887928052,0.9016545520854425,0.8795187204391239
linear-ord0.5-s2/max,3,1,val,0.8487410611193384,0.9244536162113154,0.886597338665327
linear-ord0.5-s2/max,3,1,test,0.8985000331364683,0.8495992280273218,0.874049630581895
linear-ord0.5-s2/max,3,2,train,0.8581100201530731,0.896001857938263,0.877055939045668
linear-ord0.5-s2/max,3,2,val,0.8361838749168382,0.8557590403782457,0.8459714576475419
linear-ord0.5-s2/max,3,2,test,0.8320364571455025,0.8982956456531581,0.8651660513993302
linear-ord0.5-s2/max,3,3,train,0.8696923923559331,0.8443631814594328,0.857027786907683
linear-ord0.5-s2/max,3,3,val,0.7893658456136396,0.9285465908929588,0.8589562182532993
linear-ord0.5-s2/max,3,3,test,0.8250488735264099,0.8443631375441623,0.8347060055352861
linear-ord0.5-s2/max,3,4,train,0.9202003206861503,0.9361779871600102,0.9281891539230802
linear-ord0.5-s2/max,3,4,val,0.844803596530934,0.7906138167317665,0.8177087066313502
linear-ord0.5-s2/max,3,4,test,0.7572081114464859,0.918569889543089,0.8378890004947874
linear-ord0.5-s2/max,4,0,train,0.8646029299272682,0.9329521455290339,0.898777537728151
linear-ord0.5-s2/max,4,0,val,0.8895217381791838,0.8649100745635019,0.8772159063713428
linear-ord0.5-s2/max,4,0,test,0.8037773185717639,0.7793701730506836,0.7915737458112238
linear-ord0.5-s2/max,4,1,train,0.8640886620472094,0.9045876534691153,0.8843381577581624
linear-ord0.5-s2/max,4,1,val,0.8469971596574238,0.9258773939164012,0.8864372767869125
linear-ord0.5-s2/max,4,1,test,0.8902053719664994,0.8478289167807315,0.8690171443736154
linear-ord0.5-s2/max,4,2,train,0.8266883496648036,0.8621192970214459,0.8444038233431248
linear-ord0.5-s2/max,4,2,val,0.825457135868697,0.8520912773877555,0.8387742066282262
linear-ord0.5-s2/max,4,2,test,0.8376668396298275,0.8829675524245031,0.8603171960271653
linear-ord0.5-s2/max,4,3,train,0.868859032660282,0.8283445320711554,0.8486017823657187
linear-ord0.5-s2/max,4,3,val,0.7875932230814642,0.9236959147440809,0.8556445689127725
linear-ord0.5-s2/max,4,3,test,0.8238659100565059,0.8367251091021721,0.830295509579339
linear-ord0.5-s2/max,4,4,train,0.8941524926744105,0.9123867284695021,0.9032696105719563
linear-ord0.5-s2/max,4,4,val,0.8275452635934386,0.7702916052534755,0.798918434423457
linear-ord0.5-s2/max,4,4,test,0.7904282438098226,0.918703805429078,0.8545660246194503
mlp256-bin-s2/attention,0,0,train,0.9957069355081638,0.999397992106306,0.9975524638072348
mlp256-bin-s2/attention,0,0,val,0.9209501612180148,0.8201105808521212,0.870530371035068
mlp256-bin-s2/attention,0,0,test,0.856559547363406,0.7712467685623237,0.8139031579628648
mlp256-bin-s2/attention,0,1,train,0.9530865627397773,0.9810928344968333,0.9670896986183053
mlp256-bin-s2/attention,0,1,val,0.8505596316600653,0.8995264176066394,0.8750430246333524
mlp256-bin-s2/attention,0,1,test,0.9078572547644711,0.8592440661118737,0.8835506604381724
mlp256-bin-s2/attention,0,2,train,0.9327798521951327,0.9519396284222599,0.9423597403086963
mlp256-bin-s2/attention,0,2,val,0.8195179586779353,0.8364001113038865,0.827959034990911
mlp256-bin-s2/attention,0,2,test,0.8522084890335283,0.8666696254270941,0.8594390572303112
mlp256-bin-s2/attention,0,3,train,0.9305896298827019,0.8762927948874825,0.9034412123850921
mlp256-bin-s2/attention,0,3,val,0.8035998164174261,0.9380237506462649,0.8708117835318454
mlp256-bin-s2/attention,0,3,test,0.8192211505051198,0.8695125211131741,0.844366835809147
mlp256-bin-s2/attention,0,4,train,0.9866665689398026,0.9921337094160999,0.9894001391779512
mlp256-bin-s2/attention,0,4,val,0.8690663932363528,0.772917075437974,0.8209917343371634
mlp256-bin-s2/attention,0,4,test,0.8031633647211726,0.9317671360746504,0.8674652503979114
mlp256-bin-s2/attention,1,0,train,0.9682725548651646,0.989054030388745,0.9786632926269547
mlp256-bin-s2/attention,1,0,val,0.9089163224945578,0.870461411551709,0.8896888670231333
mlp256-bin-s2/attention,1,0,test,0.8508137271099208,0.7258433487539383,0.7883285379319296
mlp256-bin-s2/attention,1,1,train,0.9833928343531365,0.993357021079463,0.9883749277162998
mlp256-bin-s2/attention,1,1,val,0.865698567021756,0.8956027936114918,0.8806506803166239
mlp256-bin-s2/attention,1,1,test,0.9228803138540559,0.830391876897402,0.876636095375729
mlp256-bin-s2/attention,1,2,train,0.9740939786752152,0.9741245234284039,0.9741092510518096
mlp256-bin-s2/attention,1,2,val,0.8094358652483274,0.88982607350065,0.8496309693744888
mlp256-bin-s2/attention,1,2,test,0.8341658488241241,0.8981581578243498,0.866162003324237
mlp256-bin-s2/attention,1,3,train,0.9939392034773195,0.9914629127128877,0.9927010580951036
mlp256-bin-s2/attention,1,3,val,0.7557989670058034,0.9137403713420473,0.8347696691739254
mlp256-bin-s2/attention,1,3,test,0.8181084262682672,0.8820017981629312,0.8500551122155993
mlp256-bin-s2/attention,1,4,train,0.9841877644885585,0.9971709165131457,0.990679340500852
mlp256-bin-s2/attention,1,4,val,0.882263899371014,0.7644382231805434,0.8233510612757787
mlp256-bin-s2/attention,1,4,test,0.7658908295396005,0.929613191343652,0.8477520104416263
mlp256-bin-s2/attention,2,0,train,0.9447898084812067,0.971836215080487,0.9583130117808469
mlp256-bin-s2/attention,2,0,val,0.9232305011031111,0.8488907047836391,0.8860606029433751
mlp256-bin-s2/attention,2,0,test,0.8819230151002183,0.7247672475864988,0.8033451313433586
mlp256-bin-s2/attention,2,1,train,0.9515114815619565,0.9773748968679291,0.9644431892149428
mlp256-bin-s2/attention,2,1,val,0.8489495611299556,0.9044989778952522,0.8767242695126038
mlp256-bin-s2/attention,2,1,test,0.926710892239309,0.8464105057481007,0.8865606989937049
mlp256-bin-s2/attention,2,2,train,0.9493889469350546,0.943895665462131,0.9466423061985928
mlp256-bin-s2/attention,2,2,val,0.8154884751742637,0.8343691513113694,0.8249288132428165
mlp256-bin-s2/attention,2,2,test,0.852869744141492,0.8619966235602293,0.8574331838508606
mlp256-bin-s2/attention,2,3,train,0.994324808208966,0.9974759046672745,0.9959003564381202
mlp256-bin-s2/attention,2,3,val,0.7764633629400846,0.9249832804691088,0.8507233217045966
mlp256-bin-s2/attention,2,3,test,0.8436494147169766,0.8973637650791997,0.8705065898980882
mlp256-bin-s2/attention,2,4,train,0.9809989729164319,0.9868204647360213,0.9839097188262266
mlp256-bin-s2/attention,2,4,val,0.8864658052044978,0.8042796999639904,0.845372752584244
mlp256-bin-s2/attention,2,4,test,0.7811981771932892,0.9260433054875243,0.8536207413404068
mlp256-bin-s2/attention,3,0,train,0.9113171411295679,0.9629371272803852,0.9371271342049765
mlp256-bin-s2/attention,3,0,val,0.9027893955855038,0.827261948311088,0.8650256719482958
mlp256-bin-s2/attention,3,0,test,0.8656430590962024,0.757518383939057,0.8115807215176297
mlp256-bin-s2/attention,3,1,train,0.8910131155043286,0.9143619939928725,0.9026875547486006
mlp256-bin-s2/attention,3,1,val,0.8600531053880373,0.9230914528604879,0.8915722791242626
mlp256-bin-s2/attention,3,1,test,0.9233954488964957,0.8220026513494333,0.8726990501229646
mlp256-bin-s2/attention,3,2,train,0.9485376364290528,0.9506303760660749,0.9495840062475638
mlp256-bin-s2/attention,3,2,val,0.8396964856066441,0.8875307586252431,0.8636136221159436
mlp256-bin-s2/attention,3,2,test,0.850843872168068,0.8824233059728808,0.8666335890704744
mlp256-bin-s2/attention,3,3,train,0.9876634639229687,0.994633522582908,0.9911484932529384
mlp256-bin-s2/attention,3,3,val,0.8291039082075067,0.9195780166478084,0.8743409624276575
mlp256-bin-s2/attention,3,3,test,0.8165486396827275,0.8889099394688091,0.8527292895757683
mlp256-bin-s2/attention,3,4,train,0.9823348654651978,0.9954875000950121,0.9889111827801049
mlp256-bin-s2/attention,3,4,val,0.8659629164919711,0.7771713319051395,0.8215671241985554
mlp256-bin-s2/attention,3,4,test,0.7446084781159317,0.9134994281272225,0.829053953121577
mlp256-bin-s2/attention,4,0,train,0.9325641719312682,0.9791036903797249,0.9558339311554965
mlp256-bin-s2/attention,4,0,val,0.9066553933912997,0.8453232597366772,0.8759893265639884
mlp256-bin-s2/attention,4,0,test,0.8730704983253399,0.7811107822897112,0.8270906403075255
mlp256-bin-s2/attention,4,1,train,0.9638344419114153,0.9882188815876117,0.9760266617495135
mlp256-bin-s2/attention,4,1,val,0.8639056650069415,0.8899605224926146,0.8769330937497781
mlp256-bin-s2/attention,4,1,test,0.9352809504823106,0.8399688226681324,0.8876248865752215
mlp256-bin-s2/attention,4,2,train,0.9402945914262264,0.9464063035690977,0.9433504474976621
mlp256-bin-s2/attention,4,2,val,0.8258707820454324,0.8482852024510197,0.8370779922482261
mlp256-bin-s2/attention,4,2,test,0.8537738375375679,0.8945216825404239,0.8741477600389959
mlp256-bin-s2/attention,4,3,train,0.9398194961141036,0.9266846557324611,0.9332520759232823
mlp256-bin-s2/attention,4,3,val,0.7998125585030865,0.9441149724915009,0.8719637654972937
mlp256-bin-s2/attention,4,3,test,0.8383295665147615,0.877100503819198,0.8577150351669798
mlp256-bin-s2/attention,4,4,train,0.9692917297994028,0.9736975012516997,0.9714946155255513
mlp256-bin-s2/attention,4,4,val,0.8730510650864185,0.7482064378854477,0.8106287514859332
mlp256-bin-s2/attention,4,4,test,0.7770196826527879,0.9023475459336162,0.839683614293202
linear-ord2-s2/max,0,0,train,0.8656143459332515,0.9428515530183074,0.9042329494757795
linear-ord2-s2/max,0,0,val,0.891254316321977,0.8659601239830087,0.8786072201524928
linear-ord2-s2/max,0,0,test,0.797712688876119,0.806877325650677,0.8022950072633981
linear-ord2-s2/max,0,1,train,0.8355921099625857,0.8918824605074177,0.8637372852350017
linear-ord2-s2/max,0,1,val,0.8406945665422766,0.9177971310998333,0.8792458488210549
linear-ord2-s2/max,0,1,test,0.8816134851468939,0.8464728444191794,0.8640431647830367
linear-ord2-s2/max,0,2,train,0.8623334388652181,0.8983635097148748,0.8803484742900465
linear-ord2-s2/max,0,2,val,0.8365370160539843,0.8553958360607062,0.8459664260573453
linear-ord2-s2/max,0,2,test,0.8219473080759938,0.9064715577355622,0.864209432905778
linear-ord2-s2/max,0,3,train,0.8898880706569775,0.904795386513161,0.8973417285850693
linear-ord2-s2/max,0,3,val,0.7904493216637656,0.9342186065974504,0.862333964130608
linear-ord2-s2/max,0,3,test,0.8400117042813754,0.8491561417834631,0.8445839230324192
linear-ord2-s2/max,0,4,train,0.8798274520259903,0.916421268174691,0.8981243601003407
linear-ord2-s2/max,0,4,val,0.8210599191045238,0.7899310290993296,0.8054954741019267
linear-ord2-s2/max,0,4,test,0.764850677364391,0.9245459933618405,0.8446983353631158
linear-ord2-s2/max,1,0,train,0.847539080378076,0.9279161119025354,0.8877275961403057
linear-ord2-s2/max,1,0,val,0.8774051607826546,0.8469992649783934,0.862202212880524
linear-ord2-s2/max,1,0,test,0.7956669363084414,0.7877154765712974,0.7916912064398693
linear-ord2-s2/max,1,1,train,0.8453375814320567,0.8998839019492922,0.8726107416906745
linear-ord2-s2/max,1,1,val,0.8468235672117091,0.9284625355863572,0.8876430513990332
linear-ord2-s2/max,1,1,test,0.8896282382768378,0.8578100288913988,0.8737191335841183
linear-ord2-s2/max,1,2,train,0.8860474950323393,0.912297234086411,0.8991723645593751
linear-ord2-s2/max,1,2,val,0.8428680020688888,0.853241895191716,0.8480549486303024
linear-ord2-s2/max,1,2,test,0.8230178109227798,0.8986934757282191,0.8608556433254995
linear-ord2-s2/max,1,3,train,0.8602063385127144,0.8580994780630243,0.8591529082878694
linear-ord2-s2/max,1,3,val,0.7897063959387509,0.9224171329489852,0.8560617644438681
linear-ord2-s2/max,1,3,test,0.8245370026447714,0.8403492627837857,0.8324431327142785
linear-ord2-s2/max,1,4,train,0.8719187735756456,0.8841836551584735,0.8780512143670596
linear-ord2-s2/max,1,4,val,0.8058759018702328,0.7766808883940819,0.7912783951321574
linear-ord2-s2/max,1,4,test,0.7816734789838968,0.9136419045296976,0.8476576917567973
linear-ord2-s2/max,2,0,train,0.8461214894608232,0.9248044211920777,0.8854629553264505
linear-ord2-s2/max,2,0,val,0.878847580499672,0.8621192684806315,0.8704834244901518
linear-ord2-s2/max,2,0,test,0.7909676171697533,0.7903663013016334,0.7906669592356934
linear-ord2-s2/max,2,1,train,0.8307750623386706,0.8803178018374167,0.8555464320880437
linear-ord2-s2/max,2,1,val,0.8406386592794782,0.9259371129122053,0.8832878860958417
linear-ord2-s2/max,2,1,test,0.8737610108589318,0.8334556396816257,0.8536083252702787
linear-ord2-s2/max,2,2,train,0.8469246226569106,0.896564235693371,0.8717444291751408
linear-ord2-s2/max,2,2,val,0.8351067853617536,0.8530457502387044,0.844076267800229
linear-ord2-s2/max,2,2,test,0.8232467420487651,0.898177969073734,0.8607123555612496
linear-ord2-s2/max,2,3,train,0.855467319498653,0.8369581091517688,0.846212714325211
linear-ord2-s2/max,2,3,val,0.7749871560332973,0.9296866333356807,0.8523368946844889
linear-ord2-s2/max,2,3,test,0.8312877834215014,0.8236035908057174,0.8274456871136094
linear-ord2-s2/max,2,4,train,0.8879846913828124,0.9111601942213439,0.8995724428020782
linear-ord2-s2/max,2,4,val,0.8186942117797729,0.7909087831648897,0.8048014974723312
linear-ord2-s2/max,2,4,test,0.7824692335775724,0.9191608415356651,0.8508150375566188
linear-ord2-s2/max,3,0,train,0.8354625069919198,0.91033987087106,0.8729011889314899
linear-ord2-s2/max,3,0,val,0.8783629561295218,0.8476886258947645,0.863025791012143
linear-ord2-s2/max,3,0,test,0.7917975210884997,0.7638447835335841,0.7778211523110419
linear-ord2-s2/max,3,1,train,0.8493814549191407,0.9124049413342261,0.8808931981266834
linear-ord2-s2/max,3,1,val,0.8376139181318898,0.9297722562890399,0.8836930872104649
linear-ord2-s2/max,3,1,test,0.8833303738010504,0.8477096975763281,0.8655200356886892
linear-ord2-s2/max,3,2,train,0.8748945561956086,0.9052621852635084,0.8900783707295585
linear-ord2-s2/max,3,2,val,0.8401388277885976,0.8527344553316362,0.8464366415601169
linear-ord2-s2/max,3,2,test,0.8295120886785874,0.9060323006830306,0.867772194680809
linear-ord2-s2/max,3,3,train,0.8890330307993208,0.9051511410339044,0.8970920859166126
linear-ord2-s2/max,3,3,val,0.7914936285505859,0.9287679577631849,0.8601307931568853
linear-ord2-s2/max,3,3,test,0.8408466373663935,0.8505646387435857,0.8457056380549897
linear-ord2-s2/max,3,4,train,0.879627394025476,0.904053928447633,0.8918406612365545
linear-ord2-s2/max,3,4,val,0.8120817569999375,0.7923594602322653,0.8022206086161014
linear-ord2-s2/max,3,4,test,0.776971874991423,0.9160396191457664,0.8465057470685946
linear-ord2-s2/max,4,0,train,0.8288742277252286,0.9143464428816943,0.8716103353034614
linear-ord2-s2/max,4,0,val,0.8745497711003016,0.846898745689974,0.8607242583951378
linear-ord2-s2/max,4,0,test,0.7880407289691712,0.7620755375398203,0.7750581332544957
linear-ord2-s2/max,4,1,train,0.8623641165693956,0.9057170268887739,0.8840405717290847
linear-ord2-s2/max,4,1,val,0.8418418799094662,0.9247699087210419,0.8833058943152541
linear-ord2-s2/max,4,1,test,0.8910258408198146,0.8184574064374623,0.8547416236286385
linear-ord2-s2/max,4,2,train,0.8157214479222794,0.8685674556316434,0.8421444517769614
linear-ord2-s2/max,4,2,val,0.8188979769956396,0.8515972922763997,0.8352476346360196
linear-ord2-s2/max,4,2,test,0.8213427264994485,0.8891561498302091,0.8552494381648288
linear-ord2-s2/max,4,3,train,0.8528203523533388,0.8491117756178933,0.850966063985616
linear-ord2-s2/max,4,3,val,0.7840965995182777,0.9213171977969639,0.8527068986576207
linear-ord2-s2/max,4,3,test,0.8332402058780829,0.820511878371822,0.8268760421249525
linear-ord2-s2/max,4,4,train,0.895449010031801,0.9131742650806878,0.9043116375562443
linear-ord2-s2/max,4,4,val,0.8139638213050078,0.7827286100951948,0.7983462157001013
linear-ord2-s2/max,4,4,test,0.7797566855160006,0.9168119670250514,0.848284326270526
linear-ord1-s2/max,0,0,train,0.8715142385087183,0.9445571721072316,0.908035705307975
linear-ord1-s2/max,0,0,val,0.895495795933721,0.860629931574207,0.878062863753964
linear-ord1-s2/max,0,0,test,0.8093639543261941,0.8093573197525075,0.8093606370393508
linear-ord1-s2/max,0,1,train,0.8422480481467066,0.8956382805316121,0.8689431643391594
linear-ord1-s2/max,0,1,val,0.8378500037796034,0.926692438271717,0.8822712210256602
linear-ord1-s2/max,0,1,test,0.8948413778713443,0.8389301797621886,0.8668857788167665
linear-ord1-s2/max,0,2,train,0.8644030430449783,0.902223116939404,0.8833130799921911
linear-ord1-s2/max,0,2,val,0.8371066977385934,0.8565979229187165,0.8468523103286549
linear-ord1-s2/max,0,2,test,0.8349442077348173,0.9067846523487887,0.8708644300418029
linear-ord1-s2/max,0,3,train,0.871994384354213,0.8582683922650447,0.8651313883096288
linear-ord1-s2/max,0,3,val,0.7926477704534867,0.9201321898675876,0.8563899801605371
linear-ord1-s2/max,0,3,test,0.8298667888058983,0.8308628095707455,0.8303647991883218
linear-ord1-s2/max,0,4,train,0.8798397495517141,0.9139414811803063,0.8968906153660101
linear-ord1-s2/max,0,4,val,0.8244054009359386,0.7797961128513202,0.8021007568936294
linear-ord1-s2/max,0,4,test,0.7723545062390653,0.9268163082313041,0.8495854072351847
linear-ord1-s2/max,1,0,train,0.8387824493185879,0.9154291202524294,0.8771057847855086
linear-ord1-s2/max,1,0,val,0.8732119490822718,0.8428304961508466,0.8580212226165592
linear-ord1-s2/max,1,0,test,0.7884966530571218,0.7638840334226648,0.7761903432398933
linear-ord1-s2/max,1,1,train,0.8526037494333539,0.9064005488655172,0.8795021491494356
linear-ord1-s2/max,1,1,val,0.8475809144484667,0.9341917619206029,0.8908863381845349
linear-ord1-s2/max,1,1,test,0.892487114772477,0.8391836676912353,0.8658353912318562
linear-ord1-s2/max,1,2,train,0.8942263367318615,0.9226126570189681,0.9084194968754148
linear-ord1-s2/max,1,2,val,0.8396166283339906,0.8558177889629772,0.8477172086484839
linear-ord1-s2/max,1,2,test,0.836012314428845,0.9086857517039029,0.8723490330663739
linear-ord1-s2/max,1,3,train,0.8640176178734956,0.8397811332528343,0.851899375563165
linear-ord1-s2/max,1,3,val,0.7898355589116529,0.9204877903525798,0.8551616746321163
linear-ord1-s2/max,1,3,test,0.8277608840213225,0.8329636808209933,0.8303622824211578
linear-ord1-s2/max,1,4,train,0.8907723725220965,0.9106063071484153,0.9006893398352559
linear-ord1-s2/max,1,4,val,0.832428762615005,0.7970470403039638,0.8147379014594844
linear-ord1-s2/max,1,4,test,0.7926929313755808,0.9290753367562968,0.8608841340659388
linear-ord1-s2/max,2,0,train,0.8552311221270602,0.9263841597713494,0.8908076409492047
linear-ord1-s2/max,2,0,val,0.8880667781743207,0.8673811024596806,0.8777239403170006
linear-ord1-s2/max,2,0,test,0.8013771083073954,0.7810752437545724,0.7912261760309839
linear-ord1-s2/max,2,1,train,0.8670084634477435,0.9075031925537131,0.8872558280007283
linear-ord1-s2/max,2,1,val,0.8479149747941738,0.9333713753563061,0.8906431750752399
linear-ord1-s2/max,2,1,test,0.8766866948480244,0.8478051558668328,0.8622459253574286
linear-ord1-s2/max,2,2,train,0.8351781676625769,0.8542670254799987,0.8447225965712878
linear-ord1-s2/max,2,2,val,0.8288425519003616,0.8410814040449641,0.8349619779726629
linear-ord1-s2/max,2,2,test,0.8334483611470717,0.877461637728737,0.8554549994379044
linear-ord1-s2/max,2,3,train,0.8559065672326724,0.8264186322650128,0.8411625997488426
linear-ord1-s2/max,2,3,val,0.7790473050767996,0.9284842354331383,0.853765770254969
linear-ord1-s2/max,2,3,test,0.8267730814552869,0.8252028272941659,0.8259879543747264
linear-ord1-s2/max,2,4,train,0.893738386366137,0.9136926474738977,0.9037155169200173
linear-ord1-s2/max,2,4,val,0.8268404841212609,0.7907719171223546,0.8088062006218077
linear-ord1-s2/max,2,4,test,0.791086991925414,0.9232596366368094,0.8571733142811118
linear-ord1-s2/max,3,0,train,0.8379342455624715,0.9117498643637078,0.8748420549630896
linear-ord1-s2/max,3,0,val,0.8788277491879625,0.8534750404003374,0.8661513947941499
linear-ord1-s2/max,3,0,test,0.8010566815150822,0.7572093513477015,0.7791330164313919
linear-ord1-s2/max,3,1,train,0.851944131514204,0.8975094063531506,0.8747267689336773
linear-ord1-s2/max,3,1,val,0.8454775063247996,0.9322497758907391,0.8888636411077693
linear-ord1-s2/max,3,1,test,0.8814801394315762,0.8339646270637017,0.8577223832476389
linear-ord1-s2/max,3,2,train,0.8529502632577733,0.8997342703908647,0.876342266824319
linear-ord1-s2/max,3,2,val,0.836923505765458,0.8531018987685132,0.8450127022669855
linear-ord1-s2/max,3,2,test,0.8273554107374702,0.9015092687925943,0.8644323397650322
linear-ord1-s2/max,3,3,train,0.869736261207239,0.8492560263253507,0.8594961437662949
linear-ord1-s2/max,3,3,val,0.798191735897969,0.9338797658088888,0.8660357508534289
linear-ord1-s2/max,3,3,test,0.8224223806292515,0.8409108671527752,0.8316666238910133
linear-ord1-s2/max,3,4,train,0.8986392633026147,0.9162025309298457,0.9074208971162302
linear-ord1-s2/max,3,4,val,0.8336013965858426,0.7843203527291261,0.8089608746574843
linear-ord1-s2/max,3,4,test,0.794347503699003,0.9182643540312629,0.8563059288651329
linear-ord1-s2/max,4,0,train,0.8589180518545338,0.9347291539849636,0.8968236029197487
linear-ord1-s2/max,4,0,val,0.8851296205584687,0.8631300838892191,0.8741298522238439
linear-ord1-s2/max,4,0,test,0.7854160671677177,0.7914819784054679,0.7884490227865928
linear-ord1-s2/max,4,1,train,0.8644883783268927,0.9014921320147761,0.8829902551708344
linear-ord1-s2/max,4,1,val,0.8529672014623882,0.9300703088626137,0.891518755162501
linear-ord1-s2/max,4,1,test,0.889952978736681,0.8262204933631592,0.85808673604992
linear-ord1-s2/max,4,2,train,0.8174284543071019,0.8669232951099041,0.842175874708503
linear-ord1-s2/max,4,2,val,0.821899253799126,0.8518287593803955,0.8368640065897608
linear-ord1-s2/max,4,2,test,0.8308450155848855,0.8872704950560243,0.8590577553204549
linear-ord1-s2/max,4,3,train,0.8877040696827476,0.8843369001589944,0.886020484920871
linear-ord1-s2/max,4,3,val,0.7900463058134809,0.9246408324370322,0.8573435691252566
linear-ord1-s2/max,4,3,test,0.8314374606486066,0.843786111032284,0.8376117858404453
linear-ord1-s2/max,4,4,train,0.8788773236315497,0.9006955497574309,0.8897864366944903
linear-ord1-s2/max,4,4,val,0.8126712733633044,0.7954938251929158,0.8040825492781101
linear-ord1-s2/max,4,4,test,0.7730894623362758,0.914490069654742,0.8437897659955089
linear-ord0.25-s2/linear_softmax,0,0,train,0.8841662825918335,0.9049079253906651,0.8945371039912493
linear-ord0.25-s2/linear_softmax,0,0,val,0.905436050066849,0.827124879327954,0.8662804646974015
linear-ord0.25-s2/linear_softmax,0,0,test,0.8536387901600935,0.7253708006285587,0.7895047953943262
linear-ord0.25-s2/linear_softmax,0,1,train,0.8877872783504168,0.9049198742348286,0.8963535762926227
linear-ord0.25-s2/linear_softmax,0,1,val,0.8595705795616032,0.8998942870045594,0.8797324332830814
linear-ord0.25-s2/linear_softmax,0,1,test,0.9075636712857783,0.8323551612484883,0.8699594162671334
linear-ord0.25-s2/linear_softmax,0,2,train,0.8949979259334486,0.8682978559742497,0.8816478909538492
linear-ord0.25-s2/linear_softmax,0,2,val,0.8636615863907482,0.7623423657728202,0.8130019760817842
linear-ord0.25-s2/linear_softmax,0,2,test,0.8735545343532904,0.808689089610337,0.8411218119818138
linear-ord0.25-s2/linear_softmax,0,3,train,0.912943774641317,0.8899641031300636,0.9014539388856904
linear-ord0.25-s2/linear_softmax,0,3,val,0.8335247417025486,0.9205283251447011,0.8770265334236249
linear-ord0.25-s2/linear_softmax,0,3,test,0.8507979488860586,0.8596481139475446,0.8552230314168017
linear-ord0.25-s2/linear_softmax,0,4,train,0.902101614298317,0.8848185714194513,0.8934600928588842
linear-ord0.25-s2/linear_softmax,0,4,val,0.8412016460717787,0.7255062315327271,0.7833539388022529
linear-ord0.25-s2/linear_softmax,0,4,test,0.8196057165947787,0.8973342554212028,0.8584699860079907
linear-ord0.25-s2/linear_softmax,1,0,train,0.8912099146838459,0.9207052761378751,0.9059575954108605
linear-ord0.25-s2/linear_softmax,1,0,val,0.8998346653863695,0.8403612976235223,0.8700979815049459
linear-ord0.25-s2/linear_softmax,1,0,test,0.8653879199898954,0.7593646487371157,0.8123762843635056
linear-ord0.25-s2/linear_softmax,1,1,train,0.8949349515475867,0.9087534427832002,0.9018441971653934
linear-ord0.25-s2/linear_softmax,1,1,val,0.8662880133323773,0.8932684887626052,0.8797782510474912
linear-ord0.25-s2/linear_softmax,1,1,test,0.9037169460067304,0.8200029047550438,0.8618599253808871
linear-ord0.25-s2/linear_softmax,1,2,train,0.8824913814170705,0.8490453506489459,0.8657683660330082
linear-ord0.25-s2/linear_softmax,1,2,val,0.8574009035012702,0.7450867320906356,0.8012438177959529
linear-ord0.25-s2/linear_softmax,1,2,test,0.8692439868944098,0.8191991869204046,0.8442215869074072
linear-ord0.25-s2/linear_softmax,1,3,train,0.9152510304161072,0.8423098587233461,0.8787804445697267
linear-ord0.25-s2/linear_softmax,1,3,val,0.8366418125854407,0.891191704520124,0.8639167585527823
linear-ord0.25-s2/linear_softmax,1,3,test,0.8598247047166304,0.7433891063202144,0.8016069055184224
linear-ord0.25-s2/linear_softmax,1,4,train,0.9074289401435031,0.900869590918706,0.9041492655311045
linear-ord0.25-s2/linear_softmax,1,4,val,0.8437036583129167,0.758247478253577,0.8009755682832469
linear-ord0.25-s2/linear_softmax,1,4,test,0.8215598003254044,0.8992022808938119,0.8603810406096082
linear-ord0.25-s2/linear_softmax,2,0,train,0.8847588458026762,0.939788003848894,0.9122734248257851
linear-ord0.25-s2/linear_softmax,2,0,val,0.9100471321100533,0.8634962898580459,0.8867717109840496
linear-ord0.25-s2/linear_softmax,2,0,test,0.8555232254499141,0.767811003282942,0.811667114366428
linear-ord0.25-s2/linear_softmax,2,1,train,0.8934403658578843,0.9146499406746754,0.9040451532662799
linear-ord0.25-s2/linear_softmax,2,1,val,0.8611565061398496,0.9127702441924161,0.8869633751661329
linear-ord0.25-s2/linear_softmax,2,1,test,0.902786879423295,0.828139935583945,0.86546340750362
linear-ord0.25-s2/linear_softmax,2,2,train,0.881418479352529,0.8616120747906425,0.8715152770715857
linear-ord0.25-s2/linear_softmax,2,2,val,0.8496110928558308,0.7638188060368452,0.8067149494463379
linear-ord0.25-s2/linear_softmax,2,2,test,0.8603064462231967,0.8045844834375566,0.8324454648303767
linear-ord0.25-s2/linear_softmax,2,3,train,0.9148635608258641,0.8885100634240191,0.9016868121249415
linear-ord0.25-s2/linear_softmax,2,3,val,0.8318470900528201,0.9201297037885009,0.8759883969206606
linear-ord0.25-s2/linear_softmax,2,3,test,0.8286254953586452,0.8420760818264151,0.8353507885925302
linear-ord0.25-s2/linear_softmax,2,4,train,0.8776660948806659,0.8089500693089411,0.8433080820948036
linear-ord0.25-s2/linear_softmax,2,4,val,0.8396928826390981,0.6916948192028032,0.7656938509209507
linear-ord0.25-s2/linear_softmax,2,4,test,0.8072397288734491,0.830882450484901,0.819061089679175
linear-ord0.25-s2/linear_softmax,3,0,train,0.8883484168388699,0.920284253467219,0.9043163351530444
linear-ord0.25-s2/linear_softmax,3,0,val,0.905961527583012,0.8425536219832561,0.874257574783134
linear-ord0.25-s2/linear_softmax,3,0,test,0.8685625179144542,0.778824544878392,0.8236935313964231
linear-ord0.25-s2/linear_softmax,3,1,train,0.8834792345210645,0.8645892649011161,0.8740342497110902
linear-ord0.25-s2/linear_softmax,3,1,val,0.8583757115681349,0.8778940587420306,0.8681348851550827
linear-ord0.25-s2/linear_softmax,3,1,test,0.9069418024760953,0.7956404072664414,0.8512911048712684
linear-ord0.25-s2/linear_softmax,3,2,train,0.8883219022343217,0.8640711051804562,0.8761965037073889
linear-ord0.25-s2/linear_softmax,3,2,val,0.857997219957665,0.7533458961049203,0.8056715580312926
linear-ord0.25-s2/linear_softmax,3,2,test,0.8698027982893605,0.8059353302895166,0.8378690642894385
linear-ord0.25-s2/linear_softmax,3,3,train,0.9142934860411704,0.8827450039765328,0.8985192450088516
linear-ord0.25-s2/linear_softmax,3,3,val,0.824251498181013,0.9275219731089398,0.8758867356449764
linear-ord0.25-s2/linear_softmax,3,3,test,0.8396545841047538,0.810772605087335,0.8252135945960444
linear-ord0.25-s2/linear_softmax,3,4,train,0.8763330880312021,0.8717971506863565,0.8740651193587794
linear-ord0.25-s2/linear_softmax,3,4,val,0.8432149661698928,0.7406116424305743,0.7919133043002335
linear-ord0.25-s2/linear_softmax,3,4,test,0.8005439323723085,0.8763838871229,0.8384639097476043
linear-ord0.25-s2/linear_softmax,4,0,train,0.8834259460076541,0.9251816016630888,0.9043037738353714
linear-ord0.25-s2/linear_softmax,4,0,val,0.9026462677270257,0.8338454076262726,0.8682458376766491
linear-ord0.25-s2/linear_softmax,4,0,test,0.859837781427849,0.7653100765485054,0.8125739289881772
linear-ord0.25-s2/linear_softmax,4,1,train,0.8878785719511074,0.8919563069560069,0.8899174394535572
linear-ord0.25-s2/linear_softmax,4,1,val,0.8544915270216744,0.8813332958721827,0.8679124114469285
linear-ord0.25-s2/linear_softmax,4,1,test,0.9057121475497051,0.8257460841613657,0.8657291158555354
linear-ord0.25-s2/linear_softmax,4,2,train,0.8873409893596419,0.8760344785053551,0.8816877339324984
linear-ord0.25-s2/linear_softmax,4,2,val,0.8456613190519994,0.7659795821796525,0.805820450615826
linear-ord0.25-s2/linear_softmax,4,2,test,0.8573356126776653,0.834694307751952,0.8460149602148086
linear-ord0.25-s2/linear_softmax,4,3,train,0.9115465724149037,0.8889450541460907,0.9002458132804971
linear-ord0.25-s2/linear_softmax,4,3,val,0.8308111084129932,0.9204899818848054,0.8756505451488993
linear-ord0.25-s2/linear_softmax,4,3,test,0.8484027121502062,0.8345572494742886,0.8414799808122474
linear-ord0.25-s2/linear_softmax,4,4,train,0.905424430216094,0.8712770391974991,0.8883507347067965
linear-ord0.25-s2/linear_softmax,4,4,val,0.8410518820081389,0.7194685027483959,0.7802601923782674
linear-ord0.25-s2/linear_softmax,4,4,test,0.8307754907198821,0.8828830672698946,0.8568292789948884
linear-bin-s2/linear_softmax,0,0,train,0.874126946010582,0.9072785605753134,0.8907027532929477
linear-bin-s2/linear_softmax,0,0,val,0.9076832377717249,0.8088524935101807,0.8582678656409528
linear-bin-s2/linear_softmax,0,0,test,0.8740166836329981,0.7508381412121108,0.8124274124225545
linear-bin-s2/linear_softmax,0,1,train,0.8834398783349521,0.8985080217688839,0.890973950051918
linear-bin-s2/linear_softmax,0,1,val,0.8590895058633908,0.8941590620045261,0.8766242839339584
linear-bin-s2/linear_softmax,0,1,test,0.897100121497529,0.8103105480693722,0.8537053347834507
linear-bin-s2/linear_softmax,0,2,train,0.9000406097645666,0.9029425876069878,0.9014915986857772
linear-bin-s2/linear_softmax,0,2,val,0.8492149461866065,0.7794213796917611,0.8143181629391838
linear-bin-s2/linear_softmax,0,2,test,0.866863352999319,0.8553911879950636,0.8611272704971913
linear-bin-s2/linear_softmax,0,3,train,0.9138325788899175,0.871344702781067,0.8925886408354923
linear-bin-s2/linear_softmax,0,3,val,0.8215349123053308,0.9208702523335937,0.8712025823194622
linear-bin-s2/linear_softmax,0,3,test,0.844309390862619,0.8204646132939729,0.832387002078296
linear-bin-s2/linear_softmax,0,4,train,0.9050493643636828,0.8840784946152762,0.8945639294894795
linear-bin-s2/linear_softmax,0,4,val,0.8437767056138039,0.7546154942551304,0.7991960999344672
linear-bin-s2/linear_softmax,0,4,test,0.8221670999967763,0.8978295562053102,0.8599983281010433
linear-bin-s2/linear_softmax,1,0,train,0.8729724037996804,0.8853056995363455,0.879139051668013
linear-bin-s2/linear_softmax,1,0,val,0.891608600494198,0.799827580598475,0.8457180905463365
linear-bin-s2/linear_softmax,1,0,test,0.852328947255721,0.7330034915875436,0.7926662194216323
linear-bin-s2/linear_softmax,1,1,train,0.8911509089153702,0.9040449511268832,0.8975979300211268
linear-bin-s2/linear_softmax,1,1,val,0.8447602739980642,0.9133583234438086,0.8790592987209365
linear-bin-s2/linear_softmax,1,1,test,0.9161996515055835,0.8190790933860596,0.8676393724458216
linear-bin-s2/linear_softmax,1,2,train,0.9085931741192402,0.8853542432315967,0.8969737086754185
linear-bin-s2/linear_softmax,1,2,val,0.8608043054910698,0.7722070569558853,0.8165056812234776
linear-bin-s2/linear_softmax,1,2,test,0.8665102314754551,0.8488912737511409,0.857700752613298
linear-bin-s2/linear_softmax,1,3,train,0.9113155243474022,0.8457944971686522,0.8785550107580271
linear-bin-s2/linear_softmax,1,3,val,0.829689039014771,0.9026135253835603,0.8661512821991657
linear-bin-s2/linear_softmax,1,3,test,0.8552659030672402,0.7608844585900115,0.8080751808286258
linear-bin-s2/linear_softmax,1,4,train,0.9050511153429629,0.8913405371699171,0.89819582625644
linear-bin-s2/linear_softmax,1,4,val,0.8443614434897702,0.767643229179774,0.8060023363347721
linear-bin-s2/linear_softmax,1,4,test,0.8176837734612362,0.8941303591564385,0.8559070663088373
linear-bin-s2/linear_softmax,2,0,train,0.8835445899304575,0.9405434758532261,0.9120440328918418
linear-bin-s2/linear_softmax,2,0,val,0.9088828092492812,0.8467629852302512,0.8778228972397661
linear-bin-s2/linear_softmax,2,0,test,0.8688970163461716,0.7716345791919429,0.8202657977690573
linear-bin-s2/linear_softmax,2,1,train,0.8930489905118472,0.9105315789488428,0.901790284730345
linear-bin-s2/linear_softmax,2,1,val,0.8586068382024992,0.9149660624184105,0.8867864503104548
linear-bin-s2/linear_softmax,2,1,test,0.8952331113980778,0.8207627713786732,0.8579979413883755
linear-bin-s2/linear_softmax,2,2,train,0.8904151310128735,0.8626652083681792,0.8765401696905264
linear-bin-s2/linear_softmax,2,2,val,0.8540502883334329,0.7513808063503613,0.8027155473418971
linear-bin-s2/linear_softmax,2,2,test,0.8650930560347083,0.817468828982501,0.8412809425086046
linear-bin-s2/linear_softmax,2,3,train,0.9179140377795402,0.8762438855631663,0.8970789616713533
linear-bin-s2/linear_softmax,2,3,val,0.8275874099353383,0.9199469552581792,0.8737671825967588
linear-bin-s2/linear_softmax,2,3,test,0.8342722532291414,0.8152642254130718,0.8247682393211067
linear-bin-s2/linear_softmax,2,4,train,0.8838073938474145,0.8060911043719735,0.8449492491096939
linear-bin-s2/linear_softmax,2,4,val,0.8348003787127851,0.7060787991928775,0.7704395889528313
linear-bin-s2/linear_softmax,2,4,test,0.8148986741469799,0.8334579942715286,0.8241783342092542
linear-bin-s2/linear_softmax,3,0,train,0.8878473578644884,0.9376114928288357,0.912729425346662
linear-bin-s2/linear_softmax,3,0,val,0.9011408123245057,0.8440989444504522,0.872619878387479
linear-bin-s2/linear_softmax,3,0,test,0.8720659960439051,0.7811052347602404,0.8265856154020728
linear-bin-s2/linear_softmax,3,1,train,0.8847986169333752,0.8575685069320815,0.8711835619327284
linear-bin-s2/linear_softmax,3,1,val,0.8640756302155301,0.883876605766575,0.8739761179910526
linear-bin-s2/linear_softmax,3,1,test,0.9042997423583852,0.7685508851540485,0.8364253137562168
linear-bin-s2/linear_softmax,3,2,train,0.8949194013815486,0.8741134365537018,0.8845164189676251
linear-bin-s2/linear_softmax,3,2,val,0.8503675220860655,0.7566771275702053,0.8035223248281353
linear-bin-s2/linear_softmax,3,2,test,0.867372128568139,0.834728914879106,0.8510505217236225
linear-bin-s2/linear_softmax,3,3,train,0.9130429910458002,0.8734508335209844,0.8932469122833924
linear-bin-s2/linear_softmax,3,3,val,0.8213753040081255,0.9275839721004917,0.8744796380543086
linear-bin-s2/linear_softmax,3,3,test,0.832690687694076,0.7827820558451279,0.807736371769602
linear-bin-s2/linear_softmax,3,4,train,0.880461317900515,0.8645324587508664,0.8724968883256907
linear-bin-s2/linear_softmax,3,4,val,0.8460089909864731,0.7492432715077362,0.7976261312471047
linear-bin-s2/linear_softmax,3,4,test,0.8023258761197374,0.8759388677598486,0.839132371939793
linear-bin-s2/linear_softmax,4,0,train,0.8808965117791663,0.9222446924019568,0.9015706020905616
linear-bin-s2/linear_softmax,4,0,val,0.9005801203101177,0.8147998941846576,0.8576900072473876
linear-bin-s2/linear_softmax,4,0,test,0.870984080064175,0.764400888995801,0.817692484529988
linear-bin-s2/linear_softmax,4,1,train,0.8760704509698691,0.8756562851363717,0.8758633680531205
linear-bin-s2/linear_softmax,4,1,val,0.8573335547451094,0.8880990479594398,0.8727163013522746
linear-bin-s2/linear_softmax,4,1,test,0.892187150939191,0.8217623371202469,0.856974744029719
linear-bin-s2/linear_softmax,4,2,train,0.9077097600909121,0.9054222075227019,0.906565983806807
linear-bin-s2/linear_softmax,4,2,val,0.8511048302351505,0.8104527476546938,0.8307787889449221
linear-bin-s2/linear_softmax,4,2,test,0.8610675137148153,0.868702715982966,0.8648851148488906
linear-bin-s2/linear_softmax,4,3,train,0.916364175879857,0.8865400029110259,0.9014520893954414
linear-bin-s2/linear_softmax,4,3,val,0.8273318225348856,0.9221469389427127,0.8747393807387991
linear-bin-s2/linear_softmax,4,3,test,0.8458533938137788,0.8177543434586796,0.8318038686362292
linear-bin-s2/linear_softmax,4,4,train,0.9036535902902544,0.8646798840222814,0.8841667371562678
linear-bin-s2/linear_softmax,4,4,val,0.8394634774304361,0.7241077576719104,0.7817856175511733
linear-bin-s2/linear_softmax,4,4,test,0.8240620557312838,0.8825489297239503,0.853305492727617
mlp256-bin-s2/lme,0,0,train,0.8769728886877359,0.9582007362527369,0.9175868124702364
mlp256-bin-s2/lme,0,0,val,0.9256937674350488,0.8458553110226719,0.8857745392288603
mlp256-bin-s2/lme,0,0,test,0.8534105093167824,0.8227342144587366,0.8380723618877595
mlp256-bin-s2/lme,0,1,train,0.897167031461446,0.9576121463186552,0.9273895888900506
mlp256-bin-s2/lme,0,1,val,0.8692263749526871,0.9184555440698146,0.8938409595112509
mlp256-bin-s2/lme,0,1,test,0.9245129608756248,0.8633958897715799,0.8939544253236024
mlp256-bin-s2/lme,0,2,train,0.9073724822927474,0.9539890989548475,0.9306807906237975
mlp256-bin-s2/lme,0,2,val,0.82319527652138,0.865676268025251,0.8444357722733156
mlp256-bin-s2/lme,0,2,test,0.8411332389347732,0.9084709332930395,0.8748020861139063
mlp256-bin-s2/lme,0,3,train,0.9800163859436004,0.9816231143197799,0.9808197501316902
mlp256-bin-s2/lme,0,3,val,0.8035085208105242,0.9369011826482132,0.8702048517293687
mlp256-bin-s2/lme,0,3,test,0.7638138163368902,0.8656212053976261,0.8147175108672582
mlp256-bin-s2/lme,0,4,train,0.9079526136511972,0.9286114756140529,0.918282044632625
mlp256-bin-s2/lme,0,4,val,0.8695688401908319,0.7927184463027465,0.8311436432467891
mlp256-bin-s2/lme,0,4,test,0.75293384447747,0.9210840322030737,0.8370089383402719
mlp256-bin-s2/lme,1,0,train,0.8487033656077551,0.9369159791246782,0.8928096723662167
mlp256-bin-s2/lme,1,0,val,0.9234116053753345,0.8538986837146947,0.8886551445450146
mlp256-bin-s2/lme,1,0,test,0.8580659528708656,0.7585886351704588,0.8083272940206623
mlp256-bin-s2/lme,1,1,train,0.921022260258955,0.9614135408346008,0.9412179005467779
mlp256-bin-s2/lme,1,1,val,0.8636649591215724,0.9284589988706982,0.8960619789961353
mlp256-bin-s2/lme,1,1,test,0.91952810669934,0.8531124808219464,0.8863202937606431
mlp256-bin-s2/lme,1,2,train,0.9427788961192509,0.9653742868313874,0.9540765914753191
mlp256-bin-s2/lme,1,2,val,0.8112362603007447,0.8711383530250172,0.841187306662881
mlp256-bin-s2/lme,1,2,test,0.8463215206979148,0.9037163720582142,0.8750189463780644
mlp256-bin-s2/lme,1,3,train,0.9661942292293797,0.9915980218759962,0.978896125552688
mlp256-bin-s2/lme,1,3,val,0.784472027937028,0.9248360514144247,0.8546540396757263
mlp256-bin-s2/lme,1,3,test,0.755437539659668,0.8959474633318418,0.8256925014957549
mlp256-bin-s2/lme,1,4,train,0.9437181000199613,0.9821378152362366,0.9629279576280989
mlp256-bin-s2/lme,1,4,val,0.8752103766536862,0.7759211989662662,0.8255657878099762
mlp256-bin-s2/lme,1,4,test,0.7574026629933042,0.9128910054355099,0.835146834214407
mlp256-bin-s2/lme,2,0,train,0.9149080175673309,0.966349403169569,0.9406287103684499
mlp256-bin-s2/lme,2,0,val,0.9305649287553357,0.8695124630232902,0.900038695889313
mlp256-bin-s2/lme,2,0,test,0.8681979073235409,0.8031010869032058,0.8356494971133733
mlp256-bin-s2/lme,2,1,train,0.9471521495837774,0.9768409793990624,0.9619965644914199
mlp256-bin-s2/lme,2,1,val,0.870080253646206,0.9082949811305395,0.8891876173883728
mlp256-bin-s2/lme,2,1,test,0.9247663968122558,0.8488619737401257,0.8868141852761908
mlp256-bin-s2/lme,2,2,train,0.9118445031085572,0.9485511645783653,0.9301978338434613
mlp256-bin-s2/lme,2,2,val,0.805739203648635,0.8718351097027089,0.8387871566756719
mlp256-bin-s2/lme,2,2,test,0.8575153400368417,0.9035656124767468,0.8805404762567943
mlp256-bin-s2/lme,2,3,train,0.9808376642543959,0.9950811308150957,0.9879593975347458
mlp256-bin-s2/lme,2,3,val,0.7901750619953778,0.9349265386096791,0.8625508003025284
mlp256-bin-s2/lme,2,3,test,0.7741882535346895,0.8979705539317555,0.8360794037332224
mlp256-bin-s2/lme,2,4,train,0.9206457077708053,0.9426864305920427,0.931666069181424
mlp256-bin-s2/lme,2,4,val,0.8733738846685712,0.7910255516431826,0.8321997181558769
mlp256-bin-s2/lme,2,4,test,0.7453233169893198,0.9079601732718492,0.8266417451305845
mlp256-bin-s2/lme,3,0,train,0.867942664875516,0.9557956842012045,0.9118691745383602
mlp256-bin-s2/lme,3,0,val,0.911866130973907,0.8625092895952946,0.8871877102846009
mlp256-bin-s2/lme,3,0,test,0.8466585153927529,0.833406971704348,0.8400327435485504
mlp256-bin-s2/lme,3,1,train,0.9810493001027288,0.9913270747773489,0.9861881874400389
mlp256-bin-s2/lme,3,1,val,0.8806485368768856,0.9152513148079411,0.8979499258424133
mlp256-bin-s2/lme,3,1,test,0.9241839593325292,0.8453365043137028,0.884760231823116
mlp256-bin-s2/lme,3,2,train,0.9284344876156317,0.9332640202025879,0.9308492539091098
mlp256-bin-s2/lme,3,2,val,0.8257869206066892,0.8807668827413696,0.8532769016740294
mlp256-bin-s2/lme,3,2,test,0.8523484766266848,0.8980627417161838,0.8752056091714343
mlp256-bin-s2/lme,3,3,train,0.9929683286173637,0.9942628209212259,0.9936155747692947
mlp256-bin-s2/lme,3,3,val,0.8130207902117417,0.9256434036787538,0.8693320969452477
mlp256-bin-s2/lme,3,3,test,0.7963443497281183,0.8619268208999039,0.8291355853140111
mlp256-bin-s2/lme,3,4,train,0.9267698228897412,0.9593031576220921,0.9430364902559166
mlp256-bin-s2/lme,3,4,val,0.884789641078622,0.7954559453547762,0.840122793216699
mlp256-bin-s2/lme,3,4,test,0.7403434088413866,0.9279304931800632,0.8341369510107248
mlp256-bin-s2/lme,4,0,train,0.9107876631069952,0.9561642967654594,0.9334759799362273
mlp256-bin-s2/lme,4,0,val,0.91935281539883,0.8575522455553131,0.8884525304770715
mlp256-bin-s2/lme,4,0,test,0.874604574519097,0.8363936252199463,0.8554990998695217
mlp256-bin-s2/lme,4,1,train,0.9552696625508219,0.9828692245283824,0.9690694435396021
mlp256-bin-s2/lme,4,1,val,0.8705898033003663,0.9186351182778528,0.8946124607891095
mlp256-bin-s2/lme,4,1,test,0.9231895563747406,0.8608995119223503,0.8920445341485455
mlp256-bin-s2/lme,4,2,train,0.8692643695851261,0.9006296122984578,0.884946990941792
mlp256-bin-s2/lme,4,2,val,0.8188578142590502,0.8616149844157416,0.8402363993373959
mlp256-bin-s2/lme,4,2,test,0.8492891740867459,0.9012635779152041,0.875276376000975
mlp256-bin-s2/lme,4,3,train,0.9741131304021928,0.9900288937999066,0.9820710121010496
mlp256-bin-s2/lme,4,3,val,0.8100543965335786,0.9219507195496119,0.8660025580415953
mlp256-bin-s2/lme,4,3,test,0.7713758791655233,0.8813175307353,0.8263467049504116
mlp256-bin-s2/lme,4,4,train,0.9580627862617316,0.9710093818011729,0.9645360840314523
mlp256-bin-s2/lme,4,4,val,0.858095825586633,0.8014619005358112,0.8297788630612222
mlp256-bin-s2/lme,4,4,test,0.7767574118295627,0.9186460983947121,0.8477017551121374
linear-ord0.5-s2/linear_softmax,0,0,train,0.8849789004892363,0.9048165482839174,0.8948977243865769
linear-ord0.5-s2/linear_softmax,0,0,val,0.9080316371020984,0.8315673621298183,0.8697994996159584
linear-ord0.5-s2/linear_softmax,0,0,test,0.8500366096070716,0.7290826367394851,0.7895596231732784
linear-ord0.5-s2/linear_softmax,0,1,train,0.889514048744715,0.9043909512673183,0.8969525000060166
linear-ord0.5-s2/linear_softmax,0,1,val,0.8588308400963088,0.9002377185015491,0.8795342792989289
linear-ord0.5-s2/linear_softmax,0,1,test,0.9117847806056815,0.8367574424390931,0.8742711115223873
linear-ord0.5-s2/linear_softmax,0,2,train,0.89432988696619,0.8711589454274409,0.8827444161968154
linear-ord0.5-s2/linear_softmax,0,2,val,0.8608099814338989,0.7689298622617723,0.8148699218478356
linear-ord0.5-s2/linear_softmax,0,2,test,0.8757341139018818,0.8036323671155865,0.8396832405087342
linear-ord0.5-s2/linear_softmax,0,3,train,0.9129674237134959,0.8831050526904707,0.8980362382019833
linear-ord0.5-s2/linear_softmax,0,3,val,0.8373774307960892,0.9208528775964071,0.8791151541962481
linear-ord0.5-s2/linear_softmax,0,3,test,0.8507003334716738,0.8535160094795278,0.8521081714756008
linear-ord0.5-s2/linear_softmax,0,4,train,0.9100173247192818,0.8867895456150523,0.898403435167167
linear-ord0.5-s2/linear_softmax,0,4,val,0.8468838511960001,0.7432847272957088,0.7950842892458545
linear-ord0.5-s2/linear_softmax,0,4,test,0.8161458371062585,0.8857831519301491,0.8509644945182038
linear-ord0.5-s2/linear_softmax,1,0,train,0.8852785766592286,0.8902203180901365,0.8877494473746825
linear-ord0.5-s2/linear_softmax,1,0,val,0.9112241162344994,0.8027158921720364,0.856970004203268
linear-ord0.5-s2/linear_softmax,1,0,test,0.8459306137973677,0.7255282368728418,0.7857294253351048
linear-ord0.5-s2/linear_softmax,1,1,train,0.8935898997112748,0.9164715379326678,0.9050307188219713
linear-ord0.5-s2/linear_softmax,1,1,val,0.8489266374127794,0.8997806829622792,0.8743536601875292
linear-ord0.5-s2/linear_softmax,1,1,test,0.89347750938152,0.8319345235592708,0.8627060164703955
linear-ord0.5-s2/linear_softmax,1,2,train,0.8857716309127095,0.845549792789979,0.8656607118513442
linear-ord0.5-s2/linear_softmax,1,2,val,0.8549128654187862,0.74289455130392,0.798903708361353
linear-ord0.5-s2/linear_softmax,1,2,test,0.8675178564572672,0.8124717269356163,0.8399947916964418
linear-ord0.5-s2/linear_softmax,1,3,train,0.9150780160152885,0.8426358584369896,0.878856937226139
linear-ord0.5-s2/linear_softmax,1,3,val,0.8374297251743251,0.8889312781993582,0.8631805016868417
linear-ord0.5-s2/linear_softmax,1,3,test,0.8588912388793523,0.7534620394660737,0.806176639172713
linear-ord0.5-s2/linear_softmax,1,4,train,0.9080573067300483,0.8975655692225266,0.9028114379762875
linear-ord0.5-s2/linear_softmax,1,4,val,0.8444085145513327,0.7407748318160003,0.7925916731836665
linear-ord0.5-s2/linear_softmax,1,4,test,0.8253309779824798,0.8970768656587143,0.861203921820597
linear-ord0.5-s2/linear_softmax,2,0,train,0.8850085276647043,0.9367583531048946,0.9108834403847994
linear-ord0.5-s2/linear_softmax,2,0,val,0.907819899112095,0.8642079198874468,0.886013909499771
linear-ord0.5-s2/linear_softmax,2,0,test,0.8479762320698706,0.7798457656549174,0.813910998862394
linear-ord0.5-s2/linear_softmax,2,1,train,0.8743298125996019,0.8694751205490048,0.8719024665743034
linear-ord0.5-s2/linear_softmax,2,1,val,0.8474492326384478,0.8784865827645305,0.8629679077014891
linear-ord0.5-s2/linear_softmax,2,1,test,0.9090714762579115,0.7806027823547281,0.8448371293063198
linear-ord0.5-s2/linear_softmax,2,2,train,0.8862318849914861,0.8672649693801814,0.8767484271858337
linear-ord0.5-s2/linear_softmax,2,2,val,0.848666815367217,0.7839632996765336,0.8163150575218753
linear-ord0.5-s2/linear_softmax,2,2,test,0.8615508320828811,0.8100909865627427,0.835820909322812
linear-ord0.5-s2/linear_softmax,2,3,train,0.9137757122175656,0.8868021728238213,0.9002889425206935
linear-ord0.5-s2/linear_softmax,2,3,val,0.8315907997249504,0.9172554997260352,0.8744231497254928
linear-ord0.5-s2/linear_softmax,2,3,test,0.8307548821845164,0.8486959366487904,0.8397254094166534
linear-ord0.5-s2/linear_softmax,2,4,train,0.8757727671573771,0.8157721797417496,0.8457724734495633
linear-ord0.5-s2/linear_softmax,2,4,val,0.8383462170436357,0.6850116775597819,0.7616789473017087
linear-ord0.5-s2/linear_softmax,2,4,test,0.8103362270787281,0.8346770377282472,0.8225066324034876
linear-ord0.5-s2/linear_softmax,3,0,train,0.8893089775303186,0.9205726810489083,0.9049408292896135
linear-ord0.5-s2/linear_softmax,3,0,val,0.9049285072703604,0.8492915551499259,0.8771100312101432
linear-ord0.5-s2/linear_softmax,3,0,test,0.8645298642737954,0.7796514779960215,0.8220906711349085
linear-ord0.5-s2/linear_softmax,3,1,train,0.8816855450571267,0.863630474078134,0.8726580095676304
linear-ord0.5-s2/linear_softmax,3,1,val,0.851874324307618,0.8745849068468313,0.8632296155772247
linear-ord0.5-s2/linear_softmax,3,1,test,0.906713508317846,0.8099380535634509,0.8583257809406485
linear-ord0.5-s2/linear_softmax,3,2,train,0.8990840690989383,0.8810126248825237,0.890048346990731
linear-ord0.5-s2/linear_softmax,3,2,val,0.8476020885009099,0.782571430650004,0.815086759575457
linear-ord0.5-s2/linear_softmax,3,2,test,0.8663353714746235,0.7996014947441361,0.8329684331093798
linear-ord0.5-s2/linear_softmax,3,3,train,0.9140892607725087,0.8821185615766375,0.8981039111745731
linear-ord0.5-s2/linear_softmax,3,3,val,0.826468386837825,0.9242007215584229,0.8753345541981239
linear-ord0.5-s2/linear_softmax,3,3,test,0.8423756582402893,0.8260435430658644,0.8342096006530768
linear-ord0.5-s2/linear_softmax,3,4,train,0.9106513006648351,0.9069296723058465,0.9087904864853409
linear-ord0.5-s2/linear_softmax,3,4,val,0.8452486272915638,0.7528106761802511,0.7990296517359075
linear-ord0.5-s2/linear_softmax,3,4,test,0.8213436392904031,0.9084267317806213,0.8648851855355122
linear-ord0.5-s2/linear_softmax,4,0,train,0.8868919658712783,0.8876399118610955,0.8872659388661869
linear-ord0.5-s2/linear_softmax,4,0,val,0.9110007802752574,0.8121684967110737,0.8615846384931656
linear-ord0.5-s2/linear_softmax,4,0,test,0.8422457071837953,0.7176566122613314,0.7799511597225633
linear-ord0.5-s2/linear_softmax,4,1,train,0.875919266653104,0.8911311952381057,0.8835252309456049
linear-ord0.5-s2/linear_softmax,4,1,val,0.8565036546890907,0.8762064087539981,0.8663550317215445
linear-ord0.5-s2/linear_softmax,4,1,test,0.9124907993017335,0.8276045831650638,0.8700476912333986
linear-ord0.5-s2/linear_softmax,4,2,train,0.8922153516223129,0.8824115954272095,0.8873134735247612
linear-ord0.5-s2/linear_softmax,4,2,val,0.848847402487837,0.7841864355059456,0.8165169189968913
linear-ord0.5-s2/linear_softmax,4,2,test,0.8562737042914843,0.8341115172201201,0.8451926107558022
linear-ord0.5-s2/linear_softmax,4,3,train,0.8995568788408851,0.8362459642860905,0.8679014215634878
linear-ord0.5-s2/linear_softmax,4,3,val,0.8413422429283518,0.8853203970847037,0.8633313200065278
linear-ord0.5-s2/linear_softmax,4,3,test,0.8482543986240948,0.7762090931072213,0.812231745865658
linear-ord0.5-s2/linear_softmax,4,4,train,0.9057837754100834,0.8697161965131247,0.887749985961604
linear-ord0.5-s2/linear_softmax,4,4,val,0.8440515926447698,0.7132812823610116,0.7786664375028907
linear-ord0.5-s2/linear_softmax,4,4,test,0.8364227926377404,0.878700961891534,0.8575618772646372
linear-ord0.25-s2/max,0,0,train,0.8404537454649814,0.9347990706429083,0.8876264080539449
linear-ord0.25-s2/max,0,0,val,0.8844986412689773,0.8636473737498868,0.8740730075094321
linear-ord0.25-s2/max,0,0,test,0.8133257365751466,0.7474368224821197,0.7803812795286331
linear-ord0.25-s2/max,0,1,train,0.8390735148533637,0.8949692817650551,0.8670213983092094
linear-ord0.25-s2/max,0,1,val,0.8382448204156463,0.9208893867999501,0.8795671036077982
linear-ord0.25-s2/max,0,1,test,0.8887178971863341,0.8364527594729495,0.8625853283296419
linear-ord0.25-s2/max,0,2,train,0.8767362626796577,0.914765102540937,0.8957506826102973
linear-ord0.25-s2/max,0,2,val,0.8387970078138479,0.8587397767594444,0.8487683922866461
linear-ord0.25-s2/max,0,2,test,0.834900769397263,0.9057612490186749,0.870331009207969
linear-ord0.25-s2/max,0,3,train,0.881932581556366,0.8768497762609003,0.8793911789086332
linear-ord0.25-s2/max,0,3,val,0.7894336254634897,0.9281631942400106,0.8587984098517502
linear-ord0.25-s2/max,0,3,test,0.837724785759332,0.8630365185358204,0.8503806521475762
linear-ord0.25-s2/max,0,4,train,0.880677871244962,0.9122556946378048,0.8964667829413834
linear-ord0.25-s2/max,0,4,val,0.8367389682311873,0.7673131807308671,0.8020260744810273
linear-ord0.25-s2/max,0,4,test,0.7751499001077499,0.9316986031321105,0.8534242516199302
linear-ord0.25-s2/max,1,0,train,0.8665152093645604,0.9422458995023326,0.9043805544334464
linear-ord0.25-s2/max,1,0,val,0.8887610180688675,0.8528871438538325,0.87082408096135
linear-ord0.25-s2/max,1,0,test,0.8114859949567265,0.7851133036153253,0.7982996492860259
linear-ord0.25-s2/max,1,1,train,0.8579973222266127,0.9001648686820417,0.8790810954543272
linear-ord0.25-s2/max,1,1,val,0.8428505180550334,0.9257375381348141,0.8842940280949237
linear-ord0.25-s2/max,1,1,test,0.9032138075239716,0.8488160018124635,0.8760149046682175
linear-ord0.25-s2/max,1,2,train,0.8733773029565901,0.885334212498015,0.8793557577273026
linear-ord0.25-s2/max,1,2,val,0.8288299716138794,0.8638817037728513,0.8463558376933653
linear-ord0.25-s2/max,1,2,test,0.8290263714355566,0.9035809735236389,0.8663036724795977
linear-ord0.25-s2/max,1,3,train,0.8806532493755256,0.852966768043913,0.8668100087097192
linear-ord0.25-s2/max,1,3,val,0.775257840357915,0.9286842510202495,0.8519710456890823
linear-ord0.25-s2/max,1,3,test,0.8151031393768213,0.856305935234214,0.8357045373055176
linear-ord0.25-s2/max,1,4,train,0.8984942391664317,0.9289513634163311,0.9137228012913814
linear-ord0.25-s2/max,1,4,val,0.8353176893860738,0.7776986308144245,0.8065081601002491
linear-ord0.25-s2/max,1,4,test,0.7581408866527198,0.9192409582125312,0.8386909224326256
linear-ord0.25-s2/max,2,0,train,0.8517640656779906,0.9265183699703193,0.8891412178241549
linear-ord0.25-s2/max,2,0,val,0.883410702271351,0.8612059615493942,0.8723083319103726
linear-ord0.25-s2/max,2,0,test,0.8185063446038483,0.7557948758246982,0.7871506102142732
linear-ord0.25-s2/max,2,1,train,0.8537289133317534,0.8958000398004244,0.8747644765660889
linear-ord0.25-s2/max,2,1,val,0.8457747527829114,0.920173072191546,0.8829739124872287
linear-ord0.25-s2/max,2,1,test,0.8895622858456976,0.8149687155542781,0.8522655006999879
linear-ord0.25-s2/max,2,2,train,0.8616023450420814,0.8889156036114123,0.8752589743267469
linear-ord0.25-s2/max,2,2,val,0.8347640840500958,0.8621995662372629,0.8484818251436794
linear-ord0.25-s2/max,2,2,test,0.8252196833336094,0.889322272070495,0.8572709777020522
linear-ord0.25-s2/max,2,3,train,0.8694285738516119,0.8520158473166527,0.8607222105841323
linear-ord0.25-s2/max,2,3,val,0.7822815142962184,0.9265719555157417,0.85442673490598
linear-ord0.25-s2/max,2,3,test,0.8347312182118644,0.8496599043885253,0.8421955613001948
linear-ord0.25-s2/max,2,4,train,0.8941456721558989,0.9115099384753136,0.9028278053156062
linear-ord0.25-s2/max,2,4,val,0.8453080065326516,0.7545839636866921,0.7999459851096719
linear-ord0.25-s2/max,2,4,test,0.7946914412334413,0.9262160872564712,0.8604537642449562
linear-ord0.25-s2/max,3,0,train,0.835853763869169,0.9118914724712914,0.8738726181702302
linear-ord0.25-s2/max,3,0,val,0.8710162228425157,0.8545231751217599,0.8627696989821378
linear-ord0.25-s2/max,3,0,test,0.8060523777816082,0.7391346749002173,0.7725935263409127
linear-ord0.25-s2/max,3,1,train,0.8853342122238674,0.9185602679459741,0.9019472400849208
linear-ord0.25-s2/max,3,1,val,0.8483859136019818,0.9272323528660842,0.887809133234033
linear-ord0.25-s2/max,3,1,test,0.9078951550099004,0.8520224719862378,0.8799588134980691
linear-ord0.25-s2/max,3,2,train,0.8621353465100479,0.8907905275093998,0.8764629370097239
linear-ord0.25-s2/max,3,2,val,0.8312274546945821,0.8560397723985957,0.843633613546589
linear-ord0.25-s2/max,3,2,test,0.8460053140886792,0.9014462998143287,0.8737258069515039
linear-ord0.25-s2/max,3,3,train,0.8646226616776024,0.8370318700176866,0.8508272658476446
linear-ord0.25-s2/max,3,3,val,0.7858292766698772,0.9266499175624429,0.85623959711616
linear-ord0.25-s2/max,3,3,test,0.819266554768401,0.8446432617994702,0.8319549082839357
linear-ord0.25-s2/max,3,4,train,0.858503212332328,0.8597892349844383,0.8591462236583831
linear-ord0.25-s2/max,3,4,val,0.822041200907544,0.7300084962535777,0.7760248485805608
linear-ord0.25-s2/max,3,4,test,0.7895304622993905,0.9064568520447939,0.8479936571720922
linear-ord0.25-s2/max,4,0,train,0.8640503668630164,0.9298638616637337,0.896957114263375
linear-ord0.25-s2/max,4,0,val,0.9003489290858279,0.8660765262316266,0.8832127276587272
linear-ord0.25-s2/max,4,0,test,0.812076918088178,0.7709886517193044,0.7915327849037412
linear-ord0.25-s2/max,4,1,train,0.8301224236576034,0.8518573422707665,0.8409898829641849
linear-ord0.25-s2/max,4,1,val,0.8405932856000646,0.9048418669559685,0.8727175762780166
linear-ord0.25-s2/max,4,1,test,0.877536534694074,0.8293392644461101,0.853437899570092
linear-ord0.25-s2/max,4,2,train,0.8328921588142372,0.85805093978694,0.8454715493005887
linear-ord0.25-s2/max,4,2,val,0.8248510723739864,0.8516747435635914,0.8382629079687889
linear-ord0.25-s2/max,4,2,test,0.8350246353588212,0.8841217378446987,0.85957318660176
linear-ord0.25-s2/max,4,3,train,0.8877772856067033,0.8626433221712536,0.8752103038889785
linear-ord0.25-s2/max,4,3,val,0.7904349570098481,0.9273748854732357,0.8589049212415418
linear-ord0.25-s2/max,4,3,test,0.8264365153158062,0.8465777899465878,0.836507152631197
linear-ord0.25-s2/max,4,4,train,0.9199623182413493,0.94622801071583,0.9330951644785896
linear-ord0.25-s2/max,4,4,val,0.8379865179047998,0.7815890968404908,0.8097878073726453
linear-ord0.25-s2/max,4,4,test,0.7678085326029336,0.9213864373662205,0.844597484984577
linear-ord1-s2/attention,0,0,train,0.9636665559945353,0.9899779600139638,0.9768222580042496
linear-ord1-s2/attention,0,0,val,0.8841214462250079,0.8399051041670279,0.8620132751960179
linear-ord1-s2/attention,0,0,test,0.8438075536140173,0.713461230788603,0.7786343922013101
linear-ord1-s2/attention,0,1,train,0.8882007275796345,0.9271231725263792,0.9076619500530069
linear-ord1-s2/attention,0,1,val,0.8656013764894531,0.8832719427070475,0.8744366595982502
linear-ord1-s2/attention,0,1,test,0.8565698964768632,0.8389911247540968,0.84778051061548
linear-ord1-s2/attention,0,2,train,0.9604007378847241,0.9434873990503287,0.9519440684675264
linear-ord1-s2/attention,0,2,val,0.8269829807905369,0.8269573592618957,0.8269701700262163
linear-ord1-s2/attention,0,2,test,0.843591909214903,0.8591507962428212,0.8513713527288621
linear-ord1-s2/attention,0,3,train,0.9065640518544708,0.8880434453853572,0.897303748619914
linear-ord1-s2/attention,0,3,val,0.841908592919185,0.9084830927411229,0.875195842830154
linear-ord1-s2/attention,0,3,test,0.8280867462369917,0.8522210566719807,0.8401539014544862
linear-ord1-s2/attention,0,4,train,0.9131153101968505,0.8985808431630002,0.9058480766799254
linear-ord1-s2/attention,0,4,val,0.8495731330755276,0.7399050001713678,0.7947390666234477
linear-ord1-s2/attention,0,4,test,0.8341339325767971,0.8912712255515458,0.8627025790641715
linear-ord1-s2/attention,1,0,train,0.8789513535783575,0.9038854107467383,0.8914183821625479
linear-ord1-s2/attention,1,0,val,0.8988107065223472,0.8558944938936621,0.8773526002080047
linear-ord1-s2/attention,1,0,test,0.8242585397513262,0.733225744977844,0.778742142364585
linear-ord1-s2/attention,1,1,train,0.9194481777584702,0.9400210612712928,0.9297346195148815
linear-ord1-s2/attention,1,1,val,0.8578682323688773,0.8427036427573328,0.8502859375631051
linear-ord1-s2/attention,1,1,test,0.8879483827911419,0.7923107414087314,0.8401295620999366
linear-ord1-s2/attention,1,2,train,0.9424285999151424,0.9406487608470551,0.9415386803810988
linear-ord1-s2/attention,1,2,val,0.8332954918924401,0.8377920887732155,0.8355437903328278
linear-ord1-s2/attention,1,2,test,0.833356105367209,0.853148348065786,0.8432522267164975
linear-ord1-s2/attention,1,3,train,0.9313572670502793,0.9162544311670504,0.9238058491086649
linear-ord1-s2/attention,1,3,val,0.8416618173489552,0.8647224855051884,0.8531921514270717
linear-ord1-s2/attention,1,3,test,0.8339489154626828,0.81685717770637,0.8254030465845263
linear-ord1-s2/attention,1,4,train,0.9230071833409723,0.9233617365195089,0.9231844599302406
linear-ord1-s2/attention,1,4,val,0.8159795667841871,0.7261580619000849,0.771068814342136
linear-ord1-s2/attention,1,4,test,0.8174378169196722,0.9019423197284888,0.8596900683240805
linear-ord1-s2/attention,2,0,train,0.9575983629763408,0.9734844707123217,0.9655414168443313
linear-ord1-s2/attention,2,0,val,0.8887191758234058,0.8506822514801011,0.8697007136517534
linear-ord1-s2/attention,2,0,test,0.8255318830293477,0.6842634094360825,0.754897646232715
linear-ord1-s2/attention,2,1,train,0.9171929268689303,0.9322850953181089,0.9247390110935196
linear-ord1-s2/attention,2,1,val,0.8835318182688611,0.8808621495589031,0.8821969839138821
linear-ord1-s2/attention,2,1,test,0.8897398071439361,0.7901107708407518,0.8399252889923439
linear-ord1-s2/attention,2,2,train,0.92700018501505,0.9098693230557455,0.9184347540353978
linear-ord1-s2/attention,2,2,val,0.8321797885450877,0.7685797653717542,0.8003797769584209
linear-ord1-s2/attention,2,2,test,0.8526524408179685,0.8551249713283122,0.8538887060731404
linear-ord1-s2/attention,2,3,train,0.9286189793728004,0.9146249852406825,0.9216219823067414
linear-ord1-s2/attention,2,3,val,0.8373636921972034,0.878953929752783,0.8581588109749931
linear-ord1-s2/attention,2,3,test,0.8294077815344829,0.8202909168853781,0.8248493492099305
linear-ord1-s2/attention,2,4,train,0.9134023202136367,0.9342083399257135,0.9238053300696751
linear-ord1-s2/attention,2,4,val,0.8581229368915589,0.7405451044152148,0.7993340206533869
linear-ord1-s2/attention,2,4,test,0.8340077401672125,0.8606517645955603,0.8473297523813863
linear-ord1-s2/attention,3,0,train,0.9133165420851934,0.9509731907117641,0.9321448663984788
linear-ord1-s2/attention,3,0,val,0.8812420140423042,0.8461849257609013,0.8637134699016027
linear-ord1-s2/attention,3,0,test,0.8138477515164845,0.7754774859797834,0.7946626187481339
linear-ord1-s2/attention,3,1,train,0.8618606281629241,0.8890009998508593,0.8754308140068917
linear-ord1-s2/attention,3,1,val,0.844724318706314,0.8931204449689291,0.8689223818376215
linear-ord1-s2/attention,3,1,test,0.8594669977255253,0.7758282866521644,0.8176476421888448
linear-ord1-s2/attention,3,2,train,0.9866820330494728,0.9764372299417654,0.9815596314956191
linear-ord1-s2/attention,3,2,val,0.8036765744151301,0.8225254851397099,0.8131010297774199
linear-ord1-s2/attention,3,2,test,0.830222285965646,0.8882329698713015,0.8592276279184737
linear-ord1-s2/attention,3,3,train,0.956845051490562,0.9371378984753147,0.9469914749829383
linear-ord1-s2/attention,3,3,val,0.8227724415024497,0.8868975955993587,0.8548350185509042
linear-ord1-s2/attention,3,3,test,0.8100662741715696,0.8526458799202236,0.8313560770458965
linear-ord1-s2/attention,3,4,train,0.9299369966149171,0.9315660249843969,0.930751510799657
linear-ord1-s2/attention,3,4,val,0.8467802034123266,0.721508715645974,0.7841444595291502
linear-ord1-s2/attention,3,4,test,0.82168179304168,0.8852099696112814,0.8534458813264807
linear-ord1-s2/attention,4,0,train,0.9316543580604137,0.9594806319626904,0.945567495011552
linear-ord1-s2/attention,4,0,val,0.8818017583193841,0.8395793243252667,0.8606905413223254
linear-ord1-s2/attention,4,0,test,0.8366003726274038,0.7434594922560751,0.7900299324417395
linear-ord1-s2/attention,4,1,train,0.8572604628507671,0.887978158487023,0.8726193106688951
linear-ord1-s2/attention,4,1,val,0.8452275104822035,0.9057656342984616,0.8754965723903325
linear-ord1-s2/attention,4,1,test,0.859998053171681,0.8115487037891176,0.8357733784803993
linear-ord1-s2/attention,4,2,train,0.8857159500428462,0.8716260401710576,0.8786709951069519
linear-ord1-s2/attention,4,2,val,0.8183278128588692,0.8311554279110399,0.8247416203849546
linear-ord1-s2/attention,4,2,test,0.8610472430471113,0.8710192088037195,0.8660332259254154
linear-ord1-s2/attention,4,3,train,0.9377478344823968,0.9096682860025496,0.9237080602424732
linear-ord1-s2/attention,4,3,val,0.8570453722323124,0.9016254130582472,0.8793353926452798
linear-ord1-s2/attention,4,3,test,0.7969364316677818,0.8183977362198729,0.8076670839438274
linear-ord1-s2/attention,4,4,train,0.9056162261218543,0.9034913359474175,0.9045537810346359
linear-ord1-s2/attention,4,4,val,0.8384635704742317,0.7694875277640165,0.803975549119124
linear-ord1-s2/attention,4,4,test,0.8341799266003925,0.9155067444729098,0.8748433355366512
linear-ord0.5-s2/attention,0,0,train,0.8803795044551652,0.9316814052013268,0.9060304548282461
linear-ord0.5-s2/attention,0,0,val,0.8847501363075093,0.8447336362476304,0.8647418862775699
linear-ord0.5-s2/attention,0,0,test,0.8164114447248794,0.7831572787491874,0.7997843617370334
linear-ord0.5-s2/attention,0,1,train,0.892678012213166,0.9259921076908888,0.9093350599520273
linear-ord0.5-s2/attention,0,1,val,0.8683023602223856,0.8899540551873093,0.8791282077048475
linear-ord0.5-s2/attention,0,1,test,0.8551444994129539,0.856818747273371,0.8559816233431625
linear-ord0.5-s2/attention,0,2,train,0.903429107240746,0.8886620174260705,0.8960455623334083
linear-ord0.5-s2/attention,0,2,val,0.826181211746818,0.8312757253352865,0.8287284685410523
linear-ord0.5-s2/attention,0,2,test,0.8456514634370776,0.870253021783101,0.8579522426100894
linear-ord0.5-s2/attention,0,3,train,0.9065220949694989,0.8959256699227792,0.901223882446139
linear-ord0.5-s2/attention,0,3,val,0.839299165597775,0.9041069950631173,0.8717030803304462
linear-ord0.5-s2/attention,0,3,test,0.8272380710725339,0.8566883481022406,0.8419632095873872
linear-ord0.5-s2/attention,0,4,train,0.9122968713556179,0.9014084308336738,0.9068526510946459
linear-ord0.5-s2/attention,0,4,val,0.8467208521546349,0.7532356852090795,0.7999782686818572
linear-ord0.5-s2/attention,0,4,test,0.8426869986582535,0.8877555937304321,0.8652212961943428
linear-ord0.5-s2/attention,1,0,train,0.8824360126702693,0.9085258941301262,0.8954809534001977
linear-ord0.5-s2/attention,1,0,val,0.897794130949295,0.8496704860900811,0.8737323085196881
linear-ord0.5-s2/attention,1,0,test,0.8213770677936778,0.7058309452546747,0.7636040065241763
linear-ord0.5-s2/attention,1,1,train,0.8820109420930876,0.8897274386986397,0.8858691903958636
linear-ord0.5-s2/attention,1,1,val,0.8650105890398294,0.8602725901142046,0.862641589577017
linear-ord0.5-s2/attention,1,1,test,0.8783378499696325,0.8016793255322635,0.840008587750948
linear-ord0.5-s2/attention,1,2,train,0.9357512468082619,0.897573887189404,0.916662566998833
linear-ord0.5-s2/attention,1,2,val,0.8561024805895528,0.8335166400189701,0.8448095603042615
linear-ord0.5-s2/attention,1,2,test,0.8557346896273129,0.8365306492334069,0.8461326694303599
linear-ord0.5-s2/attention,1,3,train,0.9673155012520097,0.9473580660500133,0.9573367836510115
linear-ord0.5-s2/attention,1,3,val,0.8247893481667296,0.876165725988983,0.8504775370778563
linear-ord0.5-s2/attention,1,3,test,0.8300381905921478,0.8558878456529929,0.8429630181225704
linear-ord0.5-s2/attention,1,4,train,0.9856201206815582,0.9745408033125094,0.9800804619970338
linear-ord0.5-s2/attention,1,4,val,0.8435137434311865,0.7410876743208434,0.792300708876015
linear-ord0.5-s2/attention,1,4,test,0.7832286649411503,0.8494858734229055,0.8163572691820279
linear-ord0.5-s2/attention,2,0,train,0.9544062686955789,0.975567634551839,0.964986951623709
linear-ord0.5-s2/attention,2,0,val,0.9026530879008242,0.8355787044448572,0.8691158961728407
linear-ord0.5-s2/attention,2,0,test,0.8384369264438621,0.6724102793267486,0.7554236028853054
linear-ord0.5-s2/attention,2,1,train,0.9432551825142546,0.9569830234379032,0.9501191029760789
linear-ord0.5-s2/attention,2,1,val,0.8749020375336266,0.893815097183464,0.8843585673585452
linear-ord0.5-s2/attention,2,1,test,0.8780097755393731,0.7715329259477333,0.8247713507435532
linear-ord0.5-s2/attention,2,2,train,0.9371914579973707,0.913057466772839,0.9251244623851049
linear-ord0.5-s2/attention,2,2,val,0.8516363449255249,0.802750362387696,0.8271933536566105
linear-ord0.5-s2/attention,2,2,test,0.8630095697059924,0.8758939136872393,0.8694517416966159
linear-ord0.5-s2/attention,2,3,train,0.8948244832312667,0.8931018933192755,0.8939631882752711
linear-ord0.5-s2/attention,2,3,val,0.8113827706664489,0.891578212027122,0.8514804913467855
linear-ord0.5-s2/attention,2,3,test,0.816495479555508,0.8533268993901705,0.8349111894728393
linear-ord0.5-s2/attention,2,4,train,0.9583907449623088,0.9569319926543267,0.9576613688083178
linear-ord0.5-s2/attention,2,4,val,0.8540702183130644,0.7281378753302267,0.7911040468216455
linear-ord0.5-s2/attention,2,4,test,0.833738363471928,0.8593544855588567,0.8465464245153924
linear-ord0.5-s2/attention,3,0,train,0.921511963936119,0.9521726513648177,0.9368423076504684
linear-ord0.5-s2/attention,3,0,val,0.8794060322002586,0.8419944511290248,0.8607002416646417
linear-ord0.5-s2/attention,3,0,test,0.8081593741830227,0.7737658389169758,0.7909626065499993
linear-ord0.5-s2/attention,3,1,train,0.8592170263553933,0.8920025997792497,0.8756098130673216
linear-ord0.5-s2/attention,3,1,val,0.8476535889461158,0.8940549399613698,0.8708542644537427
linear-ord0.5-s2/attention,3,1,test,0.8739658037218516,0.7661184093647951,0.8200421065433234
linear-ord0.5-s2/attention,3,2,train,0.9528501437465485,0.9653120447337704,0.9590810942401595
linear-ord0.5-s2/attention,3,2,val,0.8145238402365111,0.8044534158308172,0.8094886280336642
linear-ord0.5-s2/attention,3,2,test,0.8541301557904796,0.8672611586908581,0.8606956572406688
linear-ord0.5-s2/attention,3,3,train,0.9405955426287799,0.9216703969590335,0.9311329697939067
linear-ord0.5-s2/attention,3,3,val,0.8217801718638027,0.8804046354982658,0.8510924036810342
linear-ord0.5-s2/attention,3,3,test,0.8225150850323578,0.8364501028169269,0.8294825939246424
linear-ord0.5-s2/attention,3,4,train,0.9574579268842913,0.9539994837360483,0.9557287053101697
linear-ord0.5-s2/attention,3,4,val,0.8565587933907797,0.6959195216778539,0.7762391575343168
linear-ord0.5-s2/attention,3,4,test,0.8308937320674891,0.8752085481291187,0.8530511400983039
linear-ord0.5-s2/attention,4,0,train,0.9631434754584368,0.9818552491111787,0.9724993622848077
linear-ord0.5-s2/attention,4,0,val,0.8902351728658358,0.8178766446233416,0.8540559087445887
linear-ord0.5-s2/attention,4,0,test,0.8325977285353161,0.7411085683589079,0.786853148447112
linear-ord0.5-s2/attention,4,1,train,0.8539587361191021,0.8990607088106779,0.87650972246489
linear-ord0.5-s2/attention,4,1,val,0.842792770937379,0.9090205685856371,0.8759066697615081
linear-ord0.5-s2/attention,4,1,test,0.852184878705057,0.8200321873825871,0.836108533043822
linear-ord0.5-s2/attention,4,2,train,0.8886559346605255,0.8768480702987872,0.8827520024796564
linear-ord0.5-s2/attention,4,2,val,0.8181239126754344,0.828078495733069,0.8231012042042517
linear-ord0.5-s2/attention,4,2,test,0.8554193563667274,0.8768077752032224,0.8661135657849749
linear-ord0.5-s2/attention,4,3,train,0.9406275028708567,0.9236869719531169,0.9321572374119869
linear-ord0.5-s2/attention,4,3,val,0.8516464888651836,0.8958166881941036,0.8737315885296436
linear-ord0.5-s2/attention,4,3,test,0.7888140740602346,0.8354766680296756,0.8121453710449551
linear-ord0.5-s2/attention,4,4,train,0.9087612079155559,0.9079253679388469,0.9083432879272014
linear-ord0.5-s2/attention,4,4,val,0.8319734041449469,0.7800849733949765,0.8060291887699618
linear-ord0.5-s2/attention,4,4,test,0.8265204588062119,0.9125710586633726,0.8695457587347923
linear-ord2-s2/attention,0,0,train,0.9282407448899158,0.9479021036274379,0.9380714242586768
linear-ord2-s2/attention,0,0,val,0.8706136157623421,0.8333072007372726,0.8519604082498073
linear-ord2-s2/attention,0,0,test,0.819935643226199,0.766244496928824,0.7930900700775115
linear-ord2-s2/attention,0,1,train,0.8849004719222454,0.922074308048659,0.9034873899854522
linear-ord2-s2/attention,0,1,val,0.8651115041909727,0.8716802684614553,0.868395886326214
linear-ord2-s2/attention,0,1,test,0.8585520832406632,0.8449168467167831,0.8517344649787232
linear-ord2-s2/attention,0,2,train,0.9411905594578971,0.9343971964153821,0.9377938779366396
linear-ord2-s2/attention,0,2,val,0.8351140911697195,0.7938728482359056,0.8144934697028126
linear-ord2-s2/attention,0,2,test,0.842420984010626,0.8476007071033056,0.8450108455569658
linear-ord2-s2/attention,0,3,train,0.8967326940719637,0.8776265142084996,0.8871796041402316
linear-ord2-s2/attention,0,3,val,0.8434344792762478,0.9146933219116007,0.8790639005939243
linear-ord2-s2/attention,0,3,test,0.8161192523093714,0.8469737477629391,0.8315465000361553
linear-ord2-s2/attention,0,4,train,0.8937740761283322,0.8941919801407203,0.8939830281345262
linear-ord2-s2/attention,0,4,val,0.8144764559441471,0.752589480102236,0.7835329680231915
linear-ord2-s2/attention,0,4,test,0.8498150289448889,0.8952393760142847,0.8725272024795868
linear-ord2-s2/attention,1,0,train,0.8740789533454345,0.8927026510622457,0.8833908022038401
linear-ord2-s2/attention,1,0,val,0.888521101745619,0.8448992409871382,0.8667101713663786
linear-ord2-s2/attention,1,0,test,0.8184196478433797,0.7307313509752854,0.7745754994093326
linear-ord2-s2/attention,1,1,train,0.912338350062518,0.9322424656915238,0.9222904078770209
linear-ord2-s2/attention,1,1,val,0.8608960737244667,0.8425840327174405,0.8517400532209536
linear-ord2-s2/attention,1,1,test,0.881586044272617,0.7908932001759282,0.8362396222242726
linear-ord2-s2/attention,1,2,train,0.9978860121336433,0.994122828145184,0.9960044201394136
linear-ord2-s2/attention,1,2,val,0.8287293252434136,0.8435572516151174,0.8361432884292654
linear-ord2-s2/attention,1,2,test,0.8421633953571958,0.8404283415371783,0.841295868447187
linear-ord2-s2/attention,1,3,train,0.9199774920123011,0.8982039017486699,0.9090906968804855
linear-ord2-s2/attention,1,3,val,0.8333858910842368,0.8762059837358239,0.8547959374100303
linear-ord2-s2/attention,1,3,test,0.8250595448459185,0.8138789351535709,0.8194692399997447
linear-ord2-s2/attention,1,4,train,0.9870254404185081,0.9826681999992807,0.9848468202088945
linear-ord2-s2/attention,1,4,val,0.8310060364192452,0.7091444085766385,0.7700752224979419
linear-ord2-s2/attention,1,4,test,0.8370836292714061,0.8202379764419855,0.8286608028566957
linear-ord2-s2/attention,2,0,train,0.9718529611701556,0.9852214245798244,0.97853719287499
linear-ord2-s2/attention,2,0,val,0.8799942010242658,0.8370474112169897,0.8585208061206278
linear-ord2-s2/attention,2,0,test,0.8019196571532659,0.6856794966919435,0.7437995769226047
linear-ord2-s2/attention,2,1,train,0.9161604300825381,0.9260537559951177,0.9211070930388279
linear-ord2-s2/attention,2,1,val,0.876651149234943,0.8739591875519129,0.875305168393428
linear-ord2-s2/attention,2,1,test,0.8891543828346627,0.7869338489284573,0.83804411588156
linear-ord2-s2/attention,2,2,train,0.979283751010344,0.966361306103962,0.972822528557153
linear-ord2-s2/attention,2,2,val,0.819586139096975,0.7817765324895557,0.8006813357932654
linear-ord2-s2/attention,2,2,test,0.8474422316486275,0.831051151858338,0.8392466917534828
linear-ord2-s2/attention,2,3,train,0.9124999810919194,0.9102400781070694,0.9113700295994944
linear-ord2-s2/attention,2,3,val,0.8333939511806081,0.9008463589823695,0.8671201550814889
linear-ord2-s2/attention,2,3,test,0.8016557166450762,0.8283944273784161,0.8150250720117461
linear-ord2-s2/attention,2,4,train,0.9390146249285891,0.9407946207762464,0.9399046228524177
linear-ord2-s2/attention,2,4,val,0.8444578160340542,0.737477642207606,0.7909677291208301
linear-ord2-s2/attention,2,4,test,0.8301688994627704,0.8638613897532272,0.8470151446079988
linear-ord2-s2/attention,3,0,train,0.9231274904913216,0.9573379621398261,0.9402327263155739
linear-ord2-s2/attention,3,0,val,0.8928550083614278,0.8488301710974647,0.8708425897294463
linear-ord2-s2/attention,3,0,test,0.835087044026866,0.7537062583777745,0.7943966512023202
linear-ord2-s2/attention,3,1,train,0.8577949846689984,0.8841657482564138,0.870980366462706
linear-ord2-s2/attention,3,1,val,0.8333880013341189,0.892786858911902,0.8630874301230105
linear-ord2-s2/attention,3,1,test,0.8481859294980745,0.7865299590672139,0.8173579442826442
linear-ord2-s2/attention,3,2,train,0.9843695066998533,0.9807549400354085,0.982562223367631
linear-ord2-s2/attention,3,2,val,0.7976874360746867,0.8180144358241559,0.8078509359494213
linear-ord2-s2/attention,3,2,test,0.8193103507886591,0.8627291476370189,0.8410197492128391
linear-ord2-s2/attention,3,3,train,0.9512863846276423,0.9270713143961049,0.9391788495118736
linear-ord2-s2/attention,3,3,val,0.8219131899212154,0.8824803942177469,0.8521967920694812
linear-ord2-s2/attention,3,3,test,0.8253445130473184,0.833092403037639,0.8292184580424786
linear-ord2-s2/attention,3,4,train,0.9005454167276445,0.924692346846359,0.9126188817870018
linear-ord2-s2/attention,3,4,val,0.843900282007144,0.7415641620949868,0.7927322220510653
linear-ord2-s2/attention,3,4,test,0.8065709858713352,0.8859389378146437,0.8462549618429895
linear-ord2-s2/attention,4,0,train,0.9490731533972918,0.9732610744067552,0.9611671139020235
linear-ord2-s2/attention,4,0,val,0.8914357606225748,0.8420414481868966,0.8667386044047357
linear-ord2-s2/attention,4,0,test,0.8290505960741337,0.7198402283463405,0.7744454122102371
linear-ord2-s2/attention,4,1,train,0.8476455891721324,0.872965753831155,0.8603056715016437
linear-ord2-s2/attention,4,1,val,0.8400850006753124,0.8838887052669322,0.8619868529711223
linear-ord2-s2/attention,4,1,test,0.8621907698353677,0.7719285173507904,0.817059643593079
linear-ord2-s2/attention,4,2,train,0.8821184040129632,0.8530282293554357,0.8675733166841995
linear-ord2-s2/attention,4,2,val,0.8180740521414193,0.8079404517916868,0.813007251966553
linear-ord2-s2/attention,4,2,test,0.8680214909329286,0.8681944749604766,0.8681079829467027
linear-ord2-s2/attention,4,3,train,0.9222275159620139,0.8935285984847753,0.9078780572233947
linear-ord2-s2/attention,4,3,val,0.8508678763880815,0.8998838802187358,0.8753758783034087
linear-ord2-s2/attention,4,3,test,0.7923844971895931,0.798085294151853,0.7952348956707231
linear-ord2-s2/attention,4,4,train,0.8863536600642338,0.899479030378465,0.8929163452213493
linear-ord2-s2/attention,4,4,val,0.8300823706853663,0.7664535710051281,0.7982679708452471
linear-ord2-s2/attention,4,4,test,0.8423923060335233,0.9157037822227909,0.8790480441281572
linear-ord0.25-s2/attention,0,0,train,0.8841598587344867,0.9261673740445443,0.9051636163895155
linear-ord0.25-s2/attention,0,0,val,0.8900167756475043,0.8436716473258462,0.8668442114866752
linear-ord0.25-s2/attention,0,0,test,0.8201867383451029,0.7665123437335498,0.7933495410393263
linear-ord0.25-s2/attention,0,1,train,0.8994194543239782,0.9197953216161301,0.9096073879700541
linear-ord0.25-s2/attention,0,1,val,0.8698625881161898,0.8823372233552269,0.8760999057357084
linear-ord0.25-s2/attention,0,1,test,0.8642049214836508,0.8397963104106857,0.8520006159471682
linear-ord0.25-s2/attention,0,2,train,0.9075661470289382,0.8823401935526988,0.8949531702908184
linear-ord0.25-s2/attention,0,2,val,0.8431981721767136,0.8368891098144929,0.8400436409956032
linear-ord0.25-s2/attention,0,2,test,0.8452162700693719,0.8649531328088262,0.8550847014390991
linear-ord0.25-s2/attention,0,3,train,0.9076161956956972,0.8916002724984788,0.899608234097088
linear-ord0.25-s2/attention,0,3,val,0.8354699723545592,0.9074113969394938,0.8714406846470265
linear-ord0.25-s2/attention,0,3,test,0.8314998516261499,0.8600562987229217,0.8457780751745358
linear-ord0.25-s2/attention,0,4,train,0.9096812526378366,0.8985874749482958,0.9041343637930662
linear-ord0.25-s2/attention,0,4,val,0.8476847150632012,0.7605404068659964,0.8041125609645988
linear-ord0.25-s2/attention,0,4,test,0.837930926545112,0.8823714661194852,0.8601511963322986
linear-ord0.25-s2/attention,1,0,train,0.8816427072550131,0.9104567906646684,0.8960497489598408
linear-ord0.25-s2/attention,1,0,val,0.9048950707540844,0.8486593948054983,0.8767772327797914
linear-ord0.25-s2/attention,1,0,test,0.8237751125385114,0.702393746393432,0.7630844294659718
linear-ord0.25-s2/attention,1,1,train,0.8796786483676599,0.8966363058644383,0.8881574771160491
linear-ord0.25-s2/attention,1,1,val,0.8621318441614542,0.8684648896618435,0.8652983669116489
linear-ord0.25-s2/attention,1,1,test,0.8797944773157738,0.7997440091824904,0.8397692432491322
linear-ord0.25-s2/attention,1,2,train,0.9361381104980322,0.9011281306474115,0.9186331205727218
linear-ord0.25-s2/attention,1,2,val,0.8631540337330733,0.8382601411634278,0.8507070874482505
linear-ord0.25-s2/attention,1,2,test,0.8577728155839106,0.8371538262532104,0.8474633209185605
linear-ord0.25-s2/attention,1,3,train,0.9326895885095071,0.9044621222755338,0.9185758553925205
linear-ord0.25-s2/attention,1,3,val,0.8322947249157652,0.8691495467567766,0.8507221358362709
linear-ord0.25-s2/attention,1,3,test,0.8302317011321534,0.8246458701614401,0.8274387856467967
linear-ord0.25-s2/attention,1,4,train,0.9922784381544368,0.9803660507056619,0.9863222444300493
linear-ord0.25-s2/attention,1,4,val,0.8438551722863757,0.7438992239370443,0.7938771981117101
linear-ord0.25-s2/attention,1,4,test,0.7989085389225314,0.8335089966656989,0.8162087677941152
linear-ord0.25-s2/attention,2,0,train,0.9527001374550291,0.9445992547476185,0.9486496961013238
linear-ord0.25-s2/attention,2,0,val,0.9004488981637081,0.8246665405528912,0.8625577193582996
linear-ord0.25-s2/attention,2,0,test,0.8279487625893966,0.6704651528278864,0.7492069577086415
linear-ord0.25-s2/attention,2,1,train,0.9444880127179957,0.9574123005819406,0.9509501566499681
linear-ord0.25-s2/attention,2,1,val,0.8875735932318494,0.8891504565847785,0.888362024908314
linear-ord0.25-s2/attention,2,1,test,0.8828029667191611,0.7609039818846246,0.8218534743018928
linear-ord0.25-s2/attention,2,2,train,0.9402345757038222,0.9167513327817295,0.9284929542427758
linear-ord0.25-s2/attention,2,2,val,0.8418750068129114,0.7988486250483342,0.8203618159306227
linear-ord0.25-s2/attention,2,2,test,0.8692418243642928,0.8693678764317035,0.8693048503979981
linear-ord0.25-s2/attention,2,3,train,0.8968956287287387,0.8926363327888276,0.8947659807587831
linear-ord0.25-s2/attention,2,3,val,0.8246639432776345,0.8848141067404246,0.8547390250090295
linear-ord0.25-s2/attention,2,3,test,0.8245865994295114,0.8539414962392121,0.8392640478343618
linear-ord0.25-s2/attention,2,4,train,0.9101933432520724,0.9253175343788747,0.9177554388154735
linear-ord0.25-s2/attention,2,4,val,0.842436952787899,0.7320674319676916,0.7872521923777953
linear-ord0.25-s2/attention,2,4,test,0.8091909930704655,0.8777426166361794,0.8434668048533225
linear-ord0.25-s2/attention,3,0,train,0.9241606140359335,0.9542682445728631,0.9392144293043982
linear-ord0.25-s2/attention,3,0,val,0.8882199233987454,0.8443934853469439,0.8663067043728447
linear-ord0.25-s2/attention,3,0,test,0.8015294128798763,0.7887145846756725,0.7951219987777745
linear-ord0.25-s2/attention,3,1,train,0.8448909975247245,0.8914799552038725,0.8681854763642984
linear-ord0.25-s2/attention,3,1,val,0.8360581221455928,0.8919810340957369,0.8640195781206649
linear-ord0.25-s2/attention,3,1,test,0.87744110961824,0.7696949306246151,0.8235680201214275
linear-ord0.25-s2/attention,3,2,train,0.9692371312899858,0.9588969009430749,0.9640670161165303
linear-ord0.25-s2/attention,3,2,val,0.8291806231399573,0.8215944341472808,0.8253875286436191
linear-ord0.25-s2/attention,3,2,test,0.8648540288761827,0.862212122696847,0.8635330757865148
linear-ord0.25-s2/attention,3,3,train,0.9581507867357685,0.9551053671869754,0.956628076961372
linear-ord0.25-s2/attention,3,3,val,0.8276924235873749,0.8855292972304319,0.8566108604089034
linear-ord0.25-s2/attention,3,3,test,0.8062654777725057,0.85661864038889,0.8314420590806979
linear-ord0.25-s2/attention,3,4,train,0.9650312116051127,0.9478410148236296,0.9564361132143712
linear-ord0.25-s2/attention,3,4,val,0.8560235845999928,0.6984825826909525,0.7772530836454727
linear-ord0.25-s2/attention,3,4,test,0.8310864682878037,0.8717997843465476,0.8514431263171757
linear-ord0.25-s2/attention,4,0,train,0.9598679066705409,0.9809887053351175,0.9704283060028291
linear-ord0.25-s2/attention,4,0,val,0.8918553740937786,0.8134173329470902,0.8526363535204344
linear-ord0.25-s2/attention,4,0,test,0.8325035437678634,0.7118419583732755,0.7721727510705694
linear-ord0.25-s2/attention,4,1,train,0.8544029827596473,0.898805972194189,0.8766044774769182
linear-ord0.25-s2/attention,4,1,val,0.8460837106963391,0.9046068126759849,0.875345261686162
linear-ord0.25-s2/attention,4,1,test,0.8650275347986555,0.7852067955477544,0.825117165173205
linear-ord0.25-s2/attention,4,2,train,0.8864029357537003,0.8670029784922523,0.8767029571229763
linear-ord0.25-s2/attention,4,2,val,0.8214512519304308,0.836848865776843,0.8291500588536369
linear-ord0.25-s2/attention,4,2,test,0.846685346683822,0.879746699774268,0.863216023229045
linear-ord0.25-s2/attention,4,3,train,0.9395531065965065,0.929631542476553,0.9345923245365297
linear-ord0.25-s2/attention,4,3,val,0.8519039031810468,0.9000623391992969,0.8759831211901719
linear-ord0.25-s2/attention,4,3,test,0.7977830670909614,0.8317950845680153,0.8147890758294883
linear-ord0.25-s2/attention,4,4,train,0.9061866652983664,0.9112894492943742,0.9087380572963704
linear-ord0.25-s2/attention,4,4,val,0.8326724714019761,0.7747462983871469,0.8037093848945616
linear-ord0.25-s2/attention,4,4,test,0.8163683585087489,0.9078990154365605,0.8621336869726547
mlp256-bin-s2/max,0,0,train,0.960208821755329,0.9920501966264328,0.9761295091908808
mlp256-bin-s2/max,0,0,val,0.915910514529997,0.8380196772669507,0.8769650958984738
mlp256-bin-s2/max,0,0,test,0.7995859235412549,0.7723612388606155,0.7859735812009352
mlp256-bin-s2/max,0,1,train,0.8805781916346602,0.9610708021385665,0.9208244968866134
mlp256-bin-s2/max,0,1,val,0.876179634678289,0.9193557487311877,0.8977676917047384
mlp256-bin-s2/max,0,1,test,0.9123309813740685,0.846178517838695,0.8792547496063818
mlp256-bin-s2/max,0,2,train,0.9652424810666678,0.9820862846694465,0.9736643828680571
mlp256-bin-s2/max,0,2,val,0.781443917794701,0.8648805881168908,0.8231622529557959
mlp256-bin-s2/max,0,2,test,0.8585251930967549,0.9064828543577015,0.8825040237272281
mlp256-bin-s2/max,0,3,train,0.9990831341905446,0.9955323006732154,0.9973077174318801
mlp256-bin-s2/max,0,3,val,0.7884981028064153,0.9314592143035819,0.8599786585549987
mlp256-bin-s2/max,0,3,test,0.7674730646293021,0.8631546006766705,0.8153138326529863
mlp256-bin-s2/max,0,4,train,0.8793873596022995,0.9159209604876147,0.8976541600449571
mlp256-bin-s2/max,0,4,val,0.8405423691518107,0.7879210599370654,0.814231714544438
mlp256-bin-s2/max,0,4,test,0.6957680600429953,0.9163858487770682,0.8060769544100317
mlp256-bin-s2/max,1,0,train,0.8318378885313192,0.9313256892759456,0.8815817889036324
mlp256-bin-s2/max,1,0,val,0.896350712668803,0.8516552448666289,0.8740029787677159
mlp256-bin-s2/max,1,0,test,0.8479114016509453,0.7413613919497756,0.7946363968003605
mlp256-bin-s2/max,1,1,train,0.9093526376750778,0.9536458871906877,0.9314992624328827
mlp256-bin-s2/max,1,1,val,0.8656902042807034,0.929764192243261,0.8977271982619822
mlp256-bin-s2/max,1,1,test,0.9202857304091314,0.8548271671656994,0.8875564487874155
mlp256-bin-s2/max,1,2,train,0.9296759178724145,0.9605899547515812,0.9451329363119978
mlp256-bin-s2/max,1,2,val,0.813429093309688,0.8422718545360927,0.8278504739228904
mlp256-bin-s2/max,1,2,test,0.8559816803243282,0.9049633873592839,0.880472533841806
mlp256-bin-s2/max,1,3,train,0.9847766953773476,0.9889471730149206,0.9868619341961341
mlp256-bin-s2/max,1,3,val,0.7844300886342046,0.9360613498283088,0.8602457192312567
mlp256-bin-s2/max,1,3,test,0.7723161392579442,0.8774406565845883,0.8248783979212662
mlp256-bin-s2/max,1,4,train,0.9847478567674182,0.9967843799905378,0.990766118378978
mlp256-bin-s2/max,1,4,val,0.8333671174286187,0.7618327098087087,0.7975999136186637
mlp256-bin-s2/max,1,4,test,0.7948707720166488,0.8931152701118193,0.8439930210642341
mlp256-bin-s2/max,2,0,train,0.9076456760627496,0.9641577278004941,0.9359017019316218
mlp256-bin-s2/max,2,0,val,0.9197186565041897,0.8536425777580372,0.8866806171311135
mlp256-bin-s2/max,2,0,test,0.8250615527297613,0.8044881252375072,0.8147748389836342
mlp256-bin-s2/max,2,1,train,0.9271707517768745,0.9519943561116286,0.9395825539442515
mlp256-bin-s2/max,2,1,val,0.8750530142998704,0.9101729849188785,0.8926129996093745
mlp256-bin-s2/max,2,1,test,0.9187210978545249,0.8075869819898922,0.8631540399222086
mlp256-bin-s2/max,2,2,train,0.9406040676760767,0.9786693433541122,0.9596367055150945
mlp256-bin-s2/max,2,2,val,0.812415633000191,0.8808569080068743,0.8466362705035326
mlp256-bin-s2/max,2,2,test,0.8832732374787751,0.9022889958790652,0.8927811166789201
mlp256-bin-s2/max,2,3,train,0.983940362841508,0.9877795016449264,0.9858599322432172
mlp256-bin-s2/max,2,3,val,0.7940628074609791,0.9301092129397819,0.8620860102003804
mlp256-bin-s2/max,2,3,test,0.7729675074728342,0.8756274982319778,0.824297502852406
mlp256-bin-s2/max,2,4,train,0.89811580554508,0.9531500656271308,0.9256329355861054
mlp256-bin-s2/max,2,4,val,0.8464297877452253,0.7646820515891715,0.8055559196671984
mlp256-bin-s2/max,2,4,test,0.7220699382405941,0.9148395845375096,0.8184547613890518
mlp256-bin-s2/max,3,0,train,0.9372574598818025,0.9766373914845974,0.9569474256832
mlp256-bin-s2/max,3,0,val,0.9212213204065651,0.8173620754453351,0.8692916979259502
mlp256-bin-s2/max,3,0,test,0.8517718081962468,0.803324796118929,0.8275483021575879
mlp256-bin-s2/max,3,1,train,0.9105302950268095,0.9691367371156736,0.9398335160712415
mlp256-bin-s2/max,3,1,val,0.8748796987731964,0.9195045773703927,0.8971921380717945
mlp256-bin-s2/max,3,1,test,0.8766916228871247,0.8428255385945964,0.8597585807408605
mlp256-bin-s2/max,3,2,train,0.9999545787176034,0.9981053811532122,0.9990299799354079
mlp256-bin-s2/max,3,2,val,0.8016369623792114,0.8581155860512679,0.8298762742152397
mlp256-bin-s2/max,3,2,test,0.8301838029379458,0.8718311881787447,0.8510074955583453
mlp256-bin-s2/max,3,3,train,0.9700489731545652,0.9836139917630107,0.9768314824587879
mlp256-bin-s2/max,3,3,val,0.7754386923029171,0.9353139153607566,0.8553763038318368
mlp256-bin-s2/max,3,3,test,0.7741455790832139,0.8871134668555662,0.8306295229693901
mlp256-bin-s2/max,3,4,train,0.9411519140083463,0.982333829208925,0.9617428716086356
mlp256-bin-s2/max,3,4,val,0.8371736176028496,0.78304396117126,0.8101087893870548
mlp256-bin-s2/max,3,4,test,0.7419523833952779,0.9101686391131442,0.826060511254211
mlp256-bin-s2/max,4,0,train,0.9350060439327056,0.989837915531194,0.9624219797319498
mlp256-bin-s2/max,4,0,val,0.8996122169161441,0.8494943292411956,0.8745532730786698
mlp256-bin-s2/max,4,0,test,0.8145291191807446,0.7767747004749993,0.7956519098278719
mlp256-bin-s2/max,4,1,train,0.9894323724317924,0.9936997633522361,0.9915660678920142
mlp256-bin-s2/max,4,1,val,0.8821257885892281,0.9043928105440797,0.893259299566654
mlp256-bin-s2/max,4,1,test,0.8939938884888772,0.852562076448998,0.8732779824689376
mlp256-bin-s2/max,4,2,train,0.8507860417923501,0.896124708742476,0.873455375267413
mlp256-bin-s2/max,4,2,val,0.7873758713732661,0.8330906009762616,0.810233236174764
mlp256-bin-s2/max,4,2,test,0.8473544783684318,0.892904161118869,0.8701293197436504
mlp256-bin-s2/max,4,3,train,0.9745857758317528,0.9840043310663825,0.9792950534490676
mlp256-bin-s2/max,4,3,val,0.8109965903973245,0.9286119794672879,0.8698042849323062
mlp256-bin-s2/max,4,3,test,0.7722317447310864,0.863872044362786,0.8180518945469362
mlp256-bin-s2/max,4,4,train,0.9447865333605974,0.9723096464397581,0.9585480899001777
mlp256-bin-s2/max,4,4,val,0.8601408386909134,0.7586271391951248,0.8093839889430191
mlp256-bin-s2/max,4,4,test,0.7448857712456254,0.9156249634258176,0.8302553673357215
linear-ord1-s2/linear_softmax,0,0,train,0.8849906105520725,0.8998200835740838,0.8924053470630782
linear-ord1-s2/linear_softmax,0,0,val,0.9100031332086611,0.8282267484095092,0.8691149408090851
linear-ord1-s2/linear_softmax,0,0,test,0.8447319083932793,0.7280743278981957,0.7864031181457375
linear-ord1-s2/linear_softmax,0,1,train,0.8725572657350814,0.8612343083081715,0.8668957870216265
linear-ord1-s2/linear_softmax,0,1,val,0.8630919885620962,0.8386678742216442,0.8508799313918702
linear-ord1-s2/linear_softmax,0,1,test,0.9069809899267615,0.8157448272594519,0.8613629085931067
linear-ord1-s2/linear_softmax,0,2,train,0.8924099311351793,0.867593877713531,0.8800019044243552
linear-ord1-s2/linear_softmax,0,2,val,0.8551789690493742,0.7654766679368744,0.8103278184931243
linear-ord1-s2/linear_softmax,0,2,test,0.8704462426952555,0.7910420850761106,0.8307441638856831
linear-ord1-s2/linear_softmax,0,3,train,0.9117002093062629,0.8622211870799606,0.8869606981931117
linear-ord1-s2/linear_softmax,0,3,val,0.8399331704308403,0.9081503441297563,0.8740417572802983
linear-ord1-s2/linear_softmax,0,3,test,0.8494452028057934,0.8213581484097074,0.8354016756077505
linear-ord1-s2/linear_softmax,0,4,train,0.8867106354944851,0.8389538380980645,0.8628322367962749
linear-ord1-s2/linear_softmax,0,4,val,0.8370622201019629,0.6806826007446287,0.7588724104232958
linear-ord1-s2/linear_softmax,0,4,test,0.832084613204378,0.8418918905871439,0.836988251895761
linear-ord1-s2/linear_softmax,1,0,train,0.8890570455815409,0.903165529217275,0.8961112873994079
linear-ord1-s2/linear_softmax,1,0,val,0.9085578146738738,0.8239190172015496,0.8662384159377117
linear-ord1-s2/linear_softmax,1,0,test,0.8467863105669939,0.7284247254422682,0.7876055180046311
linear-ord1-s2/linear_softmax,1,1,train,0.8810570453936221,0.87432254076494,0.8776897930792811
linear-ord1-s2/linear_softmax,1,1,val,0.8643021079636537,0.8623286849828351,0.8633153964732444
linear-ord1-s2/linear_softmax,1,1,test,0.9232914199493388,0.8209094978744651,0.8721004589119019
linear-ord1-s2/linear_softmax,1,2,train,0.8887585535093743,0.8339985914805476,0.861378572494961
linear-ord1-s2/linear_softmax,1,2,val,0.8438655218006376,0.7331733165259925,0.788519419163315
linear-ord1-s2/linear_softmax,1,2,test,0.8622937187391414,0.7889179975212849,0.8256058581302131
linear-ord1-s2/linear_softmax,1,3,train,0.913778977395734,0.8401207656960143,0.8769498715458741
linear-ord1-s2/linear_softmax,1,3,val,0.8390508347890931,0.8900483424232148,0.864549588606154
linear-ord1-s2/linear_softmax,1,3,test,0.857234120829352,0.759536384052207,0.8083852524407795
linear-ord1-s2/linear_softmax,1,4,train,0.905417222369831,0.8538911745171359,0.8796541984434835
linear-ord1-s2/linear_softmax,1,4,val,0.8499174267232924,0.7043289767784439,0.7771232017508681
linear-ord1-s2/linear_softmax,1,4,test,0.8376432078269798,0.8689174612806383,0.853280334553809
linear-ord1-s2/linear_softmax,2,0,train,0.8843863525850829,0.9029955470868105,0.8936909498359467
linear-ord1-s2/linear_softmax,2,0,val,0.9028222677380012,0.8381698068610093,0.8704960372995052
linear-ord1-s2/linear_softmax,2,0,test,0.8469632162474019,0.7319706140681688,0.7894669151577853
linear-ord1-s2/linear_softmax,2,1,train,0.8748497663143492,0.8603678879390682,0.8676088271267086
linear-ord1-s2/linear_softmax,2,1,val,0.8429419499381852,0.8695342976233725,0.8562381237807788
linear-ord1-s2/linear_softmax,2,1,test,0.9062632886780765,0.7586723115435364,0.8324678001108065
linear-ord1-s2/linear_softmax,2,2,train,0.8921597749127345,0.8680984005629863,0.8801290877378604
linear-ord1-s2/linear_softmax,2,2,val,0.8514481041435338,0.800665670066658,0.826056887105096
linear-ord1-s2/linear_softmax,2,2,test,0.8625340068816175,0.817528085865268,0.8400310463734428
linear-ord1-s2/linear_softmax,2,3,train,0.9115675145877525,0.8724090012204927,0.8919882579041226
linear-ord1-s2/linear_softmax,2,3,val,0.8339020781606591,0.9080256641330706,0.8709638711468648
linear-ord1-s2/linear_softmax,2,3,test,0.8272746913641523,0.8423048172659336,0.834789754315043
linear-ord1-s2/linear_softmax,2,4,train,0.8953974589722548,0.8126648109988474,0.854031134985551
linear-ord1-s2/linear_softmax,2,4,val,0.844956602796809,0.6714204513488282,0.7581885270728186
linear-ord1-s2/linear_softmax,2,4,test,0.835003996449346,0.8207963916058155,0.8279001940275807
linear-ord1-s2/linear_softmax,3,0,train,0.8776413542232502,0.8324765768221686,0.8550589655227094
linear-ord1-s2/linear_softmax,3,0,val,0.9112521246030132,0.7867452613053787,0.8489986929541959
linear-ord1-s2/linear_softmax,3,0,test,0.8404636833449705,0.6617855952712706,0.7511246393081206
linear-ord1-s2/linear_softmax,3,1,train,0.8587096577941858,0.802182706905685,0.8304461823499354
linear-ord1-s2/linear_softmax,3,1,val,0.8588947444154487,0.813351055511862,0.8361228999636554
linear-ord1-s2/linear_softmax,3,1,test,0.896585774429049,0.6229819654994444,0.7597838699642467
linear-ord1-s2/linear_softmax,3,2,train,0.8910897582248121,0.8861672042653594,0.8886284812450858
linear-ord1-s2/linear_softmax,3,2,val,0.8434427502996635,0.7919269300427154,0.8176848401711895
linear-ord1-s2/linear_softmax,3,2,test,0.8451885649865483,0.8269313555242384,0.8360599602553933
linear-ord1-s2/linear_softmax,3,3,train,0.9125432791516185,0.873146645659877,0.8928449624057477
linear-ord1-s2/linear_softmax,3,3,val,0.831994117075709,0.9165914468990083,0.8742927819873587
linear-ord1-s2/linear_softmax,3,3,test,0.8436309900241059,0.8189109349276881,0.8312709624758969
linear-ord1-s2/linear_softmax,3,4,train,0.8799761716301108,0.8957583547658348,0.8878672631979727
linear-ord1-s2/linear_softmax,3,4,val,0.8384189972918489,0.7383123346384565,0.7883656659651527
linear-ord1-s2/linear_softmax,3,4,test,0.8100188969684489,0.8964676911582533,0.8532432940633511
linear-ord1-s2/linear_softmax,4,0,train,0.8842029956842149,0.9316351013015621,0.9079190484928885
linear-ord1-s2/linear_softmax,4,0,val,0.9033208474794644,0.8436140441297612,0.8734674458046128
linear-ord1-s2/linear_softmax,4,0,test,0.8508950061438456,0.7669344720677714,0.8089147391058085
linear-ord1-s2/linear_softmax,4,1,train,0.8801692625697525,0.8888065405375826,0.8844879015536675
linear-ord1-s2/linear_softmax,4,1,val,0.8588946105961115,0.8753334600890161,0.8671140353425638
linear-ord1-s2/linear_softmax,4,1,test,0.917280336542931,0.8269184230806212,0.8720993798117761
linear-ord1-s2/linear_softmax,4,2,train,0.8995588822270788,0.8834944552641015,0.8915266687455902
linear-ord1-s2/linear_softmax,4,2,val,0.8509162543848664,0.7966175937039953,0.8237669240444309
linear-ord1-s2/linear_softmax,4,2,test,0.8576926188990022,0.8291666825407965,0.8434296507198993
linear-ord1-s2/linear_softmax,4,3,train,0.899336307592515,0.8344550263376118,0.8668956669650634
linear-ord1-s2/linear_softmax,4,3,val,0.8470100815381952,0.8872219100332034,0.8671159957856993
linear-ord1-s2/linear_softmax,4,3,test,0.844931595555284,0.7770287909048077,0.8109801932300458
linear-ord1-s2/linear_softmax,4,4,train,0.8992611506547559,0.8633654709643495,0.8813133108095527
linear-ord1-s2/linear_softmax,4,4,val,0.8463495197275231,0.7034927769211102,0.7749211483243167
linear-ord1-s2/linear_softmax,4,4,test,0.8376055936519309,0.8686878320349226,0.8531467128434267
mlp256-ord0.5-s2/linear_softmax,0,0,train,0.8583527793009191,0.9283338332995597,0.8933433063002394
mlp256-ord0.5-s2/linear_softmax,0,0,val,0.9195526605359028,0.8400724079719051,0.8798125342539039
mlp256-ord0.5-s2/linear_softmax,0,0,test,0.8473987706624266,0.7004979537814456,0.7739483622219361
mlp256-ord0.5-s2/linear_softmax,0,1,train,0.8394908936257847,0.8498190414603254,0.844654967543055
mlp256-ord0.5-s2/linear_softmax,0,1,val,0.8518963273291703,0.864016462550425,0.8579563949397977
mlp256-ord0.5-s2/linear_softmax,0,1,test,0.9059899656287603,0.7885071742152324,0.8472485699219964
mlp256-ord0.5-s2/linear_softmax,0,2,train,0.897907709786142,0.9157917320964253,0.9068497209412836
mlp256-ord0.5-s2/linear_softmax,0,2,val,0.7851146574387488,0.7779077236087227,0.7815111905237357
mlp256-ord0.5-s2/linear_softmax,0,2,test,0.8487056501476232,0.8285102260651012,0.8386079381063622
mlp256-ord0.5-s2/linear_softmax,0,3,train,0.8746374972704966,0.8573167952291968,0.8659771462498467
mlp256-ord0.5-s2/linear_softmax,0,3,val,0.7748220679114511,0.910816003331764,0.8428190356216076
mlp256-ord0.5-s2/linear_softmax,0,3,test,0.8082665606828442,0.8191022105236435,0.8136843856032439
mlp256-ord0.5-s2/linear_softmax,0,4,train,0.9218811823049462,0.9119136123741242,0.9168973973395351
mlp256-ord0.5-s2/linear_softmax,0,4,val,0.8264481439544282,0.708940616963431,0.7676943804589296
mlp256-ord0.5-s2/linear_softmax,0,4,test,0.6966836203109962,0.9020570369328441,0.7993703286219201
mlp256-ord0.5-s2/linear_softmax,1,0,train,0.9070441322345311,0.957501486624563,0.932272809429547
mlp256-ord0.5-s2/linear_softmax,1,0,val,0.8798129470437844,0.8178539710603526,0.8488334590520685
mlp256-ord0.5-s2/linear_softmax,1,0,test,0.8351822164689587,0.7572767677850585,0.7962294921270086
mlp256-ord0.5-s2/linear_softmax,1,1,train,0.9381226036398193,0.9614461512192958,0.9497843774295576
mlp256-ord0.5-s2/linear_softmax,1,1,val,0.868913334307275,0.8775512453523069,0.873232289829791
mlp256-ord0.5-s2/linear_softmax,1,1,test,0.9169988819781761,0.7964277099856486,0.8567132959819124
mlp256-ord0.5-s2/linear_softmax,1,2,train,0.8930681042796085,0.8872111102537019,0.8901396072666552
mlp256-ord0.5-s2/linear_softmax,1,2,val,0.8263354425675798,0.7952203968279814,0.8107779196977807
mlp256-ord0.5-s2/linear_softmax,1,2,test,0.8398427528314499,0.8622865000062574,0.8510646264188537
mlp256-ord0.5-s2/linear_softmax,1,3,train,0.876088411846539,0.8471150466417229,0.8616017292441309
mlp256-ord0.5-s2/linear_softmax,1,3,val,0.7616949261718704,0.9166046942026495,0.8391498101872599
mlp256-ord0.5-s2/linear_softmax,1,3,test,0.7940497278648466,0.8262399872929105,0.8101448575788786
mlp256-ord0.5-s2/linear_softmax,1,4,train,0.9637284316704696,0.9509615453262134,0.9573449884983415
mlp256-ord0.5-s2/linear_softmax,1,4,val,0.8443557458108006,0.6989641089829172,0.771659927396859
mlp256-ord0.5-s2/linear_softmax,1,4,test,0.6712338001172045,0.8919655178382382,0.7815996589777213
mlp256-ord0.5-s2/linear_softmax,2,0,train,0.889582207583639,0.9471917925396767,0.9183870000616579
mlp256-ord0.5-s2/linear_softmax,2,0,val,0.8994402147534122,0.8074094489391013,0.8534248318462567
mlp256-ord0.5-s2/linear_softmax,2,0,test,0.8377137516130767,0.6745052384024237,0.7561094950077503
mlp256-ord0.5-s2/linear_softmax,2,1,train,0.9304866147734153,0.9403267615726377,0.9354066881730265
mlp256-ord0.5-s2/linear_softmax,2,1,val,0.858330648622378,0.8769534563225536,0.8676420524724657
mlp256-ord0.5-s2/linear_softmax,2,1,test,0.9250683464448509,0.7618629704008052,0.8434656584228281
mlp256-ord0.5-s2/linear_softmax,2,2,train,0.8641995605689615,0.8708535733513093,0.8675265669601354
mlp256-ord0.5-s2/linear_softmax,2,2,val,0.8268308739909207,0.7680412574143495,0.7974360657026351
mlp256-ord0.5-s2/linear_softmax,2,2,test,0.8661644375563023,0.8298216689743446,0.8479930532653235
mlp256-ord0.5-s2/linear_softmax,2,3,train,0.8979861589901145,0.8694301360089095,0.883708147499512
mlp256-ord0.5-s2/linear_softmax,2,3,val,0.7556488757334676,0.912466902741938,0.8340578892377029
mlp256-ord0.5-s2/linear_softmax,2,3,test,0.8195048153599134,0.814521948488534,0.8170133819242237
mlp256-ord0.5-s2/linear_softmax,2,4,train,0.9216919395517585,0.8992900163282056,0.9104909779399821
mlp256-ord0.5-s2/linear_softmax,2,4,val,0.8453219123740208,0.7085358746387339,0.7769288935063774
mlp256-ord0.5-s2/linear_softmax,2,4,test,0.6944254516750376,0.9101133255082187,0.8022693885916281
mlp256-ord0.5-s2/linear_softmax,3,0,train,0.879491757803523,0.9463213291111812,0.912906543457352
mlp256-ord0.5-s2/linear_softmax,3,0,val,0.9077726029606403,0.8150705805016919,0.8614215917311661
mlp256-ord0.5-s2/linear_softmax,3,0,test,0.8422806866291558,0.7189917960708365,0.7806362413499961
mlp256-ord0.5-s2/linear_softmax,3,1,train,0.8805991983435502,0.9194990570410326,0.9000491276922914
mlp256-ord0.5-s2/linear_softmax,3,1,val,0.8589162050208512,0.8725202301410021,0.8657182175809266
mlp256-ord0.5-s2/linear_softmax,3,1,test,0.9281069657769866,0.7939489983994222,0.8610279820882044
mlp256-ord0.5-s2/linear_softmax,3,2,train,0.8701179572322774,0.8729307820779761,0.8715243696551267
mlp256-ord0.5-s2/linear_softmax,3,2,val,0.8130066694345803,0.8121754538651234,0.8125910616498518
mlp256-ord0.5-s2/linear_softmax,3,2,test,0.8697709821227435,0.8644462348529179,0.8671086084878308
mlp256-ord0.5-s2/linear_softmax,3,3,train,0.9011689297756472,0.8491612029133146,0.875165066344481
mlp256-ord0.5-s2/linear_softmax,3,3,val,0.7696158952858394,0.9198484183416813,0.8447321568137603
mlp256-ord0.5-s2/linear_softmax,3,3,test,0.7972104860735025,0.7871345890331526,0.7921725375533275
mlp256-ord0.5-s2/linear_softmax,3,4,train,0.9073852611595941,0.9018766640363347,0.9046309625979644
mlp256-ord0.5-s2/linear_softmax,3,4,val,0.8317425388607371,0.6948759427028494,0.7633092407817932
mlp256-ord0.5-s2/linear_softmax,3,4,test,0.7075791495726536,0.8945502694020001,0.8010647094873269
mlp256-ord0.5-s2/linear_softmax,4,0,train,0.9154710609462653,0.9526475732637594,0.9340593171050123
mlp256-ord0.5-s2/linear_softmax,4,0,val,0.891004118085902,0.8022952082279253,0.8466496631569136
mlp256-ord0.5-s2/linear_softmax,4,0,test,0.8395246662863233,0.770440027616129,0.8049823469512261
mlp256-ord0.5-s2/linear_softmax,4,1,train,0.861371278699522,0.9058031892000002,0.8835872339497611
mlp256-ord0.5-s2/linear_softmax,4,1,val,0.8678261330913734,0.8893897587201506,0.878607945905762
mlp256-ord0.5-s2/linear_softmax,4,1,test,0.9248757426462834,0.7982980617734109,0.8615869022098471
mlp256-ord0.5-s2/linear_softmax,4,2,train,0.8702123382588074,0.8560168948225312,0.8631146165406693
mlp256-ord0.5-s2/linear_softmax,4,2,val,0.7963035155271997,0.7758255541181143,0.7860645348226569
mlp256-ord0.5-s2/linear_softmax,4,2,test,0.8528557453373664,0.8141129060815746,0.8334843257094705
mlp256-ord0.5-s2/linear_softmax,4,3,train,0.9308207690538017,0.9086274160627618,0.9197240925582817
mlp256-ord0.5-s2/linear_softmax,4,3,val,0.7540664942458778,0.9132328063603083,0.833649650303093
mlp256-ord0.5-s2/linear_softmax,4,3,test,0.8307015110980817,0.7479144907604833,0.7893080009292825
mlp256-ord0.5-s2/linear_softmax,4,4,train,0.926008591374718,0.9186951027646088,0.9223518470696634
mlp256-ord0.5-s2/linear_softmax,4,4,val,0.8336832566279985,0.7215047279758249,0.7775939923019117
mlp256-ord0.5-s2/linear_softmax,4,4,test,0.7079872384254396,0.9019521587347598,0.8049696985800997
linear-bin-s2/max,0,0,train,0.8260896670910519,0.9329263046721417,0.8795079858815968
linear-bin-s2/max,0,0,val,0.8866131741183434,0.8522342860459444,0.8694237300821439
linear-bin-s2/max,0,0,test,0.8041168405312845,0.734483985642712,0.7693004130869983
linear-bin-s2/max,0,1,train,0.8309850237624458,0.864560122627418,0.8477725731949319
linear-bin-s2/max,0,1,val,0.8335097763945136,0.9087246636263092,0.8711172200104114
linear-bin-s2/max,0,1,test,0.8832288826504783,0.837974354515601,0.8606016185830396
linear-bin-s2/max,0,2,train,0.8501103147852145,0.859005526103794,0.8545579204445042
linear-bin-s2/max,0,2,val,0.8228316196224462,0.857706824699037,0.8402692221607416
linear-bin-s2/max,0,2,test,0.8219982219455148,0.8845197666070591,0.8532589942762869
linear-bin-s2/max,0,3,train,0.8805890503919191,0.861330024737819,0.8709595375648691
linear-bin-s2/max,0,3,val,0.7856244836442883,0.9280929399586297,0.856858711801459
linear-bin-s2/max,0,3,test,0.8265845830014265,0.8774047736933892,0.8519946783474078
linear-bin-s2/max,0,4,train,0.8883276483271757,0.9065972665837922,0.8974624574554839
linear-bin-s2/max,0,4,val,0.8401833193084988,0.7574262079506159,0.7988047636295573
linear-bin-s2/max,0,4,test,0.7452071809089372,0.9201167446339391,0.8326619627714382
linear-bin-s2/max,1,0,train,0.871670651531614,0.9499698103938032,0.9108202309627087
linear-bin-s2/max,1,0,val,0.9084605469090337,0.8479194685005051,0.8781900077047694
linear-bin-s2/max,1,0,test,0.8358908516817938,0.7505977671140608,0.7932443093979273
linear-bin-s2/max,1,1,train,0.8538531848099055,0.8874159656745645,0.870634575242235
linear-bin-s2/max,1,1,val,0.83938560544606,0.9180163768205445,0.8787009911333022
linear-bin-s2/max,1,1,test,0.9009527540099478,0.8411089045290437,0.8710308292694957
linear-bin-s2/max,1,2,train,0.875442678845506,0.8852399507155873,0.8803413147805466
linear-bin-s2/max,1,2,val,0.8288811690558787,0.8623384594069307,0.8456098142314047
linear-bin-s2/max,1,2,test,0.8238709642705304,0.8826695179959334,0.8532702411332319
linear-bin-s2/max,1,3,train,0.8571885506488481,0.8209424059947374,0.8390654783217928
linear-bin-s2/max,1,3,val,0.7784998666690738,0.9211250432078419,0.8498124549384578
linear-bin-s2/max,1,3,test,0.8148047217920774,0.8495225882734821,0.8321636550327798
linear-bin-s2/max,1,4,train,0.8777509616900906,0.8933138937890335,0.885532427739562
linear-bin-s2/max,1,4,val,0.8420572490209373,0.7400903513720803,0.7910738001965087
linear-bin-s2/max,1,4,test,0.7621953883125777,0.9220378710334787,0.8421166296730282
linear-bin-s2/max,2,0,train,0.8147879705478888,0.9027860805525798,0.8587870255502343
linear-bin-s2/max,2,0,val,0.8735759952025083,0.8487575136116225,0.8611667544070654
linear-bin-s2/max,2,0,test,0.8080027670106539,0.7093907690489176,0.7586967680297858
linear-bin-s2/max,2,1,train,0.8389557308752472,0.8777217175902421,0.8583387242327447
linear-bin-s2/max,2,1,val,0.8273903053000409,0.9188825694080605,0.8731364373540507
linear-bin-s2/max,2,1,test,0.8716476707667978,0.8500028655132396,0.8608252681400187
linear-bin-s2/max,2,2,train,0.8820885234961071,0.8796919516993063,0.8808902375977067
linear-bin-s2/max,2,2,val,0.8250979316740793,0.8609962706067017,0.8430471011403905
linear-bin-s2/max,2,2,test,0.8189636077270294,0.8929821929241392,0.8559729003255843
linear-bin-s2/max,2,3,train,0.8701723482939075,0.8425643043043954,0.8563683262991515
linear-bin-s2/max,2,3,val,0.78175385393431,0.9266445886186987,0.8541992212765044
linear-bin-s2/max,2,3,test,0.8294084281284384,0.8444179886651916,0.8369132083968149
linear-bin-s2/max,2,4,train,0.8732023409548962,0.8944317107701755,0.8838170258625359
linear-bin-s2/max,2,4,val,0.8439477420645097,0.7521634475113002,0.7980555947879049
linear-bin-s2/max,2,4,test,0.7862039058001765,0.9161913958104885,0.8511976508053325
linear-bin-s2/max,3,0,train,0.8327322037169288,0.9095260808104587,0.8711291422636938
linear-bin-s2/max,3,0,val,0.8844364484304239,0.8343588497720461,0.859397649101235
linear-bin-s2/max,3,0,test,0.8151892336046723,0.7269490818102149,0.7710691577074436
linear-bin-s2/max,3,1,train,0.8224162170723988,0.8654133508206082,0.8439147839465035
linear-bin-s2/max,3,1,val,0.8336902938934285,0.9077673875595096,0.870728840726469
linear-bin-s2/max,3,1,test,0.8774952072194087,0.8361786101906018,0.8568369087050052
linear-bin-s2/max,3,2,train,0.8616367507713979,0.8545515212495783,0.8580941360104881
linear-bin-s2/max,3,2,val,0.8221377139190362,0.8591443370977528,0.8406410255083945
linear-bin-s2/max,3,2,test,0.8325991243886184,0.8899810922576763,0.8612901083231473
linear-bin-s2/max,3,3,train,0.8672492165850137,0.8665050310639826,0.8668771238244981
linear-bin-s2/max,3,3,val,0.781450579248008,0.9231003217784012,0.8522754505132046
linear-bin-s2/max,3,3,test,0.8385995640591135,0.8648764131845686,0.851737988621841
linear-bin-s2/max,3,4,train,0.8510630181324461,0.8501803620565147,0.8506216900944804
linear-bin-s2/max,3,4,val,0.82018819312302,0.7272428933851237,0.7737155432540719
linear-bin-s2/max,3,4,test,0.7710258048604078,0.8930439739468988,0.8320348894036533
linear-bin-s2/max,4,0,train,0.8292774355035291,0.9024858110937665,0.8658816232986477
linear-bin-s2/max,4,0,val,0.8732619293782706,0.8461927105478495,0.8597273199630601
linear-bin-s2/max,4,0,test,0.8145971813965872,0.7152214368069183,0.7649093091017527
linear-bin-s2/max,4,1,train,0.8938698892420747,0.9092824132397423,0.9015761512409085
linear-bin-s2/max,4,1,val,0.8455489520095083,0.9246678969452518,0.88510842447738
linear-bin-s2/max,4,1,test,0.9017292837943991,0.8627068344460457,0.8822180591202224
linear-bin-s2/max,4,2,train,0.8644055202139621,0.869886071100912,0.8671457956574371
linear-bin-s2/max,4,2,val,0.8283557542213926,0.8644456475401533,0.846400700880773
linear-bin-s2/max,4,2,test,0.8204202822446593,0.8875268782570688,0.8539735802508641
linear-bin-s2/max,4,3,train,0.8707715411519367,0.8498334973885011,0.860302519270219
linear-bin-s2/max,4,3,val,0.7791785117508463,0.9210471549968878,0.850112833373867
linear-bin-s2/max,4,3,test,0.82150686869945,0.8450413876717162,0.8332741281855831
linear-bin-s2/max,4,4,train,0.8598150433712447,0.8814960610525719,0.8706555522119084
linear-bin-s2/max,4,4,val,0.8424832673117038,0.7389421823881756,0.7907127248499397
linear-bin-s2/max,4,4,test,0.7613446055349257,0.909758588681019,0.8355515971079723
linear-ord2-s2/linear_softmax,0,0,train,0.8813563198109532,0.8899629813549335,0.8856596505829433
linear-ord2-s2/linear_softmax,0,0,val,0.9115555553713075,0.8241528085317744,0.867854181951541
linear-ord2-s2/linear_softmax,0,0,test,0.8393730849219444,0.7142548616426364,0.7768139732822904
linear-ord2-s2/linear_softmax,0,1,train,0.8728197169607141,0.8596644597396224,0.8662420883501682
linear-ord2-s2/linear_softmax,0,1,val,0.8624263896810377,0.8327738257592987,0.8476001077201682
linear-ord2-s2/linear_softmax,0,1,test,0.9103246239966455,0.819822401149895,0.8650735125732703
linear-ord2-s2/linear_softmax,0,2,train,0.8840529875580858,0.8612918102030227,0.8726723988805543
linear-ord2-s2/linear_softmax,0,2,val,0.8532715322524433,0.7661961535459906,0.8097338428992169
linear-ord2-s2/linear_softmax,0,2,test,0.855064736461322,0.8069368764749364,0.8310008064681291
linear-ord2-s2/linear_softmax,0,3,train,0.9116567089231068,0.8480351539164886,0.8798459314197977
linear-ord2-s2/linear_softmax,0,3,val,0.8483933372904896,0.8939247547654564,0.871159046027973
linear-ord2-s2/linear_softmax,0,3,test,0.8450129254778379,0.7737429789036532,0.8093779521907456
linear-ord2-s2/linear_softmax,0,4,train,0.883279967894058,0.8424224018507748,0.8628511848724164
linear-ord2-s2/linear_softmax,0,4,val,0.8366688074555166,0.6962574036189648,0.7664631055372407
linear-ord2-s2/linear_softmax,0,4,test,0.8395693274455293,0.843214563238531,0.8413919453420301
linear-ord2-s2/linear_softmax,1,0,train,0.8873801186983787,0.8787093121278369,0.8830447154131078
linear-ord2-s2/linear_softmax,1,0,val,0.9034732977352532,0.8133603211707037,0.8584168094529785
linear-ord2-s2/linear_softmax,1,0,test,0.8327483088792957,0.7080580697665159,0.7704031893229057
linear-ord2-s2/linear_softmax,1,1,train,0.8783016400782822,0.8687540446958003,0.8735278423870412
linear-ord2-s2/linear_softmax,1,1,val,0.8596915665573495,0.8520478909389658,0.8558697287481576
linear-ord2-s2/linear_softmax,1,1,test,0.9209302673695436,0.8123274864418395,0.8666288769056916
linear-ord2-s2/linear_softmax,1,2,train,0.8843165288676245,0.8456220800984554,0.86496930448304
linear-ord2-s2/linear_softmax,1,2,val,0.8491736480008801,0.7173980108010204,0.7832858294009503
linear-ord2-s2/linear_softmax,1,2,test,0.8491623972215099,0.7947493045729763,0.8219558508972431
linear-ord2-s2/linear_softmax,1,3,train,0.8960791462631188,0.8191520035708277,0.8576155749169733
linear-ord2-s2/linear_softmax,1,3,val,0.8496053691808613,0.8707083835598338,0.8601568763703475
linear-ord2-s2/linear_softmax,1,3,test,0.8333696062602751,0.7637572443188433,0.7985634252895593
linear-ord2-s2/linear_softmax,1,4,train,0.8980974888068154,0.8614196528972048,0.8797585708520101
linear-ord2-s2/linear_softmax,1,4,val,0.8551653086704714,0.7047235918162801,0.7799444502433757
linear-ord2-s2/linear_softmax,1,4,test,0.8338664669343024,0.855424225195346,0.8446453460648242
linear-ord2-s2/linear_softmax,2,0,train,0.8866001940133966,0.8940565670672611,0.8903283805403288
linear-ord2-s2/linear_softmax,2,0,val,0.9059729286883567,0.8300270745894595,0.868000001638908
linear-ord2-s2/linear_softmax,2,0,test,0.8255762158955194,0.7195111035406719,0.7725436597180957
linear-ord2-s2/linear_softmax,2,1,train,0.8723444358558037,0.8393797569346954,0.8558620963952495
linear-ord2-s2/linear_softmax,2,1,val,0.8652466609215969,0.8260378307195768,0.8456422458205868
linear-ord2-s2/linear_softmax,2,1,test,0.9109861475883456,0.7437575036399604,0.827371825614153
linear-ord2-s2/linear_softmax,2,2,train,0.8969308712930297,0.8604382452182292,0.8786845582556295
linear-ord2-s2/linear_softmax,2,2,val,0.8506808201062359,0.7978349044863455,0.8242578622962907
linear-ord2-s2/linear_softmax,2,2,test,0.864793082955284,0.8057185217786474,0.8352558023669657
linear-ord2-s2/linear_softmax,2,3,train,0.9089096945780871,0.8595074764252779,0.8842085855016826
linear-ord2-s2/linear_softmax,2,3,val,0.845975936088315,0.895797224672301,0.8708865803803081
linear-ord2-s2/linear_softmax,2,3,test,0.8573305846774355,0.7921574021754476,0.8247439934264416
linear-ord2-s2/linear_softmax,2,4,train,0.8880178449334557,0.8166575433640975,0.8523376941487766
linear-ord2-s2/linear_softmax,2,4,val,0.8417655317737646,0.6733616360030459,0.7575635838884052
linear-ord2-s2/linear_softmax,2,4,test,0.8356422843186125,0.8250990681058348,0.8303706762122236
linear-ord2-s2/linear_softmax,3,0,train,0.8926189370103534,0.901141465145088,0.8968802010777207
linear-ord2-s2/linear_softmax,3,0,val,0.912221911019592,0.8290764092662068,0.8706491601428994
linear-ord2-s2/linear_softmax,3,0,test,0.8375730147369557,0.7361438347790334,0.7868584247579946
linear-ord2-s2/linear_softmax,3,1,train,0.8613529232269609,0.7967662610787064,0.8290595921528336
linear-ord2-s2/linear_softmax,3,1,val,0.8569561436774257,0.8065465241622487,0.8317513339198372
linear-ord2-s2/linear_softmax,3,1,test,0.9055591914985882,0.6233416519174744,0.7644504217080312
linear-ord2-s2/linear_softmax,3,2,train,0.902130652807295,0.8687208617011545,0.8854257572542248
linear-ord2-s2/linear_softmax,3,2,val,0.8548465843900236,0.7695272585578767,0.8121869214739501
linear-ord2-s2/linear_softmax,3,2,test,0.8508236265699756,0.799831561535513,0.8253275940527443
linear-ord2-s2/linear_softmax,3,3,train,0.9047885898880296,0.8533886047147081,0.8790885973013689
linear-ord2-s2/linear_softmax,3,3,val,0.8433664884351277,0.9018957413596775,0.8726311148974026
linear-ord2-s2/linear_softmax,3,3,test,0.8553716685972794,0.7678842160920318,0.8116279423446556
linear-ord2-s2/linear_softmax,3,4,train,0.8763956743559285,0.8924098830894348,0.8844027787226816
linear-ord2-s2/linear_softmax,3,4,val,0.8352593586519611,0.7428634899082962,0.7890614242801286
linear-ord2-s2/linear_softmax,3,4,test,0.8219366768670174,0.9057460840263994,0.8638413804467084
linear-ord2-s2/linear_softmax,4,0,train,0.8735260778022944,0.8626722900812024,0.8680991839417485
linear-ord2-s2/linear_softmax,4,0,val,0.9045769570331516,0.8042349356807202,0.8544059463569359
linear-ord2-s2/linear_softmax,4,0,test,0.833936946633504,0.6843345429956375,0.7591357448145708
linear-ord2-s2/linear_softmax,4,1,train,0.8811103802086393,0.8715795012678824,0.8763449407382609
linear-ord2-s2/linear_softmax,4,1,val,0.8571060404093385,0.8554422219037379,0.8562741311565382
linear-ord2-s2/linear_softmax,4,1,test,0.9167971322276649,0.8217538432202258,0.8692754877239454
linear-ord2-s2/linear_softmax,4,2,train,0.9029062769547096,0.8797983076092867,0.8913522922819981
linear-ord2-s2/linear_softmax,4,2,val,0.8535031022921147,0.7882273108645915,0.820865206578353
linear-ord2-s2/linear_softmax,4,2,test,0.8535853875157123,0.8108075447346051,0.8321964661251587
linear-ord2-s2/linear_softmax,4,3,train,0.8967179585515147,0.8360953096760755,0.866406634113795
linear-ord2-s2/linear_softmax,4,3,val,0.852851555795108,0.8873809384946776,0.8701162471448928
linear-ord2-s2/linear_softmax,4,3,test,0.8422771588844252,0.7795200088525003,0.8108985838684628
linear-ord2-s2/linear_softmax,4,4,train,0.8854876282388023,0.8643616790957744,0.8749246536672883
linear-ord2-s2/linear_softmax,4,4,val,0.8391556544379987,0.7094009261755484,0.7742782903067735
linear-ord2-s2/linear_softmax,4,4,test,0.8428092905522243,0.8747187574104865,0.8587640239813554
linear-bin-s2/attention,0,0,train,0.8818847174369435,0.9106628273140864,0.896273772375515
linear-bin-s2/attention,0,0,val,0.8891425792898132,0.8224250531197588,0.8557838162047859
linear-bin-s2/attention,0,0,test,0.8336864504176866,0.745296510349493,0.7894914803835897
linear-bin-s2/attention,0,1,train,0.9029985343146347,0.9128209772229059,0.9079097557687703
linear-bin-s2/attention,0,1,val,0.8700679268534539,0.8848787163728012,0.8774733216131276
linear-bin-s2/attention,0,1,test,0.876239269969682,0.8158232972613781,0.8460312836155301
linear-bin-s2/attention,0,2,train,0.9125278971502756,0.8666480496080414,0.8895879733791585
linear-bin-s2/attention,0,2,val,0.8484530219378227,0.8319186297972757,0.8401858258675492
linear-bin-s2/attention,0,2,test,0.8559797278743039,0.8566069020148246,0.8562933149445642
linear-bin-s2/attention,0,3,train,0.9065027107206122,0.8607230952287778,0.883612902974695
linear-bin-s2/attention,0,3,val,0.8348086985159319,0.9055852894154496,0.8701969939656907
linear-bin-s2/attention,0,3,test,0.8302499747776848,0.8625102307729829,0.8463801027753339
linear-bin-s2/attention,0,4,train,0.9306525765399607,0.923428891810636,0.9270407341752984
linear-bin-s2/attention,0,4,val,0.8558756838802715,0.7503053304522764,0.803090507166274
linear-bin-s2/attention,0,4,test,0.8143420201207258,0.886503760541239,0.8504228903309824
linear-bin-s2/attention,1,0,train,0.931788323270616,0.9551880492873032,0.9434881862789596
linear-bin-s2/attention,1,0,val,0.8870873713197835,0.8552583839931405,0.871172877656462
linear-bin-s2/attention,1,0,test,0.8475229980690463,0.6815840683283741,0.7645535331987102
linear-bin-s2/attention,1,1,train,0.9173342983086672,0.9290467481558884,0.9231905232322778
linear-bin-s2/attention,1,1,val,0.8557904945589769,0.8458091739114647,0.8507998342352208
linear-bin-s2/attention,1,1,test,0.9023442584564774,0.798990307626711,0.8506672830415942
linear-bin-s2/attention,1,2,train,0.9137100059853548,0.8716703701177695,0.8926901880515621
linear-bin-s2/attention,1,2,val,0.8651101873854214,0.8360732135369283,0.8505917004611749
linear-bin-s2/attention,1,2,test,0.8757140097220554,0.8492304101522159,0.8624722099371356
linear-bin-s2/attention,1,3,train,0.9390547217649388,0.8942553206541585,0.9166550212095486
linear-bin-s2/attention,1,3,val,0.8443604221803446,0.8625253650592891,0.8534428936198168
linear-bin-s2/attention,1,3,test,0.8280667050291312,0.841927992526034,0.8349973487775826
linear-bin-s2/attention,1,4,train,0.991478139373665,0.9887353696592937,0.9901067545164793
linear-bin-s2/attention,1,4,val,0.8420024827753697,0.7475395901463007,0.7947710364608351
linear-bin-s2/attention,1,4,test,0.8228172345974987,0.8423302124060787,0.8325737235017887
linear-bin-s2/attention,2,0,train,0.9801926653452858,0.9734494647638814,0.9768210650545837
linear-bin-s2/attention,2,0,val,0.9107836008590369,0.8136758005465904,0.8622297007028137
linear-bin-s2/attention,2,0,test,0.8114458667143228,0.6821521748075905,0.7467990207609567
linear-bin-s2/attention,2,1,train,0.961807476175228,0.9517578988770664,0.9567826875261471
linear-bin-s2/attention,2,1,val,0.8801094848996153,0.8629242107563722,0.8715168478279938
linear-bin-s2/attention,2,1,test,0.882890521110606,0.7438558740108542,0.8133731975607301
linear-bin-s2/attention,2,2,train,0.903329268973889,0.8704659272311377,0.8868975981025133
linear-bin-s2/attention,2,2,val,0.8483410215037397,0.7909841977020784,0.819662609602909
linear-bin-s2/attention,2,2,test,0.8513062751263695,0.8551084636179909,0.8532073693721802
linear-bin-s2/attention,2,3,train,0.9365646277492028,0.9029744904149958,0.9197695590820993
linear-bin-s2/attention,2,3,val,0.8363846624649012,0.883626814703996,0.8600057385844486
linear-bin-s2/attention,2,3,test,0.8064646067720773,0.8250593139861402,0.8157619603791088
linear-bin-s2/attention,2,4,train,0.9651271569473829,0.9637169584615973,0.9644220577044902
linear-bin-s2/attention,2,4,val,0.8535055573131828,0.7024422265974163,0.7779738919552995
linear-bin-s2/attention,2,4,test,0.8343685838847106,0.8387830373577682,0.8365758106212393
linear-bin-s2/attention,3,0,train,0.8911570730380155,0.9146737300099667,0.9029154015239911
linear-bin-s2/attention,3,0,val,0.8696237946612028,0.8586608280497222,0.8641423113554625
linear-bin-s2/attention,3,0,test,0.8015594583925316,0.734589818209049,0.7680746383007904
linear-bin-s2/attention,3,1,train,0.9113216367845371,0.9328168175040162,0.9220692271442767
linear-bin-s2/attention,3,1,val,0.8705424105188541,0.8593236187461241,0.8649330146324891
linear-bin-s2/attention,3,1,test,0.8702447195208608,0.7453618380279414,0.8078032787744012
linear-bin-s2/attention,3,2,train,0.9213801698602345,0.91549848220397,0.9184393260321022
linear-bin-s2/attention,3,2,val,0.7982972496539237,0.8538505103321125,0.8260738799930181
linear-bin-s2/attention,3,2,test,0.8207308608784543,0.8842116596171802,0.8524712602478173
linear-bin-s2/attention,3,3,train,0.9552456052208798,0.9481399585343903,0.9516927818776351
linear-bin-s2/attention,3,3,val,0.8194469049100007,0.8930824450387012,0.856264674974351
linear-bin-s2/attention,3,3,test,0.7753942288209008,0.8603950572492699,0.8178946430350853
linear-bin-s2/attention,3,4,train,0.9555407667910276,0.947287920054443,0.9514143434227353
linear-bin-s2/attention,3,4,val,0.8576606571762668,0.7154167641654089,0.7865387106708379
linear-bin-s2/attention,3,4,test,0.8284063701521681,0.8761392600088724,0.8522728150805203
linear-bin-s2/attention,4,0,train,0.9569205634930158,0.9840065734202197,0.9704635684566177
linear-bin-s2/attention,4,0,val,0.8837335659273521,0.8100951934727997,0.8469143797000759
linear-bin-s2/attention,4,0,test,0.8249642945835628,0.727686955537089,0.7763256250603259
linear-bin-s2/attention,4,1,train,0.9734242620037188,0.9770004827481087,0.9752123723759137
linear-bin-s2/attention,4,1,val,0.8803166315281039,0.8507190476828455,0.8655178396054747
linear-bin-s2/attention,4,1,test,0.8807873725774931,0.7492403263607675,0.8150138494691304
linear-bin-s2/attention,4,2,train,0.9759751819073832,0.9620980121051521,0.9690365970062677
linear-bin-s2/attention,4,2,val,0.82468484958913,0.8261439524910321,0.825414401040081
linear-bin-s2/attention,4,2,test,0.8650552043268157,0.8046990071586646,0.8348771057427402
linear-bin-s2/attention,4,3,train,0.9349069563542605,0.9195212507915762,0.9272141035729183
linear-bin-s2/attention,4,3,val,0.8464229423503327,0.9045286750431512,0.8754758086967419
linear-bin-s2/attention,4,3,test,0.8182590554040973,0.8180887819958284,0.8181739186999628
linear-bin-s2/attention,4,4,train,0.8970472811376592,0.9100043728131318,0.9035258269753955
linear-bin-s2/attention,4,4,val,0.8318153623523408,0.7443598417078685,0.7880876020301046
linear-bin-s2/attention,4,4,test,0.809476912625378,0.9004604154033161,0.854968664014347
mlp256-bin-s2/linear_softmax,0,0,train,0.8623462339586226,0.9101819318831633,0.886264082920893
mlp256-bin-s2/linear_softmax,0,0,val,0.9008419684548634,0.7767093880534628,0.8387756782541631
mlp256-bin-s2/linear_softmax,0,0,test,0.8315920663526479,0.6797674046299338,0.7556797354912909
mlp256-bin-s2/linear_softmax,0,1,train,0.8654334499804394,0.8818285781990194,0.8736310140897294
mlp256-bin-s2/linear_softmax,0,1,val,0.846648174299861,0.8523734714891529,0.849510822894507
mlp256-bin-s2/linear_softmax,0,1,test,0.8952291858374002,0.759975194094118,0.8276021899657591
mlp256-bin-s2/linear_softmax,0,2,train,0.9438273767851588,0.936780829555528,0.9403041031703434
mlp256-bin-s2/linear_softmax,0,2,val,0.7589039649716764,0.8005263964542934,0.779715180712985
mlp256-bin-s2/linear_softmax,0,2,test,0.8488080433404079,0.8355313510689443,0.8421696972046762
mlp256-bin-s2/linear_softmax,0,3,train,0.8807108795478052,0.8302452093703879,0.8554780444590966
mlp256-bin-s2/linear_softmax,0,3,val,0.7455314732669605,0.9184583387937103,0.8319949060303353
mlp256-bin-s2/linear_softmax,0,3,test,0.8135324711635904,0.7994855756459425,0.8065090234047665
mlp256-bin-s2/linear_softmax,0,4,train,0.8689740954025827,0.8554916685793663,0.8622328819909746
mlp256-bin-s2/linear_softmax,0,4,val,0.8328782170525979,0.6624340830390223,0.7476561500458101
mlp256-bin-s2/linear_softmax,0,4,test,0.7056218337123246,0.87684907884228,0.7912354562773023
mlp256-bin-s2/linear_softmax,1,0,train,0.8692759367032497,0.8766148200758586,0.8729453783895541
mlp256-bin-s2/linear_softmax,1,0,val,0.8932834728532767,0.7781680054630147,0.8357257391581456
mlp256-bin-s2/linear_softmax,1,0,test,0.8533349818294806,0.6571393030726437,0.7552371424510622
mlp256-bin-s2/linear_softmax,1,1,train,0.9133871363352661,0.9459053628108566,0.9296462495730613
mlp256-bin-s2/linear_softmax,1,1,val,0.8565938266785709,0.8783150100536513,0.867454418366111
mlp256-bin-s2/linear_softmax,1,1,test,0.900932218263748,0.7388545798574572,0.8198933990606025
mlp256-bin-s2/linear_softmax,1,2,train,0.8755634273388144,0.8338353146730142,0.8546993710059143
mlp256-bin-s2/linear_softmax,1,2,val,0.8054157409375577,0.753991818775047,0.7797037798563023
mlp256-bin-s2/linear_softmax,1,2,test,0.8347306299368111,0.8469628555401262,0.8408467427384687
mlp256-bin-s2/linear_softmax,1,3,train,0.8679363367231627,0.825707188971482,0.8468217628473224
mlp256-bin-s2/linear_softmax,1,3,val,0.7424769200872998,0.926575933802367,0.8345264269448334
mlp256-bin-s2/linear_softmax,1,3,test,0.7762927792242654,0.8051979560072754,0.7907453676157704
mlp256-bin-s2/linear_softmax,1,4,train,0.867328474398033,0.8212826996077625,0.8443055870028977
mlp256-bin-s2/linear_softmax,1,4,val,0.8213870918997338,0.6804756408386706,0.7509313663692022
mlp256-bin-s2/linear_softmax,1,4,test,0.758221649123755,0.862929577988829,0.810575613556292
mlp256-bin-s2/linear_softmax,2,0,train,0.8566904603826676,0.8706557184462288,0.8636730894144482
mlp256-bin-s2/linear_softmax,2,0,val,0.8851624085937866,0.7693314939745507,0.8272469512841687
mlp256-bin-s2/linear_softmax,2,0,test,0.8529137574593904,0.6566017231785154,0.7547577403189529
mlp256-bin-s2/linear_softmax,2,1,train,0.8673207067806165,0.8302523522592365,0.8487865295199265
mlp256-bin-s2/linear_softmax,2,1,val,0.839898045001844,0.8657879590647003,0.8528430020332721
mlp256-bin-s2/linear_softmax,2,1,test,0.9101361306643331,0.7977232983978141,0.8539297145310736
mlp256-bin-s2/linear_softmax,2,2,train,0.8536708936091926,0.8433598062952724,0.8485153499522324
mlp256-bin-s2/linear_softmax,2,2,val,0.790947721053275,0.7460344758042922,0.7684910984287836
mlp256-bin-s2/linear_softmax,2,2,test,0.8623122287479766,0.8129788294614585,0.8376455291047176
mlp256-bin-s2/linear_softmax,2,3,train,0.8785724161788188,0.8324529998564261,0.8555127080176224
mlp256-bin-s2/linear_softmax,2,3,val,0.7683995828691936,0.9179167330377085,0.8431581579534511
mlp256-bin-s2/linear_softmax,2,3,test,0.7682371999668106,0.7627771945443917,0.7655071972556011
mlp256-bin-s2/linear_softmax,2,4,train,0.9079985600272473,0.8907529260810497,0.8993757430541485
mlp256-bin-s2/linear_softmax,2,4,val,0.8274611518702759,0.6670741410939344,0.7472676464821051
mlp256-bin-s2/linear_softmax,2,4,test,0.6809416480532874,0.8995599074703419,0.7902507777618146
mlp256-bin-s2/linear_softmax,3,0,train,0.8646280659876243,0.9082178434458192,0.8864229547167217
mlp256-bin-s2/linear_softmax,3,0,val,0.8823125624642084,0.7909579778107793,0.8366352701374938
mlp256-bin-s2/linear_softmax,3,0,test,0.8120806955504638,0.7004394327147606,0.7562600641326123
mlp256-bin-s2/linear_softmax,3,1,train,0.8605391820963912,0.9047922457315891,0.8826657139139902
mlp256-bin-s2/linear_softmax,3,1,val,0.8310277441580924,0.8799653484374496,0.855496546297771
mlp256-bin-s2/linear_softmax,3,1,test,0.9096785829459899,0.7559082339021435,0.8327934084240667
mlp256-bin-s2/linear_softmax,3,2,train,0.8629596977096472,0.8537583662996304,0.8583590320046388
mlp256-bin-s2/linear_softmax,3,2,val,0.7910935447047269,0.7966929233064421,0.7938932340055845
mlp256-bin-s2/linear_softmax,3,2,test,0.8468925920896981,0.8517083786302119,0.8493004853599551
mlp256-bin-s2/linear_softmax,3,3,train,0.9297695052268435,0.9154098656804477,0.9225896854536456
mlp256-bin-s2/linear_softmax,3,3,val,0.7125487146776925,0.9172508167369949,0.8148997657073438
mlp256-bin-s2/linear_softmax,3,3,test,0.7669993582415833,0.7023180007618993,0.7346586795017414
mlp256-bin-s2/linear_softmax,3,4,train,0.8696050571320918,0.8703476953576827,0.8699763762448873
mlp256-bin-s2/linear_softmax,3,4,val,0.8529658798277142,0.670525947458903,0.7617459136433087
mlp256-bin-s2/linear_softmax,3,4,test,0.6700775686588777,0.9221653440596265,0.796121456359252
mlp256-bin-s2/linear_softmax,4,0,train,0.8740435564235765,0.8920936344376431,0.8830685954306098
mlp256-bin-s2/linear_softmax,4,0,val,0.8887088190053123,0.7606294278817017,0.8246691234435071
mlp256-bin-s2/linear_softmax,4,0,test,0.8163701187117174,0.6606598140655738,0.7385149663886457
mlp256-bin-s2/linear_softmax,4,1,train,0.8916793221279413,0.8839717451901438,0.8878255336590426
mlp256-bin-s2/linear_softmax,4,1,val,0.8700077666849736,0.8796543878463019,0.8748310772656378
mlp256-bin-s2/linear_softmax,4,1,test,0.9007761434093718,0.7551813472368858,0.8279787453231289
mlp256-bin-s2/linear_softmax,4,2,train,0.8215076356615606,0.8305222211445344,0.8260149284030476
mlp256-bin-s2/linear_softmax,4,2,val,0.7955486107930817,0.7888414912834549,0.7921950510382683
mlp256-bin-s2/linear_softmax,4,2,test,0.8307520445237307,0.8640593901132183,0.8474057173184746
mlp256-bin-s2/linear_softmax,4,3,train,0.8801691172057593,0.7927223137921411,0.8364457154989502
mlp256-bin-s2/linear_softmax,4,3,val,0.7463716117133811,0.9087493598092526,0.8275604857613168
mlp256-bin-s2/linear_softmax,4,3,test,0.7581345127682121,0.7101192695828619,0.734126891175537
mlp256-bin-s2/linear_softmax,4,4,train,0.8845431298945644,0.860359202810178,0.8724511663523712
mlp256-bin-s2/linear_softmax,4,4,val,0.8445248891760837,0.6619425113135364,0.7532337002448101
mlp256-bin-s2/linear_softmax,4,4,test,0.7540760482586849,0.900254795740642,0.8271654219996635
